#x,y,kappa
0.0,0.0,-6.0
0.0,2.0E-6,-6.0
0.0,4.0E-6,-6.0
0.0,6.0E-6,-6.0
0.0,8.0E-6,-6.0
0.0,9.999999999999999E-6,-6.0
0.0,1.2E-5,-6.0
0.0,1.4E-5,-6.0
0.0,1.6E-5,-6.0
0.0,1.8E-5,-6.0
0.0,1.9999999999999998E-5,-6.0
0.0,2.2E-5,-6.0
0.0,2.4E-5,-6.0
0.0,2.6E-5,-6.0
0.0,2.8E-5,-6.0
0.0,2.9999999999999997E-5,-6.0
0.0,3.2E-5,-6.0
0.0,3.4E-5,-6.0
0.0,3.6E-5,-6.0
0.0,3.7999999999999995E-5,-6.0
0.0,3.9999999999999996E-5,-6.0
0.0,4.2E-5,-6.0
0.0,4.4E-5,-6.0
0.0,4.6E-5,-6.0
0.0,4.8E-5,-6.0
0.0,4.9999999999999996E-5,-6.0
0.0,5.2E-5,-6.0
0.0,5.4E-5,-6.0
0.0,5.6E-5,-6.0
0.0,5.8E-5,-6.0
0.0,5.9999999999999995E-5,-6.0
0.0,6.2E-5,-6.0
0.0,6.4E-5,-6.0
0.0,6.599999999999999E-5,-6.0
0.0,6.8E-5,-6.0
0.0,7.0E-5,-6.0
0.0,7.2E-5,-6.0
0.0,7.4E-5,-6.0
0.0,7.599999999999999E-5,-6.0
0.0,7.8E-5,-6.0
0.0,7.999999999999999E-5,-6.0
0.0,8.2E-5,-6.0
0.0,8.4E-5,-6.0
0.0,8.599999999999999E-5,-6.0
0.0,8.8E-5,-6.0
0.0,8.999999999999999E-5,-6.0
0.0,9.2E-5,-6.0
0.0,9.4E-5,-6.0
0.0,9.6E-5,-6.0
0.0,9.8E-5,-6.0
0.0,9.999999999999999E-5,-6.0
0.0,1.02E-4,-6.0
0.0,1.04E-4,-6.0
0.0,1.06E-4,-6.0
0.0,1.08E-4,-6.0
0.0,1.0999999999999999E-4,-6.0
0.0,1.12E-4,-6.0
0.0,1.1399999999999999E-4,-6.0
0.0,1.16E-4,-6.0
0.0,1.18E-4,-6.0
0.0,1.1999999999999999E-4,-6.0
0.0,1.22E-4,-6.0
0.0,1.24E-4,-6.0
0.0,1.26E-4,-6.0
0.0,1.28E-4,-6.0
0.0,1.3E-4,-6.0
0.0,1.3199999999999998E-4,-6.0
0.0,1.34E-4,-6.0
0.0,1.36E-4,-6.0
0.0,1.38E-4,-6.0
0.0,1.4E-4,-6.0
0.0,1.4199999999999998E-4,-6.0
0.0,1.44E-4,-6.0
0.0,1.46E-4,-6.0
0.0,1.48E-4,-6.0
0.0,1.5E-4,-6.0
0.0,1.5199999999999998E-4,-6.0
0.0,1.54E-4,-6.0
0.0,1.56E-4,-6.0
0.0,1.58E-4,-6.0
0.0,1.5999999999999999E-4,-6.0
0.0,1.6199999999999998E-4,-6.0
0.0,1.64E-4,-6.0
0.0,1.66E-4,-6.0
0.0,1.68E-4,-6.0
0.0,1.6999999999999999E-4,-6.0
0.0,1.7199999999999998E-4,-6.0
0.0,1.74E-4,-6.0
0.0,1.76E-4,-6.0
0.0,1.78E-4,-6.0
2.0E-6,0.0,-6.0
2.0E-6,2.0E-6,-6.0
2.0E-6,4.0E-6,-6.0
2.0E-6,6.0E-6,-6.0
2.0E-6,8.0E-6,-6.0
2.0E-6,9.999999999999999E-6,-6.0
2.0E-6,1.2E-5,-6.0
2.0E-6,1.4E-5,-6.0
2.0E-6,1.6E-5,-6.0
2.0E-6,1.8E-5,-6.0
2.0E-6,1.9999999999999998E-5,-6.0
2.0E-6,2.2E-5,-6.0
2.0E-6,2.4E-5,-6.0
2.0E-6,2.6E-5,-6.0
2.0E-6,2.8E-5,-6.0
2.0E-6,2.9999999999999997E-5,-6.0
2.0E-6,3.2E-5,-6.0
2.0E-6,3.4E-5,-6.0
2.0E-6,3.6E-5,-6.0
2.0E-6,3.7999999999999995E-5,-6.0
2.0E-6,3.9999999999999996E-5,-6.0
2.0E-6,4.2E-5,-6.0
2.0E-6,4.4E-5,-6.0
2.0E-6,4.6E-5,-6.0
2.0E-6,4.8E-5,-6.0
2.0E-6,4.9999999999999996E-5,-6.0
2.0E-6,5.2E-5,-6.0
2.0E-6,5.4E-5,-6.0
2.0E-6,5.6E-5,-6.0
2.0E-6,5.8E-5,-6.0
2.0E-6,5.9999999999999995E-5,-6.0
2.0E-6,6.2E-5,-6.0
2.0E-6,6.4E-5,-6.0
2.0E-6,6.599999999999999E-5,-6.0
2.0E-6,6.8E-5,-6.0
2.0E-6,7.0E-5,-6.0
2.0E-6,7.2E-5,-6.0
2.0E-6,7.4E-5,-6.0
2.0E-6,7.599999999999999E-5,-6.0
2.0E-6,7.8E-5,-6.0
2.0E-6,7.999999999999999E-5,-6.0
2.0E-6,8.2E-5,-6.0
2.0E-6,8.4E-5,-6.0
2.0E-6,8.599999999999999E-5,-6.0
2.0E-6,8.8E-5,-6.0
2.0E-6,8.999999999999999E-5,-6.0
2.0E-6,9.2E-5,-6.0
2.0E-6,9.4E-5,-6.0
2.0E-6,9.6E-5,-6.0
2.0E-6,9.8E-5,-6.0
2.0E-6,9.999999999999999E-5,-6.0
2.0E-6,1.02E-4,-6.0
2.0E-6,1.04E-4,-6.0
2.0E-6,1.06E-4,-6.0
2.0E-6,1.08E-4,-6.0
2.0E-6,1.0999999999999999E-4,-6.0
2.0E-6,1.12E-4,-6.0
2.0E-6,1.1399999999999999E-4,-6.0
2.0E-6,1.16E-4,-6.0
2.0E-6,1.18E-4,-6.0
2.0E-6,1.1999999999999999E-4,-6.0
2.0E-6,1.22E-4,-6.0
2.0E-6,1.24E-4,-6.0
2.0E-6,1.26E-4,-6.0
2.0E-6,1.28E-4,-6.0
2.0E-6,1.3E-4,-6.0
2.0E-6,1.3199999999999998E-4,-6.0
2.0E-6,1.34E-4,-6.0
2.0E-6,1.36E-4,-6.0
2.0E-6,1.38E-4,-6.0
2.0E-6,1.4E-4,-6.0
2.0E-6,1.4199999999999998E-4,-6.0
2.0E-6,1.44E-4,-6.0
2.0E-6,1.46E-4,-6.0
2.0E-6,1.48E-4,-6.0
2.0E-6,1.5E-4,-6.0
2.0E-6,1.5199999999999998E-4,-6.0
2.0E-6,1.54E-4,-6.0
2.0E-6,1.56E-4,-6.0
2.0E-6,1.58E-4,-6.0
2.0E-6,1.5999999999999999E-4,-6.0
2.0E-6,1.6199999999999998E-4,-6.0
2.0E-6,1.64E-4,-6.0
2.0E-6,1.66E-4,-6.0
2.0E-6,1.68E-4,-6.0
2.0E-6,1.6999999999999999E-4,-6.0
2.0E-6,1.7199999999999998E-4,-6.0
2.0E-6,1.74E-4,-6.0
2.0E-6,1.76E-4,-6.0
2.0E-6,1.78E-4,-6.0
4.0E-6,0.0,-6.0
4.0E-6,2.0E-6,-6.0
4.0E-6,4.0E-6,-6.0
4.0E-6,6.0E-6,-6.0
4.0E-6,8.0E-6,-6.0
4.0E-6,9.999999999999999E-6,-6.0
4.0E-6,1.2E-5,-6.0
4.0E-6,1.4E-5,-6.0
4.0E-6,1.6E-5,-6.0
4.0E-6,1.8E-5,-6.0
4.0E-6,1.9999999999999998E-5,-6.0
4.0E-6,2.2E-5,-6.0
4.0E-6,2.4E-5,-6.0
4.0E-6,2.6E-5,-6.0
4.0E-6,2.8E-5,-6.0
4.0E-6,2.9999999999999997E-5,-6.0
4.0E-6,3.2E-5,-6.0
4.0E-6,3.4E-5,-6.0
4.0E-6,3.6E-5,-6.0
4.0E-6,3.7999999999999995E-5,-6.0
4.0E-6,3.9999999999999996E-5,-6.0
4.0E-6,4.2E-5,-6.0
4.0E-6,4.4E-5,-6.0
4.0E-6,4.6E-5,-6.0
4.0E-6,4.8E-5,-6.0
4.0E-6,4.9999999999999996E-5,-6.0
4.0E-6,5.2E-5,-6.0
4.0E-6,5.4E-5,-6.0
4.0E-6,5.6E-5,-6.0
4.0E-6,5.8E-5,-6.0
4.0E-6,5.9999999999999995E-5,-6.0
4.0E-6,6.2E-5,-6.0
4.0E-6,6.4E-5,-6.0
4.0E-6,6.599999999999999E-5,-6.0
4.0E-6,6.8E-5,-6.0
4.0E-6,7.0E-5,-6.0
4.0E-6,7.2E-5,-6.0
4.0E-6,7.4E-5,-6.0
4.0E-6,7.599999999999999E-5,-6.0
4.0E-6,7.8E-5,-6.0
4.0E-6,7.999999999999999E-5,-6.0
4.0E-6,8.2E-5,-6.0
4.0E-6,8.4E-5,-6.0
4.0E-6,8.599999999999999E-5,-6.0
4.0E-6,8.8E-5,-6.0
4.0E-6,8.999999999999999E-5,-6.0
4.0E-6,9.2E-5,-6.0
4.0E-6,9.4E-5,-6.0
4.0E-6,9.6E-5,-6.0
4.0E-6,9.8E-5,-6.0
4.0E-6,9.999999999999999E-5,-6.0
4.0E-6,1.02E-4,-6.0
4.0E-6,1.04E-4,-6.0
4.0E-6,1.06E-4,-6.0
4.0E-6,1.08E-4,-6.0
4.0E-6,1.0999999999999999E-4,-6.0
4.0E-6,1.12E-4,-6.0
4.0E-6,1.1399999999999999E-4,-6.0
4.0E-6,1.16E-4,-6.0
4.0E-6,1.18E-4,-6.0
4.0E-6,1.1999999999999999E-4,-6.0
4.0E-6,1.22E-4,-6.0
4.0E-6,1.24E-4,-6.0
4.0E-6,1.26E-4,-6.0
4.0E-6,1.28E-4,-6.0
4.0E-6,1.3E-4,-6.0
4.0E-6,1.3199999999999998E-4,-6.0
4.0E-6,1.34E-4,-6.0
4.0E-6,1.36E-4,-6.0
4.0E-6,1.38E-4,-6.0
4.0E-6,1.4E-4,-6.0
4.0E-6,1.4199999999999998E-4,-6.0
4.0E-6,1.44E-4,-6.0
4.0E-6,1.46E-4,-6.0
4.0E-6,1.48E-4,-6.0
4.0E-6,1.5E-4,-6.0
4.0E-6,1.5199999999999998E-4,-6.0
4.0E-6,1.54E-4,-6.0
4.0E-6,1.56E-4,-6.0
4.0E-6,1.58E-4,-6.0
4.0E-6,1.5999999999999999E-4,-6.0
4.0E-6,1.6199999999999998E-4,-6.0
4.0E-6,1.64E-4,-6.0
4.0E-6,1.66E-4,-6.0
4.0E-6,1.68E-4,-6.0
4.0E-6,1.6999999999999999E-4,-6.0
4.0E-6,1.7199999999999998E-4,-6.0
4.0E-6,1.74E-4,-6.0
4.0E-6,1.76E-4,-6.0
4.0E-6,1.78E-4,-6.0
6.0E-6,0.0,-6.0
6.0E-6,2.0E-6,-6.0
6.0E-6,4.0E-6,-6.0
6.0E-6,6.0E-6,-6.0
6.0E-6,8.0E-6,-6.0
6.0E-6,9.999999999999999E-6,-6.0
6.0E-6,1.2E-5,-6.0
6.0E-6,1.4E-5,-6.0
6.0E-6,1.6E-5,-6.0
6.0E-6,1.8E-5,-6.0
6.0E-6,1.9999999999999998E-5,-6.0
6.0E-6,2.2E-5,-6.0
6.0E-6,2.4E-5,-6.0
6.0E-6,2.6E-5,-6.0
6.0E-6,2.8E-5,-6.0
6.0E-6,2.9999999999999997E-5,-6.0
6.0E-6,3.2E-5,-6.0
6.0E-6,3.4E-5,-6.0
6.0E-6,3.6E-5,-6.0
6.0E-6,3.7999999999999995E-5,-6.0
6.0E-6,3.9999999999999996E-5,-6.0
6.0E-6,4.2E-5,-6.0
6.0E-6,4.4E-5,-6.0
6.0E-6,4.6E-5,-6.0
6.0E-6,4.8E-5,-6.0
6.0E-6,4.9999999999999996E-5,-6.0
6.0E-6,5.2E-5,-6.0
6.0E-6,5.4E-5,-6.0
6.0E-6,5.6E-5,-6.0
6.0E-6,5.8E-5,-6.0
6.0E-6,5.9999999999999995E-5,-6.0
6.0E-6,6.2E-5,-6.0
6.0E-6,6.4E-5,-6.0
6.0E-6,6.599999999999999E-5,-6.0
6.0E-6,6.8E-5,-6.0
6.0E-6,7.0E-5,-6.0
6.0E-6,7.2E-5,-6.0
6.0E-6,7.4E-5,-6.0
6.0E-6,7.599999999999999E-5,-6.0
6.0E-6,7.8E-5,-6.0
6.0E-6,7.999999999999999E-5,-6.0
6.0E-6,8.2E-5,-6.0
6.0E-6,8.4E-5,-6.0
6.0E-6,8.599999999999999E-5,-6.0
6.0E-6,8.8E-5,-6.0
6.0E-6,8.999999999999999E-5,-6.0
6.0E-6,9.2E-5,-6.0
6.0E-6,9.4E-5,-6.0
6.0E-6,9.6E-5,-6.0
6.0E-6,9.8E-5,-6.0
6.0E-6,9.999999999999999E-5,-6.0
6.0E-6,1.02E-4,-6.0
6.0E-6,1.04E-4,-6.0
6.0E-6,1.06E-4,-6.0
6.0E-6,1.08E-4,-6.0
6.0E-6,1.0999999999999999E-4,-6.0
6.0E-6,1.12E-4,-6.0
6.0E-6,1.1399999999999999E-4,-6.0
6.0E-6,1.16E-4,-6.0
6.0E-6,1.18E-4,-6.0
6.0E-6,1.1999999999999999E-4,-6.0
6.0E-6,1.22E-4,-6.0
6.0E-6,1.24E-4,-6.0
6.0E-6,1.26E-4,-6.0
6.0E-6,1.28E-4,-6.0
6.0E-6,1.3E-4,-6.0
6.0E-6,1.3199999999999998E-4,-6.0
6.0E-6,1.34E-4,-6.0
6.0E-6,1.36E-4,-6.0
6.0E-6,1.38E-4,-6.0
6.0E-6,1.4E-4,-6.0
6.0E-6,1.4199999999999998E-4,-6.0
6.0E-6,1.44E-4,-6.0
6.0E-6,1.46E-4,-6.0
6.0E-6,1.48E-4,-6.0
6.0E-6,1.5E-4,-6.0
6.0E-6,1.5199999999999998E-4,-6.0
6.0E-6,1.54E-4,-6.0
6.0E-6,1.56E-4,-6.0
6.0E-6,1.58E-4,-6.0
6.0E-6,1.5999999999999999E-4,-6.0
6.0E-6,1.6199999999999998E-4,-6.0
6.0E-6,1.64E-4,-6.0
6.0E-6,1.66E-4,-6.0
6.0E-6,1.68E-4,-6.0
6.0E-6,1.6999999999999999E-4,-6.0
6.0E-6,1.7199999999999998E-4,-6.0
6.0E-6,1.74E-4,-6.0
6.0E-6,1.76E-4,-6.0
6.0E-6,1.78E-4,-6.0
8.0E-6,0.0,-6.0
8.0E-6,2.0E-6,-6.0
8.0E-6,4.0E-6,-6.0
8.0E-6,6.0E-6,-6.0
8.0E-6,8.0E-6,-6.0
8.0E-6,9.999999999999999E-6,-6.0
8.0E-6,1.2E-5,-6.0
8.0E-6,1.4E-5,-6.0
8.0E-6,1.6E-5,-6.0
8.0E-6,1.8E-5,-6.0
8.0E-6,1.9999999999999998E-5,-6.0
8.0E-6,2.2E-5,-6.0
8.0E-6,2.4E-5,-6.0
8.0E-6,2.6E-5,-6.0
8.0E-6,2.8E-5,-6.0
8.0E-6,2.9999999999999997E-5,-6.0
8.0E-6,3.2E-5,-6.0
8.0E-6,3.4E-5,-6.0
8.0E-6,3.6E-5,-6.0
8.0E-6,3.7999999999999995E-5,-6.0
8.0E-6,3.9999999999999996E-5,-6.0
8.0E-6,4.2E-5,-6.0
8.0E-6,4.4E-5,-6.0
8.0E-6,4.6E-5,-6.0
8.0E-6,4.8E-5,-6.0
8.0E-6,4.9999999999999996E-5,-6.0
8.0E-6,5.2E-5,-6.0
8.0E-6,5.4E-5,-6.0
8.0E-6,5.6E-5,-6.0
8.0E-6,5.8E-5,-6.0
8.0E-6,5.9999999999999995E-5,-6.0
8.0E-6,6.2E-5,-6.0
8.0E-6,6.4E-5,-6.0
8.0E-6,6.599999999999999E-5,-6.0
8.0E-6,6.8E-5,-6.0
8.0E-6,7.0E-5,-6.0
8.0E-6,7.2E-5,-6.0
8.0E-6,7.4E-5,-6.0
8.0E-6,7.599999999999999E-5,-6.0
8.0E-6,7.8E-5,-6.0
8.0E-6,7.999999999999999E-5,-6.0
8.0E-6,8.2E-5,-6.0
8.0E-6,8.4E-5,-6.0
8.0E-6,8.599999999999999E-5,-6.0
8.0E-6,8.8E-5,-6.0
8.0E-6,8.999999999999999E-5,-6.0
8.0E-6,9.2E-5,-6.0
8.0E-6,9.4E-5,-6.0
8.0E-6,9.6E-5,-6.0
8.0E-6,9.8E-5,-6.0
8.0E-6,9.999999999999999E-5,-6.0
8.0E-6,1.02E-4,-6.0
8.0E-6,1.04E-4,-6.0
8.0E-6,1.06E-4,-6.0
8.0E-6,1.08E-4,-6.0
8.0E-6,1.0999999999999999E-4,-6.0
8.0E-6,1.12E-4,-6.0
8.0E-6,1.1399999999999999E-4,-6.0
8.0E-6,1.16E-4,-6.0
8.0E-6,1.18E-4,-6.0
8.0E-6,1.1999999999999999E-4,-6.0
8.0E-6,1.22E-4,-6.0
8.0E-6,1.24E-4,-6.0
8.0E-6,1.26E-4,-6.0
8.0E-6,1.28E-4,-6.0
8.0E-6,1.3E-4,-6.0
8.0E-6,1.3199999999999998E-4,-6.0
8.0E-6,1.34E-4,-6.0
8.0E-6,1.36E-4,-6.0
8.0E-6,1.38E-4,-6.0
8.0E-6,1.4E-4,-6.0
8.0E-6,1.4199999999999998E-4,-6.0
8.0E-6,1.44E-4,-6.0
8.0E-6,1.46E-4,-6.0
8.0E-6,1.48E-4,-6.0
8.0E-6,1.5E-4,-6.0
8.0E-6,1.5199999999999998E-4,-6.0
8.0E-6,1.54E-4,-6.0
8.0E-6,1.56E-4,-6.0
8.0E-6,1.58E-4,-6.0
8.0E-6,1.5999999999999999E-4,-6.0
8.0E-6,1.6199999999999998E-4,-6.0
8.0E-6,1.64E-4,-6.0
8.0E-6,1.66E-4,-6.0
8.0E-6,1.68E-4,-6.0
8.0E-6,1.6999999999999999E-4,-6.0
8.0E-6,1.7199999999999998E-4,-6.0
8.0E-6,1.74E-4,-6.0
8.0E-6,1.76E-4,-6.0
8.0E-6,1.78E-4,-6.0
9.999999999999999E-6,0.0,-6.0
9.999999999999999E-6,2.0E-6,-6.0
9.999999999999999E-6,4.0E-6,-6.0
9.999999999999999E-6,6.0E-6,-6.0
9.999999999999999E-6,8.0E-6,-6.0
9.999999999999999E-6,9.999999999999999E-6,-6.0
9.999999999999999E-6,1.2E-5,-6.0
9.999999999999999E-6,1.4E-5,-6.0
9.999999999999999E-6,1.6E-5,-6.0
9.999999999999999E-6,1.8E-5,-6.0
9.999999999999999E-6,1.9999999999999998E-5,-6.0
9.999999999999999E-6,2.2E-5,-6.0
9.999999999999999E-6,2.4E-5,-6.0
9.999999999999999E-6,2.6E-5,-6.0
9.999999999999999E-6,2.8E-5,-6.0
9.999999999999999E-6,2.9999999999999997E-5,-6.0
9.999999999999999E-6,3.2E-5,-6.0
9.999999999999999E-6,3.4E-5,-6.0
9.999999999999999E-6,3.6E-5,-6.0
9.999999999999999E-6,3.7999999999999995E-5,-6.0
9.999999999999999E-6,3.9999999999999996E-5,-6.0
9.999999999999999E-6,4.2E-5,-6.0
9.999999999999999E-6,4.4E-5,-6.0
9.999999999999999E-6,4.6E-5,-6.0
9.999999999999999E-6,4.8E-5,-6.0
9.999999999999999E-6,4.9999999999999996E-5,-6.0
9.999999999999999E-6,5.2E-5,-6.0
9.999999999999999E-6,5.4E-5,-6.0
9.999999999999999E-6,5.6E-5,-6.0
9.999999999999999E-6,5.8E-5,-6.0
9.999999999999999E-6,5.9999999999999995E-5,-6.0
9.999999999999999E-6,6.2E-5,-6.0
9.999999999999999E-6,6.4E-5,-6.0
9.999999999999999E-6,6.599999999999999E-5,-6.0
9.999999999999999E-6,6.8E-5,-6.0
9.999999999999999E-6,7.0E-5,-6.0
9.999999999999999E-6,7.2E-5,-6.0
9.999999999999999E-6,7.4E-5,-6.0
9.999999999999999E-6,7.599999999999999E-5,-6.0
9.999999999999999E-6,7.8E-5,-6.0
9.999999999999999E-6,7.999999999999999E-5,-6.0
9.999999999999999E-6,8.2E-5,-6.0
9.999999999999999E-6,8.4E-5,-6.0
9.999999999999999E-6,8.599999999999999E-5,-6.0
9.999999999999999E-6,8.8E-5,-6.0
9.999999999999999E-6,8.999999999999999E-5,-6.0
9.999999999999999E-6,9.2E-5,-6.0
9.999999999999999E-6,9.4E-5,-6.0
9.999999999999999E-6,9.6E-5,-6.0
9.999999999999999E-6,9.8E-5,-6.0
9.999999999999999E-6,9.999999999999999E-5,-6.0
9.999999999999999E-6,1.02E-4,-6.0
9.999999999999999E-6,1.04E-4,-6.0
9.999999999999999E-6,1.06E-4,-6.0
9.999999999999999E-6,1.08E-4,-6.0
9.999999999999999E-6,1.0999999999999999E-4,-6.0
9.999999999999999E-6,1.12E-4,-6.0
9.999999999999999E-6,1.1399999999999999E-4,-6.0
9.999999999999999E-6,1.16E-4,-6.0
9.999999999999999E-6,1.18E-4,-6.0
9.999999999999999E-6,1.1999999999999999E-4,-6.0
9.999999999999999E-6,1.22E-4,-6.0
9.999999999999999E-6,1.24E-4,-6.0
9.999999999999999E-6,1.26E-4,-6.0
9.999999999999999E-6,1.28E-4,-6.0
9.999999999999999E-6,1.3E-4,-6.0
9.999999999999999E-6,1.3199999999999998E-4,-6.0
9.999999999999999E-6,1.34E-4,-6.0
9.999999999999999E-6,1.36E-4,-6.0
9.999999999999999E-6,1.38E-4,-6.0
9.999999999999999E-6,1.4E-4,-6.0
9.999999999999999E-6,1.4199999999999998E-4,-6.0
9.999999999999999E-6,1.44E-4,-6.0
9.999999999999999E-6,1.46E-4,-6.0
9.999999999999999E-6,1.48E-4,-6.0
9.999999999999999E-6,1.5E-4,-6.0
9.999999999999999E-6,1.5199999999999998E-4,-6.0
9.999999999999999E-6,1.54E-4,-6.0
9.999999999999999E-6,1.56E-4,-6.0
9.999999999999999E-6,1.58E-4,-6.0
9.999999999999999E-6,1.5999999999999999E-4,-6.0
9.999999999999999E-6,1.6199999999999998E-4,-6.0
9.999999999999999E-6,1.64E-4,-6.0
9.999999999999999E-6,1.66E-4,-6.0
9.999999999999999E-6,1.68E-4,-6.0
9.999999999999999E-6,1.6999999999999999E-4,-6.0
9.999999999999999E-6,1.7199999999999998E-4,-6.0
9.999999999999999E-6,1.74E-4,-6.0
9.999999999999999E-6,1.76E-4,-6.0
9.999999999999999E-6,1.78E-4,-6.0
1.2E-5,0.0,-6.0
1.2E-5,2.0E-6,-6.0
1.2E-5,4.0E-6,-6.0
1.2E-5,6.0E-6,-6.0
1.2E-5,8.0E-6,-6.0
1.2E-5,9.999999999999999E-6,-6.0
1.2E-5,1.2E-5,-6.0
1.2E-5,1.4E-5,-6.0
1.2E-5,1.6E-5,-6.0
1.2E-5,1.8E-5,-6.0
1.2E-5,1.9999999999999998E-5,-6.0
1.2E-5,2.2E-5,-6.0
1.2E-5,2.4E-5,-6.0
1.2E-5,2.6E-5,-6.0
1.2E-5,2.8E-5,-6.0
1.2E-5,2.9999999999999997E-5,-6.0
1.2E-5,3.2E-5,-6.0
1.2E-5,3.4E-5,-6.0
1.2E-5,3.6E-5,-6.0
1.2E-5,3.7999999999999995E-5,-6.0
1.2E-5,3.9999999999999996E-5,-6.0
1.2E-5,4.2E-5,-6.0
1.2E-5,4.4E-5,-6.0
1.2E-5,4.6E-5,-6.0
1.2E-5,4.8E-5,-6.0
1.2E-5,4.9999999999999996E-5,-6.0
1.2E-5,5.2E-5,-6.0
1.2E-5,5.4E-5,-6.0
1.2E-5,5.6E-5,-6.0
1.2E-5,5.8E-5,-6.0
1.2E-5,5.9999999999999995E-5,-6.0
1.2E-5,6.2E-5,-6.0
1.2E-5,6.4E-5,-6.0
1.2E-5,6.599999999999999E-5,-6.0
1.2E-5,6.8E-5,-6.0
1.2E-5,7.0E-5,-6.0
1.2E-5,7.2E-5,-6.0
1.2E-5,7.4E-5,-6.0
1.2E-5,7.599999999999999E-5,-6.0
1.2E-5,7.8E-5,-6.0
1.2E-5,7.999999999999999E-5,-6.0
1.2E-5,8.2E-5,-6.0
1.2E-5,8.4E-5,-6.0
1.2E-5,8.599999999999999E-5,-6.0
1.2E-5,8.8E-5,-6.0
1.2E-5,8.999999999999999E-5,-6.0
1.2E-5,9.2E-5,-6.0
1.2E-5,9.4E-5,-6.0
1.2E-5,9.6E-5,-6.0
1.2E-5,9.8E-5,-6.0
1.2E-5,9.999999999999999E-5,-6.0
1.2E-5,1.02E-4,-6.0
1.2E-5,1.04E-4,-6.0
1.2E-5,1.06E-4,-6.0
1.2E-5,1.08E-4,-6.0
1.2E-5,1.0999999999999999E-4,-6.0
1.2E-5,1.12E-4,-6.0
1.2E-5,1.1399999999999999E-4,-6.0
1.2E-5,1.16E-4,-6.0
1.2E-5,1.18E-4,-6.0
1.2E-5,1.1999999999999999E-4,-6.0
1.2E-5,1.22E-4,-6.0
1.2E-5,1.24E-4,-6.0
1.2E-5,1.26E-4,-6.0
1.2E-5,1.28E-4,-6.0
1.2E-5,1.3E-4,-6.0
1.2E-5,1.3199999999999998E-4,-6.0
1.2E-5,1.34E-4,-6.0
1.2E-5,1.36E-4,-6.0
1.2E-5,1.38E-4,-6.0
1.2E-5,1.4E-4,-6.0
1.2E-5,1.4199999999999998E-4,-6.0
1.2E-5,1.44E-4,-6.0
1.2E-5,1.46E-4,-6.0
1.2E-5,1.48E-4,-6.0
1.2E-5,1.5E-4,-6.0
1.2E-5,1.5199999999999998E-4,-6.0
1.2E-5,1.54E-4,-6.0
1.2E-5,1.56E-4,-6.0
1.2E-5,1.58E-4,-6.0
1.2E-5,1.5999999999999999E-4,-6.0
1.2E-5,1.6199999999999998E-4,-6.0
1.2E-5,1.64E-4,-6.0
1.2E-5,1.66E-4,-6.0
1.2E-5,1.68E-4,-6.0
1.2E-5,1.6999999999999999E-4,-6.0
1.2E-5,1.7199999999999998E-4,-6.0
1.2E-5,1.74E-4,-6.0
1.2E-5,1.76E-4,-6.0
1.2E-5,1.78E-4,-6.0
1.4E-5,0.0,-6.0
1.4E-5,2.0E-6,-6.0
1.4E-5,4.0E-6,-6.0
1.4E-5,6.0E-6,-6.0
1.4E-5,8.0E-6,-6.0
1.4E-5,9.999999999999999E-6,-6.0
1.4E-5,1.2E-5,-6.0
1.4E-5,1.4E-5,-6.0
1.4E-5,1.6E-5,-6.0
1.4E-5,1.8E-5,-6.0
1.4E-5,1.9999999999999998E-5,-6.0
1.4E-5,2.2E-5,-6.0
1.4E-5,2.4E-5,-6.0
1.4E-5,2.6E-5,-6.0
1.4E-5,2.8E-5,-6.0
1.4E-5,2.9999999999999997E-5,-6.0
1.4E-5,3.2E-5,-6.0
1.4E-5,3.4E-5,-6.0
1.4E-5,3.6E-5,-6.0
1.4E-5,3.7999999999999995E-5,-6.0
1.4E-5,3.9999999999999996E-5,-6.0
1.4E-5,4.2E-5,-6.0
1.4E-5,4.4E-5,-6.0
1.4E-5,4.6E-5,-6.0
1.4E-5,4.8E-5,-6.0
1.4E-5,4.9999999999999996E-5,-6.0
1.4E-5,5.2E-5,-6.0
1.4E-5,5.4E-5,-6.0
1.4E-5,5.6E-5,-6.0
1.4E-5,5.8E-5,-6.0
1.4E-5,5.9999999999999995E-5,-6.0
1.4E-5,6.2E-5,-6.0
1.4E-5,6.4E-5,-6.0
1.4E-5,6.599999999999999E-5,-6.0
1.4E-5,6.8E-5,-6.0
1.4E-5,7.0E-5,-6.0
1.4E-5,7.2E-5,-6.0
1.4E-5,7.4E-5,-6.0
1.4E-5,7.599999999999999E-5,-6.0
1.4E-5,7.8E-5,-6.0
1.4E-5,7.999999999999999E-5,-6.0
1.4E-5,8.2E-5,-6.0
1.4E-5,8.4E-5,-6.0
1.4E-5,8.599999999999999E-5,-6.0
1.4E-5,8.8E-5,-6.0
1.4E-5,8.999999999999999E-5,-6.0
1.4E-5,9.2E-5,-6.0
1.4E-5,9.4E-5,-6.0
1.4E-5,9.6E-5,-6.0
1.4E-5,9.8E-5,-6.0
1.4E-5,9.999999999999999E-5,-6.0
1.4E-5,1.02E-4,-6.0
1.4E-5,1.04E-4,-6.0
1.4E-5,1.06E-4,-6.0
1.4E-5,1.08E-4,-6.0
1.4E-5,1.0999999999999999E-4,-6.0
1.4E-5,1.12E-4,-6.0
1.4E-5,1.1399999999999999E-4,-6.0
1.4E-5,1.16E-4,-6.0
1.4E-5,1.18E-4,-6.0
1.4E-5,1.1999999999999999E-4,-6.0
1.4E-5,1.22E-4,-6.0
1.4E-5,1.24E-4,-6.0
1.4E-5,1.26E-4,-6.0
1.4E-5,1.28E-4,-6.0
1.4E-5,1.3E-4,-6.0
1.4E-5,1.3199999999999998E-4,-6.0
1.4E-5,1.34E-4,-6.0
1.4E-5,1.36E-4,-6.0
1.4E-5,1.38E-4,-6.0
1.4E-5,1.4E-4,-6.0
1.4E-5,1.4199999999999998E-4,-6.0
1.4E-5,1.44E-4,-6.0
1.4E-5,1.46E-4,-6.0
1.4E-5,1.48E-4,-6.0
1.4E-5,1.5E-4,-6.0
1.4E-5,1.5199999999999998E-4,-6.0
1.4E-5,1.54E-4,-6.0
1.4E-5,1.56E-4,-6.0
1.4E-5,1.58E-4,-6.0
1.4E-5,1.5999999999999999E-4,-6.0
1.4E-5,1.6199999999999998E-4,-6.0
1.4E-5,1.64E-4,-6.0
1.4E-5,1.66E-4,-6.0
1.4E-5,1.68E-4,-6.0
1.4E-5,1.6999999999999999E-4,-6.0
1.4E-5,1.7199999999999998E-4,-6.0
1.4E-5,1.74E-4,-6.0
1.4E-5,1.76E-4,-6.0
1.4E-5,1.78E-4,-6.0
1.6E-5,0.0,-6.0
1.6E-5,2.0E-6,-6.0
1.6E-5,4.0E-6,-6.0
1.6E-5,6.0E-6,-6.0
1.6E-5,8.0E-6,-6.0
1.6E-5,9.999999999999999E-6,-6.0
1.6E-5,1.2E-5,-6.0
1.6E-5,1.4E-5,-6.0
1.6E-5,1.6E-5,-6.0
1.6E-5,1.8E-5,-6.0
1.6E-5,1.9999999999999998E-5,-6.0
1.6E-5,2.2E-5,-6.0
1.6E-5,2.4E-5,-6.0
1.6E-5,2.6E-5,-6.0
1.6E-5,2.8E-5,-6.0
1.6E-5,2.9999999999999997E-5,-6.0
1.6E-5,3.2E-5,-6.0
1.6E-5,3.4E-5,-6.0
1.6E-5,3.6E-5,-6.0
1.6E-5,3.7999999999999995E-5,-6.0
1.6E-5,3.9999999999999996E-5,-6.0
1.6E-5,4.2E-5,-6.0
1.6E-5,4.4E-5,-6.0
1.6E-5,4.6E-5,-6.0
1.6E-5,4.8E-5,-6.0
1.6E-5,4.9999999999999996E-5,-6.0
1.6E-5,5.2E-5,-6.0
1.6E-5,5.4E-5,-6.0
1.6E-5,5.6E-5,-6.0
1.6E-5,5.8E-5,-6.0
1.6E-5,5.9999999999999995E-5,-6.0
1.6E-5,6.2E-5,-6.0
1.6E-5,6.4E-5,-6.0
1.6E-5,6.599999999999999E-5,-6.0
1.6E-5,6.8E-5,-6.0
1.6E-5,7.0E-5,-6.0
1.6E-5,7.2E-5,-6.0
1.6E-5,7.4E-5,-6.0
1.6E-5,7.599999999999999E-5,-6.0
1.6E-5,7.8E-5,-6.0
1.6E-5,7.999999999999999E-5,-6.0
1.6E-5,8.2E-5,-6.0
1.6E-5,8.4E-5,-6.0
1.6E-5,8.599999999999999E-5,-6.0
1.6E-5,8.8E-5,-6.0
1.6E-5,8.999999999999999E-5,-6.0
1.6E-5,9.2E-5,-6.0
1.6E-5,9.4E-5,-6.0
1.6E-5,9.6E-5,-6.0
1.6E-5,9.8E-5,-6.0
1.6E-5,9.999999999999999E-5,-6.0
1.6E-5,1.02E-4,-6.0
1.6E-5,1.04E-4,-6.0
1.6E-5,1.06E-4,-6.0
1.6E-5,1.08E-4,-6.0
1.6E-5,1.0999999999999999E-4,-6.0
1.6E-5,1.12E-4,-6.0
1.6E-5,1.1399999999999999E-4,-6.0
1.6E-5,1.16E-4,-6.0
1.6E-5,1.18E-4,-6.0
1.6E-5,1.1999999999999999E-4,-6.0
1.6E-5,1.22E-4,-6.0
1.6E-5,1.24E-4,-6.0
1.6E-5,1.26E-4,-6.0
1.6E-5,1.28E-4,-6.0
1.6E-5,1.3E-4,-6.0
1.6E-5,1.3199999999999998E-4,-6.0
1.6E-5,1.34E-4,-6.0
1.6E-5,1.36E-4,-6.0
1.6E-5,1.38E-4,-6.0
1.6E-5,1.4E-4,-6.0
1.6E-5,1.4199999999999998E-4,-6.0
1.6E-5,1.44E-4,-6.0
1.6E-5,1.46E-4,-6.0
1.6E-5,1.48E-4,-6.0
1.6E-5,1.5E-4,-6.0
1.6E-5,1.5199999999999998E-4,-6.0
1.6E-5,1.54E-4,-6.0
1.6E-5,1.56E-4,-6.0
1.6E-5,1.58E-4,-6.0
1.6E-5,1.5999999999999999E-4,-6.0
1.6E-5,1.6199999999999998E-4,-6.0
1.6E-5,1.64E-4,-6.0
1.6E-5,1.66E-4,-6.0
1.6E-5,1.68E-4,-6.0
1.6E-5,1.6999999999999999E-4,-6.0
1.6E-5,1.7199999999999998E-4,-6.0
1.6E-5,1.74E-4,-6.0
1.6E-5,1.76E-4,-6.0
1.6E-5,1.78E-4,-6.0
1.8E-5,0.0,-6.0
1.8E-5,2.0E-6,-6.0
1.8E-5,4.0E-6,-6.0
1.8E-5,6.0E-6,-6.0
1.8E-5,8.0E-6,-6.0
1.8E-5,9.999999999999999E-6,-6.0
1.8E-5,1.2E-5,-6.0
1.8E-5,1.4E-5,-6.0
1.8E-5,1.6E-5,-6.0
1.8E-5,1.8E-5,-6.0
1.8E-5,1.9999999999999998E-5,-6.0
1.8E-5,2.2E-5,-6.0
1.8E-5,2.4E-5,-6.0
1.8E-5,2.6E-5,-6.0
1.8E-5,2.8E-5,-6.0
1.8E-5,2.9999999999999997E-5,-6.0
1.8E-5,3.2E-5,-6.0
1.8E-5,3.4E-5,-6.0
1.8E-5,3.6E-5,-6.0
1.8E-5,3.7999999999999995E-5,-6.0
1.8E-5,3.9999999999999996E-5,-6.0
1.8E-5,4.2E-5,-6.0
1.8E-5,4.4E-5,-6.0
1.8E-5,4.6E-5,-6.0
1.8E-5,4.8E-5,-6.0
1.8E-5,4.9999999999999996E-5,-6.0
1.8E-5,5.2E-5,-6.0
1.8E-5,5.4E-5,-6.0
1.8E-5,5.6E-5,-6.0
1.8E-5,5.8E-5,-6.0
1.8E-5,5.9999999999999995E-5,-6.0
1.8E-5,6.2E-5,-6.0
1.8E-5,6.4E-5,-6.0
1.8E-5,6.599999999999999E-5,-6.0
1.8E-5,6.8E-5,-6.0
1.8E-5,7.0E-5,-6.0
1.8E-5,7.2E-5,-6.0
1.8E-5,7.4E-5,-6.0
1.8E-5,7.599999999999999E-5,-6.0
1.8E-5,7.8E-5,-6.0
1.8E-5,7.999999999999999E-5,-6.0
1.8E-5,8.2E-5,-6.0
1.8E-5,8.4E-5,-6.0
1.8E-5,8.599999999999999E-5,-6.0
1.8E-5,8.8E-5,-6.0
1.8E-5,8.999999999999999E-5,-6.0
1.8E-5,9.2E-5,-6.0
1.8E-5,9.4E-5,-6.0
1.8E-5,9.6E-5,-6.0
1.8E-5,9.8E-5,-6.0
1.8E-5,9.999999999999999E-5,-6.0
1.8E-5,1.02E-4,-6.0
1.8E-5,1.04E-4,-6.0
1.8E-5,1.06E-4,-6.0
1.8E-5,1.08E-4,-6.0
1.8E-5,1.0999999999999999E-4,-6.0
1.8E-5,1.12E-4,-6.0
1.8E-5,1.1399999999999999E-4,-6.0
1.8E-5,1.16E-4,-6.0
1.8E-5,1.18E-4,-6.0
1.8E-5,1.1999999999999999E-4,-6.0
1.8E-5,1.22E-4,-6.0
1.8E-5,1.24E-4,-6.0
1.8E-5,1.26E-4,-6.0
1.8E-5,1.28E-4,-6.0
1.8E-5,1.3E-4,-6.0
1.8E-5,1.3199999999999998E-4,-6.0
1.8E-5,1.34E-4,-6.0
1.8E-5,1.36E-4,-6.0
1.8E-5,1.38E-4,-6.0
1.8E-5,1.4E-4,-6.0
1.8E-5,1.4199999999999998E-4,-6.0
1.8E-5,1.44E-4,-6.0
1.8E-5,1.46E-4,-6.0
1.8E-5,1.48E-4,-6.0
1.8E-5,1.5E-4,-6.0
1.8E-5,1.5199999999999998E-4,-6.0
1.8E-5,1.54E-4,-6.0
1.8E-5,1.56E-4,-6.0
1.8E-5,1.58E-4,-6.0
1.8E-5,1.5999999999999999E-4,-6.0
1.8E-5,1.6199999999999998E-4,-6.0
1.8E-5,1.64E-4,-6.0
1.8E-5,1.66E-4,-6.0
1.8E-5,1.68E-4,-6.0
1.8E-5,1.6999999999999999E-4,-6.0
1.8E-5,1.7199999999999998E-4,-6.0
1.8E-5,1.74E-4,-6.0
1.8E-5,1.76E-4,-6.0
1.8E-5,1.78E-4,-6.0
1.9999999999999998E-5,0.0,-6.0
1.9999999999999998E-5,2.0E-6,-6.0
1.9999999999999998E-5,4.0E-6,-6.0
1.9999999999999998E-5,6.0E-6,-6.0
1.9999999999999998E-5,8.0E-6,-6.0
1.9999999999999998E-5,9.999999999999999E-6,-6.0
1.9999999999999998E-5,1.2E-5,-6.0
1.9999999999999998E-5,1.4E-5,-6.0
1.9999999999999998E-5,1.6E-5,-6.0
1.9999999999999998E-5,1.8E-5,-6.0
1.9999999999999998E-5,1.9999999999999998E-5,-6.0
1.9999999999999998E-5,2.2E-5,-6.0
1.9999999999999998E-5,2.4E-5,-6.0
1.9999999999999998E-5,2.6E-5,-6.0
1.9999999999999998E-5,2.8E-5,-6.0
1.9999999999999998E-5,2.9999999999999997E-5,-6.0
1.9999999999999998E-5,3.2E-5,-6.0
1.9999999999999998E-5,3.4E-5,-6.0
1.9999999999999998E-5,3.6E-5,-6.0
1.9999999999999998E-5,3.7999999999999995E-5,-6.0
1.9999999999999998E-5,3.9999999999999996E-5,-6.0
1.9999999999999998E-5,4.2E-5,-6.0
1.9999999999999998E-5,4.4E-5,-6.0
1.9999999999999998E-5,4.6E-5,-6.0
1.9999999999999998E-5,4.8E-5,-6.0
1.9999999999999998E-5,4.9999999999999996E-5,-6.0
1.9999999999999998E-5,5.2E-5,-6.0
1.9999999999999998E-5,5.4E-5,-6.0
1.9999999999999998E-5,5.6E-5,-6.0
1.9999999999999998E-5,5.8E-5,-6.0
1.9999999999999998E-5,5.9999999999999995E-5,-6.0
1.9999999999999998E-5,6.2E-5,-6.0
1.9999999999999998E-5,6.4E-5,-6.0
1.9999999999999998E-5,6.599999999999999E-5,-6.0
1.9999999999999998E-5,6.8E-5,-6.0
1.9999999999999998E-5,7.0E-5,-6.0
1.9999999999999998E-5,7.2E-5,-6.0
1.9999999999999998E-5,7.4E-5,-6.0
1.9999999999999998E-5,7.599999999999999E-5,-6.0
1.9999999999999998E-5,7.8E-5,-6.0
1.9999999999999998E-5,7.999999999999999E-5,-6.0
1.9999999999999998E-5,8.2E-5,-6.0
1.9999999999999998E-5,8.4E-5,-6.0
1.9999999999999998E-5,8.599999999999999E-5,-6.0
1.9999999999999998E-5,8.8E-5,-6.0
1.9999999999999998E-5,8.999999999999999E-5,-6.0
1.9999999999999998E-5,9.2E-5,-6.0
1.9999999999999998E-5,9.4E-5,-6.0
1.9999999999999998E-5,9.6E-5,-6.0
1.9999999999999998E-5,9.8E-5,-6.0
1.9999999999999998E-5,9.999999999999999E-5,-6.0
1.9999999999999998E-5,1.02E-4,-6.0
1.9999999999999998E-5,1.04E-4,-6.0
1.9999999999999998E-5,1.06E-4,-6.0
1.9999999999999998E-5,1.08E-4,-6.0
1.9999999999999998E-5,1.0999999999999999E-4,-6.0
1.9999999999999998E-5,1.12E-4,-6.0
1.9999999999999998E-5,1.1399999999999999E-4,-6.0
1.9999999999999998E-5,1.16E-4,-6.0
1.9999999999999998E-5,1.18E-4,-6.0
1.9999999999999998E-5,1.1999999999999999E-4,-6.0
1.9999999999999998E-5,1.22E-4,-6.0
1.9999999999999998E-5,1.24E-4,-6.0
1.9999999999999998E-5,1.26E-4,-6.0
1.9999999999999998E-5,1.28E-4,-6.0
1.9999999999999998E-5,1.3E-4,-6.0
1.9999999999999998E-5,1.3199999999999998E-4,-6.0
1.9999999999999998E-5,1.34E-4,-6.0
1.9999999999999998E-5,1.36E-4,-6.0
1.9999999999999998E-5,1.38E-4,-6.0
1.9999999999999998E-5,1.4E-4,-6.0
1.9999999999999998E-5,1.4199999999999998E-4,-6.0
1.9999999999999998E-5,1.44E-4,-6.0
1.9999999999999998E-5,1.46E-4,-6.0
1.9999999999999998E-5,1.48E-4,-6.0
1.9999999999999998E-5,1.5E-4,-6.0
1.9999999999999998E-5,1.5199999999999998E-4,-6.0
1.9999999999999998E-5,1.54E-4,-6.0
1.9999999999999998E-5,1.56E-4,-6.0
1.9999999999999998E-5,1.58E-4,-6.0
1.9999999999999998E-5,1.5999999999999999E-4,-6.0
1.9999999999999998E-5,1.6199999999999998E-4,-6.0
1.9999999999999998E-5,1.64E-4,-6.0
1.9999999999999998E-5,1.66E-4,-6.0
1.9999999999999998E-5,1.68E-4,-6.0
1.9999999999999998E-5,1.6999999999999999E-4,-6.0
1.9999999999999998E-5,1.7199999999999998E-4,-6.0
1.9999999999999998E-5,1.74E-4,-6.0
1.9999999999999998E-5,1.76E-4,-6.0
1.9999999999999998E-5,1.78E-4,-6.0
2.2E-5,0.0,-6.0
2.2E-5,2.0E-6,-6.0
2.2E-5,4.0E-6,-6.0
2.2E-5,6.0E-6,-6.0
2.2E-5,8.0E-6,-6.0
2.2E-5,9.999999999999999E-6,-6.0
2.2E-5,1.2E-5,-6.0
2.2E-5,1.4E-5,-6.0
2.2E-5,1.6E-5,-6.0
2.2E-5,1.8E-5,-6.0
2.2E-5,1.9999999999999998E-5,-6.0
2.2E-5,2.2E-5,-6.0
2.2E-5,2.4E-5,-6.0
2.2E-5,2.6E-5,-6.0
2.2E-5,2.8E-5,-6.0
2.2E-5,2.9999999999999997E-5,-6.0
2.2E-5,3.2E-5,-6.0
2.2E-5,3.4E-5,-6.0
2.2E-5,3.6E-5,-6.0
2.2E-5,3.7999999999999995E-5,-6.0
2.2E-5,3.9999999999999996E-5,-6.0
2.2E-5,4.2E-5,-6.0
2.2E-5,4.4E-5,-6.0
2.2E-5,4.6E-5,-6.0
2.2E-5,4.8E-5,-6.0
2.2E-5,4.9999999999999996E-5,-6.0
2.2E-5,5.2E-5,-6.0
2.2E-5,5.4E-5,-6.0
2.2E-5,5.6E-5,-6.0
2.2E-5,5.8E-5,-6.0
2.2E-5,5.9999999999999995E-5,-6.0
2.2E-5,6.2E-5,-6.0
2.2E-5,6.4E-5,-6.0
2.2E-5,6.599999999999999E-5,-6.0
2.2E-5,6.8E-5,-6.0
2.2E-5,7.0E-5,-6.0
2.2E-5,7.2E-5,-6.0
2.2E-5,7.4E-5,-6.0
2.2E-5,7.599999999999999E-5,-6.0
2.2E-5,7.8E-5,-6.0
2.2E-5,7.999999999999999E-5,-6.0
2.2E-5,8.2E-5,-6.0
2.2E-5,8.4E-5,-6.0
2.2E-5,8.599999999999999E-5,-6.0
2.2E-5,8.8E-5,-6.0
2.2E-5,8.999999999999999E-5,-6.0
2.2E-5,9.2E-5,-6.0
2.2E-5,9.4E-5,-6.0
2.2E-5,9.6E-5,-6.0
2.2E-5,9.8E-5,-6.0
2.2E-5,9.999999999999999E-5,-6.0
2.2E-5,1.02E-4,-6.0
2.2E-5,1.04E-4,-6.0
2.2E-5,1.06E-4,-6.0
2.2E-5,1.08E-4,-6.0
2.2E-5,1.0999999999999999E-4,-6.0
2.2E-5,1.12E-4,-6.0
2.2E-5,1.1399999999999999E-4,-6.0
2.2E-5,1.16E-4,-6.0
2.2E-5,1.18E-4,-6.0
2.2E-5,1.1999999999999999E-4,-6.0
2.2E-5,1.22E-4,-6.0
2.2E-5,1.24E-4,-6.0
2.2E-5,1.26E-4,-6.0
2.2E-5,1.28E-4,-6.0
2.2E-5,1.3E-4,-6.0
2.2E-5,1.3199999999999998E-4,-6.0
2.2E-5,1.34E-4,-6.0
2.2E-5,1.36E-4,-6.0
2.2E-5,1.38E-4,-6.0
2.2E-5,1.4E-4,-6.0
2.2E-5,1.4199999999999998E-4,-6.0
2.2E-5,1.44E-4,-6.0
2.2E-5,1.46E-4,-6.0
2.2E-5,1.48E-4,-6.0
2.2E-5,1.5E-4,-6.0
2.2E-5,1.5199999999999998E-4,-6.0
2.2E-5,1.54E-4,-6.0
2.2E-5,1.56E-4,-6.0
2.2E-5,1.58E-4,-6.0
2.2E-5,1.5999999999999999E-4,-6.0
2.2E-5,1.6199999999999998E-4,-6.0
2.2E-5,1.64E-4,-6.0
2.2E-5,1.66E-4,-6.0
2.2E-5,1.68E-4,-6.0
2.2E-5,1.6999999999999999E-4,-6.0
2.2E-5,1.7199999999999998E-4,-6.0
2.2E-5,1.74E-4,-6.0
2.2E-5,1.76E-4,-6.0
2.2E-5,1.78E-4,-6.0
2.4E-5,0.0,-6.0
2.4E-5,2.0E-6,-6.0
2.4E-5,4.0E-6,-6.0
2.4E-5,6.0E-6,-6.0
2.4E-5,8.0E-6,-6.0
2.4E-5,9.999999999999999E-6,-6.0
2.4E-5,1.2E-5,-6.0
2.4E-5,1.4E-5,-6.0
2.4E-5,1.6E-5,-6.0
2.4E-5,1.8E-5,-6.0
2.4E-5,1.9999999999999998E-5,-6.0
2.4E-5,2.2E-5,-6.0
2.4E-5,2.4E-5,-6.0
2.4E-5,2.6E-5,-6.0
2.4E-5,2.8E-5,-6.0
2.4E-5,2.9999999999999997E-5,-6.0
2.4E-5,3.2E-5,-6.0
2.4E-5,3.4E-5,-6.0
2.4E-5,3.6E-5,-6.0
2.4E-5,3.7999999999999995E-5,-6.0
2.4E-5,3.9999999999999996E-5,-6.0
2.4E-5,4.2E-5,-6.0
2.4E-5,4.4E-5,-6.0
2.4E-5,4.6E-5,-6.0
2.4E-5,4.8E-5,-6.0
2.4E-5,4.9999999999999996E-5,-6.0
2.4E-5,5.2E-5,-6.0
2.4E-5,5.4E-5,-6.0
2.4E-5,5.6E-5,-6.0
2.4E-5,5.8E-5,-6.0
2.4E-5,5.9999999999999995E-5,-6.0
2.4E-5,6.2E-5,-6.0
2.4E-5,6.4E-5,-6.0
2.4E-5,6.599999999999999E-5,-6.0
2.4E-5,6.8E-5,-6.0
2.4E-5,7.0E-5,-6.0
2.4E-5,7.2E-5,-6.0
2.4E-5,7.4E-5,-6.0
2.4E-5,7.599999999999999E-5,-6.0
2.4E-5,7.8E-5,-6.0
2.4E-5,7.999999999999999E-5,-6.0
2.4E-5,8.2E-5,-6.0
2.4E-5,8.4E-5,-6.0
2.4E-5,8.599999999999999E-5,-6.0
2.4E-5,8.8E-5,-6.0
2.4E-5,8.999999999999999E-5,-6.0
2.4E-5,9.2E-5,-6.0
2.4E-5,9.4E-5,-6.0
2.4E-5,9.6E-5,-6.0
2.4E-5,9.8E-5,-6.0
2.4E-5,9.999999999999999E-5,-6.0
2.4E-5,1.02E-4,-6.0
2.4E-5,1.04E-4,-6.0
2.4E-5,1.06E-4,-6.0
2.4E-5,1.08E-4,-6.0
2.4E-5,1.0999999999999999E-4,-6.0
2.4E-5,1.12E-4,-6.0
2.4E-5,1.1399999999999999E-4,-6.0
2.4E-5,1.16E-4,-6.0
2.4E-5,1.18E-4,-6.0
2.4E-5,1.1999999999999999E-4,-6.0
2.4E-5,1.22E-4,-6.0
2.4E-5,1.24E-4,-6.0
2.4E-5,1.26E-4,-6.0
2.4E-5,1.28E-4,-6.0
2.4E-5,1.3E-4,-6.0
2.4E-5,1.3199999999999998E-4,-6.0
2.4E-5,1.34E-4,-6.0
2.4E-5,1.36E-4,-6.0
2.4E-5,1.38E-4,-6.0
2.4E-5,1.4E-4,-6.0
2.4E-5,1.4199999999999998E-4,-6.0
2.4E-5,1.44E-4,-6.0
2.4E-5,1.46E-4,-6.0
2.4E-5,1.48E-4,-6.0
2.4E-5,1.5E-4,-6.0
2.4E-5,1.5199999999999998E-4,-6.0
2.4E-5,1.54E-4,-6.0
2.4E-5,1.56E-4,-6.0
2.4E-5,1.58E-4,-6.0
2.4E-5,1.5999999999999999E-4,-6.0
2.4E-5,1.6199999999999998E-4,-6.0
2.4E-5,1.64E-4,-6.0
2.4E-5,1.66E-4,-6.0
2.4E-5,1.68E-4,-6.0
2.4E-5,1.6999999999999999E-4,-6.0
2.4E-5,1.7199999999999998E-4,-6.0
2.4E-5,1.74E-4,-6.0
2.4E-5,1.76E-4,-6.0
2.4E-5,1.78E-4,-6.0
2.6E-5,0.0,-6.0
2.6E-5,2.0E-6,-6.0
2.6E-5,4.0E-6,-6.0
2.6E-5,6.0E-6,-6.0
2.6E-5,8.0E-6,-6.0
2.6E-5,9.999999999999999E-6,-6.0
2.6E-5,1.2E-5,-6.0
2.6E-5,1.4E-5,-6.0
2.6E-5,1.6E-5,-6.0
2.6E-5,1.8E-5,-6.0
2.6E-5,1.9999999999999998E-5,-6.0
2.6E-5,2.2E-5,-6.0
2.6E-5,2.4E-5,-6.0
2.6E-5,2.6E-5,-6.0
2.6E-5,2.8E-5,-6.0
2.6E-5,2.9999999999999997E-5,-6.0
2.6E-5,3.2E-5,-6.0
2.6E-5,3.4E-5,-6.0
2.6E-5,3.6E-5,-6.0
2.6E-5,3.7999999999999995E-5,-6.0
2.6E-5,3.9999999999999996E-5,-6.0
2.6E-5,4.2E-5,-6.0
2.6E-5,4.4E-5,-6.0
2.6E-5,4.6E-5,-6.0
2.6E-5,4.8E-5,-6.0
2.6E-5,4.9999999999999996E-5,-6.0
2.6E-5,5.2E-5,-6.0
2.6E-5,5.4E-5,-6.0
2.6E-5,5.6E-5,-6.0
2.6E-5,5.8E-5,-6.0
2.6E-5,5.9999999999999995E-5,-6.0
2.6E-5,6.2E-5,-6.0
2.6E-5,6.4E-5,-6.0
2.6E-5,6.599999999999999E-5,-6.0
2.6E-5,6.8E-5,-6.0
2.6E-5,7.0E-5,-6.0
2.6E-5,7.2E-5,-6.0
2.6E-5,7.4E-5,-6.0
2.6E-5,7.599999999999999E-5,-6.0
2.6E-5,7.8E-5,-6.0
2.6E-5,7.999999999999999E-5,-6.0
2.6E-5,8.2E-5,-6.0
2.6E-5,8.4E-5,-6.0
2.6E-5,8.599999999999999E-5,-6.0
2.6E-5,8.8E-5,-6.0
2.6E-5,8.999999999999999E-5,-6.0
2.6E-5,9.2E-5,-6.0
2.6E-5,9.4E-5,-6.0
2.6E-5,9.6E-5,-6.0
2.6E-5,9.8E-5,-6.0
2.6E-5,9.999999999999999E-5,-6.0
2.6E-5,1.02E-4,-6.0
2.6E-5,1.04E-4,-6.0
2.6E-5,1.06E-4,-6.0
2.6E-5,1.08E-4,-6.0
2.6E-5,1.0999999999999999E-4,-6.0
2.6E-5,1.12E-4,-6.0
2.6E-5,1.1399999999999999E-4,-6.0
2.6E-5,1.16E-4,-6.0
2.6E-5,1.18E-4,-6.0
2.6E-5,1.1999999999999999E-4,-6.0
2.6E-5,1.22E-4,-6.0
2.6E-5,1.24E-4,-6.0
2.6E-5,1.26E-4,-6.0
2.6E-5,1.28E-4,-6.0
2.6E-5,1.3E-4,-6.0
2.6E-5,1.3199999999999998E-4,-6.0
2.6E-5,1.34E-4,-6.0
2.6E-5,1.36E-4,-6.0
2.6E-5,1.38E-4,-6.0
2.6E-5,1.4E-4,-6.0
2.6E-5,1.4199999999999998E-4,-6.0
2.6E-5,1.44E-4,-6.0
2.6E-5,1.46E-4,-6.0
2.6E-5,1.48E-4,-6.0
2.6E-5,1.5E-4,-6.0
2.6E-5,1.5199999999999998E-4,-6.0
2.6E-5,1.54E-4,-6.0
2.6E-5,1.56E-4,-6.0
2.6E-5,1.58E-4,-6.0
2.6E-5,1.5999999999999999E-4,-6.0
2.6E-5,1.6199999999999998E-4,-6.0
2.6E-5,1.64E-4,-6.0
2.6E-5,1.66E-4,-6.0
2.6E-5,1.68E-4,-6.0
2.6E-5,1.6999999999999999E-4,-6.0
2.6E-5,1.7199999999999998E-4,-6.0
2.6E-5,1.74E-4,-6.0
2.6E-5,1.76E-4,-6.0
2.6E-5,1.78E-4,-6.0
2.8E-5,0.0,-6.0
2.8E-5,2.0E-6,-6.0
2.8E-5,4.0E-6,-6.0
2.8E-5,6.0E-6,-6.0
2.8E-5,8.0E-6,-6.0
2.8E-5,9.999999999999999E-6,-6.0
2.8E-5,1.2E-5,-6.0
2.8E-5,1.4E-5,-6.0
2.8E-5,1.6E-5,-6.0
2.8E-5,1.8E-5,-6.0
2.8E-5,1.9999999999999998E-5,-6.0
2.8E-5,2.2E-5,-6.0
2.8E-5,2.4E-5,-6.0
2.8E-5,2.6E-5,-6.0
2.8E-5,2.8E-5,-6.0
2.8E-5,2.9999999999999997E-5,-6.0
2.8E-5,3.2E-5,-6.0
2.8E-5,3.4E-5,-6.0
2.8E-5,3.6E-5,-6.0
2.8E-5,3.7999999999999995E-5,-6.0
2.8E-5,3.9999999999999996E-5,-6.0
2.8E-5,4.2E-5,-6.0
2.8E-5,4.4E-5,-6.0
2.8E-5,4.6E-5,-6.0
2.8E-5,4.8E-5,-6.0
2.8E-5,4.9999999999999996E-5,-6.0
2.8E-5,5.2E-5,-6.0
2.8E-5,5.4E-5,-6.0
2.8E-5,5.6E-5,-6.0
2.8E-5,5.8E-5,-6.0
2.8E-5,5.9999999999999995E-5,-6.0
2.8E-5,6.2E-5,-6.0
2.8E-5,6.4E-5,-6.0
2.8E-5,6.599999999999999E-5,-6.0
2.8E-5,6.8E-5,-6.0
2.8E-5,7.0E-5,-6.0
2.8E-5,7.2E-5,-6.0
2.8E-5,7.4E-5,-6.0
2.8E-5,7.599999999999999E-5,-6.0
2.8E-5,7.8E-5,-6.0
2.8E-5,7.999999999999999E-5,-6.0
2.8E-5,8.2E-5,-6.0
2.8E-5,8.4E-5,-6.0
2.8E-5,8.599999999999999E-5,-6.0
2.8E-5,8.8E-5,-6.0
2.8E-5,8.999999999999999E-5,-6.0
2.8E-5,9.2E-5,-6.0
2.8E-5,9.4E-5,-6.0
2.8E-5,9.6E-5,-6.0
2.8E-5,9.8E-5,-6.0
2.8E-5,9.999999999999999E-5,-6.0
2.8E-5,1.02E-4,-6.0
2.8E-5,1.04E-4,-6.0
2.8E-5,1.06E-4,-6.0
2.8E-5,1.08E-4,-6.0
2.8E-5,1.0999999999999999E-4,-6.0
2.8E-5,1.12E-4,-6.0
2.8E-5,1.1399999999999999E-4,-6.0
2.8E-5,1.16E-4,-6.0
2.8E-5,1.18E-4,-6.0
2.8E-5,1.1999999999999999E-4,-6.0
2.8E-5,1.22E-4,-6.0
2.8E-5,1.24E-4,-6.0
2.8E-5,1.26E-4,-6.0
2.8E-5,1.28E-4,-6.0
2.8E-5,1.3E-4,-6.0
2.8E-5,1.3199999999999998E-4,-6.0
2.8E-5,1.34E-4,-6.0
2.8E-5,1.36E-4,-6.0
2.8E-5,1.38E-4,-6.0
2.8E-5,1.4E-4,-6.0
2.8E-5,1.4199999999999998E-4,-6.0
2.8E-5,1.44E-4,-6.0
2.8E-5,1.46E-4,-6.0
2.8E-5,1.48E-4,-6.0
2.8E-5,1.5E-4,-6.0
2.8E-5,1.5199999999999998E-4,-6.0
2.8E-5,1.54E-4,-6.0
2.8E-5,1.56E-4,-6.0
2.8E-5,1.58E-4,-6.0
2.8E-5,1.5999999999999999E-4,-6.0
2.8E-5,1.6199999999999998E-4,-6.0
2.8E-5,1.64E-4,-6.0
2.8E-5,1.66E-4,-6.0
2.8E-5,1.68E-4,-6.0
2.8E-5,1.6999999999999999E-4,-6.0
2.8E-5,1.7199999999999998E-4,-6.0
2.8E-5,1.74E-4,-6.0
2.8E-5,1.76E-4,-6.0
2.8E-5,1.78E-4,-6.0
2.9999999999999997E-5,0.0,-6.0
2.9999999999999997E-5,2.0E-6,-6.0
2.9999999999999997E-5,4.0E-6,-6.0
2.9999999999999997E-5,6.0E-6,-6.0
2.9999999999999997E-5,8.0E-6,-6.0
2.9999999999999997E-5,9.999999999999999E-6,-6.0
2.9999999999999997E-5,1.2E-5,-6.0
2.9999999999999997E-5,1.4E-5,-6.0
2.9999999999999997E-5,1.6E-5,-6.0
2.9999999999999997E-5,1.8E-5,-6.0
2.9999999999999997E-5,1.9999999999999998E-5,-6.0
2.9999999999999997E-5,2.2E-5,-6.0
2.9999999999999997E-5,2.4E-5,-6.0
2.9999999999999997E-5,2.6E-5,-6.0
2.9999999999999997E-5,2.8E-5,-6.0
2.9999999999999997E-5,2.9999999999999997E-5,-6.0
2.9999999999999997E-5,3.2E-5,-6.0
2.9999999999999997E-5,3.4E-5,-6.0
2.9999999999999997E-5,3.6E-5,-6.0
2.9999999999999997E-5,3.7999999999999995E-5,-6.0
2.9999999999999997E-5,3.9999999999999996E-5,-6.0
2.9999999999999997E-5,4.2E-5,-6.0
2.9999999999999997E-5,4.4E-5,-6.0
2.9999999999999997E-5,4.6E-5,-6.0
2.9999999999999997E-5,4.8E-5,-6.0
2.9999999999999997E-5,4.9999999999999996E-5,-6.0
2.9999999999999997E-5,5.2E-5,-6.0
2.9999999999999997E-5,5.4E-5,-6.0
2.9999999999999997E-5,5.6E-5,-6.0
2.9999999999999997E-5,5.8E-5,-6.0
2.9999999999999997E-5,5.9999999999999995E-5,-6.0
2.9999999999999997E-5,6.2E-5,-6.0
2.9999999999999997E-5,6.4E-5,-6.0
2.9999999999999997E-5,6.599999999999999E-5,-6.0
2.9999999999999997E-5,6.8E-5,-6.0
2.9999999999999997E-5,7.0E-5,-6.0
2.9999999999999997E-5,7.2E-5,-6.0
2.9999999999999997E-5,7.4E-5,-6.0
2.9999999999999997E-5,7.599999999999999E-5,-6.0
2.9999999999999997E-5,7.8E-5,-6.0
2.9999999999999997E-5,7.999999999999999E-5,-6.0
2.9999999999999997E-5,8.2E-5,-6.0
2.9999999999999997E-5,8.4E-5,-6.0
2.9999999999999997E-5,8.599999999999999E-5,-6.0
2.9999999999999997E-5,8.8E-5,-6.0
2.9999999999999997E-5,8.999999999999999E-5,-6.0
2.9999999999999997E-5,9.2E-5,-6.0
2.9999999999999997E-5,9.4E-5,-6.0
2.9999999999999997E-5,9.6E-5,-6.0
2.9999999999999997E-5,9.8E-5,-6.0
2.9999999999999997E-5,9.999999999999999E-5,-6.0
2.9999999999999997E-5,1.02E-4,-6.0
2.9999999999999997E-5,1.04E-4,-6.0
2.9999999999999997E-5,1.06E-4,-6.0
2.9999999999999997E-5,1.08E-4,-6.0
2.9999999999999997E-5,1.0999999999999999E-4,-6.0
2.9999999999999997E-5,1.12E-4,-6.0
2.9999999999999997E-5,1.1399999999999999E-4,-6.0
2.9999999999999997E-5,1.16E-4,-6.0
2.9999999999999997E-5,1.18E-4,-6.0
2.9999999999999997E-5,1.1999999999999999E-4,-6.0
2.9999999999999997E-5,1.22E-4,-6.0
2.9999999999999997E-5,1.24E-4,-6.0
2.9999999999999997E-5,1.26E-4,-6.0
2.9999999999999997E-5,1.28E-4,-6.0
2.9999999999999997E-5,1.3E-4,-6.0
2.9999999999999997E-5,1.3199999999999998E-4,-6.0
2.9999999999999997E-5,1.34E-4,-6.0
2.9999999999999997E-5,1.36E-4,-6.0
2.9999999999999997E-5,1.38E-4,-6.0
2.9999999999999997E-5,1.4E-4,-6.0
2.9999999999999997E-5,1.4199999999999998E-4,-6.0
2.9999999999999997E-5,1.44E-4,-6.0
2.9999999999999997E-5,1.46E-4,-6.0
2.9999999999999997E-5,1.48E-4,-6.0
2.9999999999999997E-5,1.5E-4,-6.0
2.9999999999999997E-5,1.5199999999999998E-4,-6.0
2.9999999999999997E-5,1.54E-4,-6.0
2.9999999999999997E-5,1.56E-4,-6.0
2.9999999999999997E-5,1.58E-4,-6.0
2.9999999999999997E-5,1.5999999999999999E-4,-6.0
2.9999999999999997E-5,1.6199999999999998E-4,-6.0
2.9999999999999997E-5,1.64E-4,-6.0
2.9999999999999997E-5,1.66E-4,-6.0
2.9999999999999997E-5,1.68E-4,-6.0
2.9999999999999997E-5,1.6999999999999999E-4,-6.0
2.9999999999999997E-5,1.7199999999999998E-4,-6.0
2.9999999999999997E-5,1.74E-4,-6.0
2.9999999999999997E-5,1.76E-4,-6.0
2.9999999999999997E-5,1.78E-4,-6.0
3.2E-5,0.0,-6.0
3.2E-5,2.0E-6,-6.0
3.2E-5,4.0E-6,-6.0
3.2E-5,6.0E-6,-6.0
3.2E-5,8.0E-6,-6.0
3.2E-5,9.999999999999999E-6,-6.0
3.2E-5,1.2E-5,-6.0
3.2E-5,1.4E-5,-6.0
3.2E-5,1.6E-5,-6.0
3.2E-5,1.8E-5,-6.0
3.2E-5,1.9999999999999998E-5,-6.0
3.2E-5,2.2E-5,-6.0
3.2E-5,2.4E-5,-6.0
3.2E-5,2.6E-5,-6.0
3.2E-5,2.8E-5,-6.0
3.2E-5,2.9999999999999997E-5,-6.0
3.2E-5,3.2E-5,-6.0
3.2E-5,3.4E-5,-6.0
3.2E-5,3.6E-5,-6.0
3.2E-5,3.7999999999999995E-5,-6.0
3.2E-5,3.9999999999999996E-5,-6.0
3.2E-5,4.2E-5,-6.0
3.2E-5,4.4E-5,-6.0
3.2E-5,4.6E-5,-6.0
3.2E-5,4.8E-5,-6.0
3.2E-5,4.9999999999999996E-5,-6.0
3.2E-5,5.2E-5,-6.0
3.2E-5,5.4E-5,-6.0
3.2E-5,5.6E-5,-6.0
3.2E-5,5.8E-5,-6.0
3.2E-5,5.9999999999999995E-5,-6.0
3.2E-5,6.2E-5,-6.0
3.2E-5,6.4E-5,-6.0
3.2E-5,6.599999999999999E-5,-6.0
3.2E-5,6.8E-5,-6.0
3.2E-5,7.0E-5,-6.0
3.2E-5,7.2E-5,-6.0
3.2E-5,7.4E-5,-6.0
3.2E-5,7.599999999999999E-5,-6.0
3.2E-5,7.8E-5,-6.0
3.2E-5,7.999999999999999E-5,-6.0
3.2E-5,8.2E-5,-6.0
3.2E-5,8.4E-5,-6.0
3.2E-5,8.599999999999999E-5,-6.0
3.2E-5,8.8E-5,-6.0
3.2E-5,8.999999999999999E-5,-6.0
3.2E-5,9.2E-5,-6.0
3.2E-5,9.4E-5,-6.0
3.2E-5,9.6E-5,-6.0
3.2E-5,9.8E-5,-6.0
3.2E-5,9.999999999999999E-5,-6.0
3.2E-5,1.02E-4,-6.0
3.2E-5,1.04E-4,-6.0
3.2E-5,1.06E-4,-6.0
3.2E-5,1.08E-4,-6.0
3.2E-5,1.0999999999999999E-4,-6.0
3.2E-5,1.12E-4,-6.0
3.2E-5,1.1399999999999999E-4,-6.0
3.2E-5,1.16E-4,-6.0
3.2E-5,1.18E-4,-6.0
3.2E-5,1.1999999999999999E-4,-6.0
3.2E-5,1.22E-4,-6.0
3.2E-5,1.24E-4,-6.0
3.2E-5,1.26E-4,-6.0
3.2E-5,1.28E-4,-6.0
3.2E-5,1.3E-4,-6.0
3.2E-5,1.3199999999999998E-4,-6.0
3.2E-5,1.34E-4,-6.0
3.2E-5,1.36E-4,-6.0
3.2E-5,1.38E-4,-6.0
3.2E-5,1.4E-4,-6.0
3.2E-5,1.4199999999999998E-4,-6.0
3.2E-5,1.44E-4,-6.0
3.2E-5,1.46E-4,-6.0
3.2E-5,1.48E-4,-6.0
3.2E-5,1.5E-4,-6.0
3.2E-5,1.5199999999999998E-4,-6.0
3.2E-5,1.54E-4,-6.0
3.2E-5,1.56E-4,-6.0
3.2E-5,1.58E-4,-6.0
3.2E-5,1.5999999999999999E-4,-6.0
3.2E-5,1.6199999999999998E-4,-6.0
3.2E-5,1.64E-4,-6.0
3.2E-5,1.66E-4,-6.0
3.2E-5,1.68E-4,-6.0
3.2E-5,1.6999999999999999E-4,-6.0
3.2E-5,1.7199999999999998E-4,-6.0
3.2E-5,1.74E-4,-6.0
3.2E-5,1.76E-4,-6.0
3.2E-5,1.78E-4,-6.0
3.4E-5,0.0,-6.0
3.4E-5,2.0E-6,-6.0
3.4E-5,4.0E-6,-6.0
3.4E-5,6.0E-6,-6.0
3.4E-5,8.0E-6,-6.0
3.4E-5,9.999999999999999E-6,-6.0
3.4E-5,1.2E-5,-6.0
3.4E-5,1.4E-5,-6.0
3.4E-5,1.6E-5,-6.0
3.4E-5,1.8E-5,-6.0
3.4E-5,1.9999999999999998E-5,-6.0
3.4E-5,2.2E-5,-6.0
3.4E-5,2.4E-5,-6.0
3.4E-5,2.6E-5,-6.0
3.4E-5,2.8E-5,-6.0
3.4E-5,2.9999999999999997E-5,-6.0
3.4E-5,3.2E-5,-6.0
3.4E-5,3.4E-5,-6.0
3.4E-5,3.6E-5,-6.0
3.4E-5,3.7999999999999995E-5,-6.0
3.4E-5,3.9999999999999996E-5,-6.0
3.4E-5,4.2E-5,-6.0
3.4E-5,4.4E-5,-6.0
3.4E-5,4.6E-5,-6.0
3.4E-5,4.8E-5,-6.0
3.4E-5,4.9999999999999996E-5,-6.0
3.4E-5,5.2E-5,-6.0
3.4E-5,5.4E-5,-6.0
3.4E-5,5.6E-5,-6.0
3.4E-5,5.8E-5,-6.0
3.4E-5,5.9999999999999995E-5,-6.0
3.4E-5,6.2E-5,-6.0
3.4E-5,6.4E-5,-6.0
3.4E-5,6.599999999999999E-5,-6.0
3.4E-5,6.8E-5,-6.0
3.4E-5,7.0E-5,-6.0
3.4E-5,7.2E-5,-6.0
3.4E-5,7.4E-5,-6.0
3.4E-5,7.599999999999999E-5,-6.0
3.4E-5,7.8E-5,-6.0
3.4E-5,7.999999999999999E-5,-6.0
3.4E-5,8.2E-5,-6.0
3.4E-5,8.4E-5,-6.0
3.4E-5,8.599999999999999E-5,-6.0
3.4E-5,8.8E-5,-6.0
3.4E-5,8.999999999999999E-5,-6.0
3.4E-5,9.2E-5,-6.0
3.4E-5,9.4E-5,-6.0
3.4E-5,9.6E-5,-6.0
3.4E-5,9.8E-5,-6.0
3.4E-5,9.999999999999999E-5,-6.0
3.4E-5,1.02E-4,-6.0
3.4E-5,1.04E-4,-6.0
3.4E-5,1.06E-4,-6.0
3.4E-5,1.08E-4,-6.0
3.4E-5,1.0999999999999999E-4,-6.0
3.4E-5,1.12E-4,-6.0
3.4E-5,1.1399999999999999E-4,-6.0
3.4E-5,1.16E-4,-6.0
3.4E-5,1.18E-4,-6.0
3.4E-5,1.1999999999999999E-4,-6.0
3.4E-5,1.22E-4,-6.0
3.4E-5,1.24E-4,-6.0
3.4E-5,1.26E-4,-6.0
3.4E-5,1.28E-4,-6.0
3.4E-5,1.3E-4,-6.0
3.4E-5,1.3199999999999998E-4,-6.0
3.4E-5,1.34E-4,-6.0
3.4E-5,1.36E-4,-6.0
3.4E-5,1.38E-4,-6.0
3.4E-5,1.4E-4,-6.0
3.4E-5,1.4199999999999998E-4,-6.0
3.4E-5,1.44E-4,-6.0
3.4E-5,1.46E-4,-6.0
3.4E-5,1.48E-4,-6.0
3.4E-5,1.5E-4,-6.0
3.4E-5,1.5199999999999998E-4,-6.0
3.4E-5,1.54E-4,-6.0
3.4E-5,1.56E-4,-6.0
3.4E-5,1.58E-4,-6.0
3.4E-5,1.5999999999999999E-4,-6.0
3.4E-5,1.6199999999999998E-4,-6.0
3.4E-5,1.64E-4,-6.0
3.4E-5,1.66E-4,-6.0
3.4E-5,1.68E-4,-6.0
3.4E-5,1.6999999999999999E-4,-6.0
3.4E-5,1.7199999999999998E-4,-6.0
3.4E-5,1.74E-4,-6.0
3.4E-5,1.76E-4,-6.0
3.4E-5,1.78E-4,-6.0
3.6E-5,0.0,-6.0
3.6E-5,2.0E-6,-6.0
3.6E-5,4.0E-6,-6.0
3.6E-5,6.0E-6,-6.0
3.6E-5,8.0E-6,-6.0
3.6E-5,9.999999999999999E-6,-6.0
3.6E-5,1.2E-5,-6.0
3.6E-5,1.4E-5,-6.0
3.6E-5,1.6E-5,-6.0
3.6E-5,1.8E-5,-6.0
3.6E-5,1.9999999999999998E-5,-6.0
3.6E-5,2.2E-5,-6.0
3.6E-5,2.4E-5,-6.0
3.6E-5,2.6E-5,-6.0
3.6E-5,2.8E-5,-6.0
3.6E-5,2.9999999999999997E-5,-6.0
3.6E-5,3.2E-5,-6.0
3.6E-5,3.4E-5,-6.0
3.6E-5,3.6E-5,-6.0
3.6E-5,3.7999999999999995E-5,-6.0
3.6E-5,3.9999999999999996E-5,-6.0
3.6E-5,4.2E-5,-6.0
3.6E-5,4.4E-5,-6.0
3.6E-5,4.6E-5,-6.0
3.6E-5,4.8E-5,-6.0
3.6E-5,4.9999999999999996E-5,-6.0
3.6E-5,5.2E-5,-6.0
3.6E-5,5.4E-5,-6.0
3.6E-5,5.6E-5,-6.0
3.6E-5,5.8E-5,-6.0
3.6E-5,5.9999999999999995E-5,-6.0
3.6E-5,6.2E-5,-6.0
3.6E-5,6.4E-5,-6.0
3.6E-5,6.599999999999999E-5,-6.0
3.6E-5,6.8E-5,-6.0
3.6E-5,7.0E-5,-6.0
3.6E-5,7.2E-5,-6.0
3.6E-5,7.4E-5,-6.0
3.6E-5,7.599999999999999E-5,-6.0
3.6E-5,7.8E-5,-6.0
3.6E-5,7.999999999999999E-5,-6.0
3.6E-5,8.2E-5,-6.0
3.6E-5,8.4E-5,-6.0
3.6E-5,8.599999999999999E-5,-6.0
3.6E-5,8.8E-5,-6.0
3.6E-5,8.999999999999999E-5,-6.0
3.6E-5,9.2E-5,-6.0
3.6E-5,9.4E-5,-6.0
3.6E-5,9.6E-5,-6.0
3.6E-5,9.8E-5,-6.0
3.6E-5,9.999999999999999E-5,-6.0
3.6E-5,1.02E-4,-6.0
3.6E-5,1.04E-4,-6.0
3.6E-5,1.06E-4,-6.0
3.6E-5,1.08E-4,-6.0
3.6E-5,1.0999999999999999E-4,-6.0
3.6E-5,1.12E-4,-6.0
3.6E-5,1.1399999999999999E-4,-6.0
3.6E-5,1.16E-4,-6.0
3.6E-5,1.18E-4,-6.0
3.6E-5,1.1999999999999999E-4,-6.0
3.6E-5,1.22E-4,-6.0
3.6E-5,1.24E-4,-6.0
3.6E-5,1.26E-4,-6.0
3.6E-5,1.28E-4,-6.0
3.6E-5,1.3E-4,-6.0
3.6E-5,1.3199999999999998E-4,-6.0
3.6E-5,1.34E-4,-6.0
3.6E-5,1.36E-4,-6.0
3.6E-5,1.38E-4,-6.0
3.6E-5,1.4E-4,-6.0
3.6E-5,1.4199999999999998E-4,-6.0
3.6E-5,1.44E-4,-6.0
3.6E-5,1.46E-4,-6.0
3.6E-5,1.48E-4,-6.0
3.6E-5,1.5E-4,-6.0
3.6E-5,1.5199999999999998E-4,-6.0
3.6E-5,1.54E-4,-6.0
3.6E-5,1.56E-4,-6.0
3.6E-5,1.58E-4,-6.0
3.6E-5,1.5999999999999999E-4,-6.0
3.6E-5,1.6199999999999998E-4,-6.0
3.6E-5,1.64E-4,-6.0
3.6E-5,1.66E-4,-6.0
3.6E-5,1.68E-4,-6.0
3.6E-5,1.6999999999999999E-4,-6.0
3.6E-5,1.7199999999999998E-4,-6.0
3.6E-5,1.74E-4,-6.0
3.6E-5,1.76E-4,-6.0
3.6E-5,1.78E-4,-6.0
3.7999999999999995E-5,0.0,-6.0
3.7999999999999995E-5,2.0E-6,-6.0
3.7999999999999995E-5,4.0E-6,-6.0
3.7999999999999995E-5,6.0E-6,-6.0
3.7999999999999995E-5,8.0E-6,-6.0
3.7999999999999995E-5,9.999999999999999E-6,-6.0
3.7999999999999995E-5,1.2E-5,-6.0
3.7999999999999995E-5,1.4E-5,-6.0
3.7999999999999995E-5,1.6E-5,-6.0
3.7999999999999995E-5,1.8E-5,-6.0
3.7999999999999995E-5,1.9999999999999998E-5,-6.0
3.7999999999999995E-5,2.2E-5,-6.0
3.7999999999999995E-5,2.4E-5,-6.0
3.7999999999999995E-5,2.6E-5,-6.0
3.7999999999999995E-5,2.8E-5,-6.0
3.7999999999999995E-5,2.9999999999999997E-5,-6.0
3.7999999999999995E-5,3.2E-5,-6.0
3.7999999999999995E-5,3.4E-5,-6.0
3.7999999999999995E-5,3.6E-5,-6.0
3.7999999999999995E-5,3.7999999999999995E-5,-6.0
3.7999999999999995E-5,3.9999999999999996E-5,-6.0
3.7999999999999995E-5,4.2E-5,-6.0
3.7999999999999995E-5,4.4E-5,-6.0
3.7999999999999995E-5,4.6E-5,-6.0
3.7999999999999995E-5,4.8E-5,-6.0
3.7999999999999995E-5,4.9999999999999996E-5,-6.0
3.7999999999999995E-5,5.2E-5,-6.0
3.7999999999999995E-5,5.4E-5,-6.0
3.7999999999999995E-5,5.6E-5,-6.0
3.7999999999999995E-5,5.8E-5,-6.0
3.7999999999999995E-5,5.9999999999999995E-5,-6.0
3.7999999999999995E-5,6.2E-5,-6.0
3.7999999999999995E-5,6.4E-5,-6.0
3.7999999999999995E-5,6.599999999999999E-5,-6.0
3.7999999999999995E-5,6.8E-5,-6.0
3.7999999999999995E-5,7.0E-5,-6.0
3.7999999999999995E-5,7.2E-5,-6.0
3.7999999999999995E-5,7.4E-5,-6.0
3.7999999999999995E-5,7.599999999999999E-5,-6.0
3.7999999999999995E-5,7.8E-5,-6.0
3.7999999999999995E-5,7.999999999999999E-5,-6.0
3.7999999999999995E-5,8.2E-5,-6.0
3.7999999999999995E-5,8.4E-5,-6.0
3.7999999999999995E-5,8.599999999999999E-5,-6.0
3.7999999999999995E-5,8.8E-5,-6.0
3.7999999999999995E-5,8.999999999999999E-5,-6.0
3.7999999999999995E-5,9.2E-5,-6.0
3.7999999999999995E-5,9.4E-5,-6.0
3.7999999999999995E-5,9.6E-5,-6.0
3.7999999999999995E-5,9.8E-5,-6.0
3.7999999999999995E-5,9.999999999999999E-5,-6.0
3.7999999999999995E-5,1.02E-4,-6.0
3.7999999999999995E-5,1.04E-4,-6.0
3.7999999999999995E-5,1.06E-4,-6.0
3.7999999999999995E-5,1.08E-4,-6.0
3.7999999999999995E-5,1.0999999999999999E-4,-6.0
3.7999999999999995E-5,1.12E-4,-6.0
3.7999999999999995E-5,1.1399999999999999E-4,-6.0
3.7999999999999995E-5,1.16E-4,-6.0
3.7999999999999995E-5,1.18E-4,-6.0
3.7999999999999995E-5,1.1999999999999999E-4,-6.0
3.7999999999999995E-5,1.22E-4,-6.0
3.7999999999999995E-5,1.24E-4,-6.0
3.7999999999999995E-5,1.26E-4,-6.0
3.7999999999999995E-5,1.28E-4,-6.0
3.7999999999999995E-5,1.3E-4,-6.0
3.7999999999999995E-5,1.3199999999999998E-4,-6.0
3.7999999999999995E-5,1.34E-4,-6.0
3.7999999999999995E-5,1.36E-4,-6.0
3.7999999999999995E-5,1.38E-4,-6.0
3.7999999999999995E-5,1.4E-4,-6.0
3.7999999999999995E-5,1.4199999999999998E-4,-6.0
3.7999999999999995E-5,1.44E-4,-6.0
3.7999999999999995E-5,1.46E-4,-6.0
3.7999999999999995E-5,1.48E-4,-6.0
3.7999999999999995E-5,1.5E-4,-6.0
3.7999999999999995E-5,1.5199999999999998E-4,-6.0
3.7999999999999995E-5,1.54E-4,-6.0
3.7999999999999995E-5,1.56E-4,-6.0
3.7999999999999995E-5,1.58E-4,-6.0
3.7999999999999995E-5,1.5999999999999999E-4,-6.0
3.7999999999999995E-5,1.6199999999999998E-4,-6.0
3.7999999999999995E-5,1.64E-4,-6.0
3.7999999999999995E-5,1.66E-4,-6.0
3.7999999999999995E-5,1.68E-4,-6.0
3.7999999999999995E-5,1.6999999999999999E-4,-6.0
3.7999999999999995E-5,1.7199999999999998E-4,-6.0
3.7999999999999995E-5,1.74E-4,-6.0
3.7999999999999995E-5,1.76E-4,-6.0
3.7999999999999995E-5,1.78E-4,-6.0
3.9999999999999996E-5,0.0,-6.0
3.9999999999999996E-5,2.0E-6,-6.0
3.9999999999999996E-5,4.0E-6,-6.0
3.9999999999999996E-5,6.0E-6,-6.0
3.9999999999999996E-5,8.0E-6,-6.0
3.9999999999999996E-5,9.999999999999999E-6,-6.0
3.9999999999999996E-5,1.2E-5,-6.0
3.9999999999999996E-5,1.4E-5,-6.0
3.9999999999999996E-5,1.6E-5,-6.0
3.9999999999999996E-5,1.8E-5,-6.0
3.9999999999999996E-5,1.9999999999999998E-5,-6.0
3.9999999999999996E-5,2.2E-5,-6.0
3.9999999999999996E-5,2.4E-5,-6.0
3.9999999999999996E-5,2.6E-5,-6.0
3.9999999999999996E-5,2.8E-5,-6.0
3.9999999999999996E-5,2.9999999999999997E-5,-6.0
3.9999999999999996E-5,3.2E-5,-6.0
3.9999999999999996E-5,3.4E-5,-6.0
3.9999999999999996E-5,3.6E-5,-6.0
3.9999999999999996E-5,3.7999999999999995E-5,-6.0
3.9999999999999996E-5,3.9999999999999996E-5,-6.0
3.9999999999999996E-5,4.2E-5,-6.0
3.9999999999999996E-5,4.4E-5,-6.0
3.9999999999999996E-5,4.6E-5,-6.0
3.9999999999999996E-5,4.8E-5,-6.0
3.9999999999999996E-5,4.9999999999999996E-5,-6.0
3.9999999999999996E-5,5.2E-5,-6.0
3.9999999999999996E-5,5.4E-5,-6.0
3.9999999999999996E-5,5.6E-5,-6.0
3.9999999999999996E-5,5.8E-5,-6.0
3.9999999999999996E-5,5.9999999999999995E-5,-6.0
3.9999999999999996E-5,6.2E-5,-6.0
3.9999999999999996E-5,6.4E-5,-6.0
3.9999999999999996E-5,6.599999999999999E-5,-6.0
3.9999999999999996E-5,6.8E-5,-6.0
3.9999999999999996E-5,7.0E-5,-6.0
3.9999999999999996E-5,7.2E-5,-6.0
3.9999999999999996E-5,7.4E-5,-6.0
3.9999999999999996E-5,7.599999999999999E-5,-6.0
3.9999999999999996E-5,7.8E-5,-6.0
3.9999999999999996E-5,7.999999999999999E-5,-6.0
3.9999999999999996E-5,8.2E-5,-6.0
3.9999999999999996E-5,8.4E-5,-6.0
3.9999999999999996E-5,8.599999999999999E-5,-6.0
3.9999999999999996E-5,8.8E-5,-6.0
3.9999999999999996E-5,8.999999999999999E-5,-6.0
3.9999999999999996E-5,9.2E-5,-6.0
3.9999999999999996E-5,9.4E-5,-6.0
3.9999999999999996E-5,9.6E-5,-6.0
3.9999999999999996E-5,9.8E-5,-6.0
3.9999999999999996E-5,9.999999999999999E-5,-6.0
3.9999999999999996E-5,1.02E-4,-6.0
3.9999999999999996E-5,1.04E-4,-6.0
3.9999999999999996E-5,1.06E-4,-6.0
3.9999999999999996E-5,1.08E-4,-6.0
3.9999999999999996E-5,1.0999999999999999E-4,-6.0
3.9999999999999996E-5,1.12E-4,-6.0
3.9999999999999996E-5,1.1399999999999999E-4,-6.0
3.9999999999999996E-5,1.16E-4,-6.0
3.9999999999999996E-5,1.18E-4,-6.0
3.9999999999999996E-5,1.1999999999999999E-4,-6.0
3.9999999999999996E-5,1.22E-4,-6.0
3.9999999999999996E-5,1.24E-4,-6.0
3.9999999999999996E-5,1.26E-4,-6.0
3.9999999999999996E-5,1.28E-4,-6.0
3.9999999999999996E-5,1.3E-4,-6.0
3.9999999999999996E-5,1.3199999999999998E-4,-6.0
3.9999999999999996E-5,1.34E-4,-6.0
3.9999999999999996E-5,1.36E-4,-6.0
3.9999999999999996E-5,1.38E-4,-6.0
3.9999999999999996E-5,1.4E-4,-6.0
3.9999999999999996E-5,1.4199999999999998E-4,-6.0
3.9999999999999996E-5,1.44E-4,-6.0
3.9999999999999996E-5,1.46E-4,-6.0
3.9999999999999996E-5,1.48E-4,-6.0
3.9999999999999996E-5,1.5E-4,-6.0
3.9999999999999996E-5,1.5199999999999998E-4,-6.0
3.9999999999999996E-5,1.54E-4,-6.0
3.9999999999999996E-5,1.56E-4,-6.0
3.9999999999999996E-5,1.58E-4,-6.0
3.9999999999999996E-5,1.5999999999999999E-4,-6.0
3.9999999999999996E-5,1.6199999999999998E-4,-6.0
3.9999999999999996E-5,1.64E-4,-6.0
3.9999999999999996E-5,1.66E-4,-6.0
3.9999999999999996E-5,1.68E-4,-6.0
3.9999999999999996E-5,1.6999999999999999E-4,-6.0
3.9999999999999996E-5,1.7199999999999998E-4,-6.0
3.9999999999999996E-5,1.74E-4,-6.0
3.9999999999999996E-5,1.76E-4,-6.0
3.9999999999999996E-5,1.78E-4,-6.0
4.2E-5,0.0,-6.0
4.2E-5,2.0E-6,-6.0
4.2E-5,4.0E-6,-6.0
4.2E-5,6.0E-6,-6.0
4.2E-5,8.0E-6,-6.0
4.2E-5,9.999999999999999E-6,-6.0
4.2E-5,1.2E-5,-6.0
4.2E-5,1.4E-5,-6.0
4.2E-5,1.6E-5,-6.0
4.2E-5,1.8E-5,-6.0
4.2E-5,1.9999999999999998E-5,-6.0
4.2E-5,2.2E-5,-6.0
4.2E-5,2.4E-5,-6.0
4.2E-5,2.6E-5,-6.0
4.2E-5,2.8E-5,-6.0
4.2E-5,2.9999999999999997E-5,-6.0
4.2E-5,3.2E-5,-6.0
4.2E-5,3.4E-5,-6.0
4.2E-5,3.6E-5,-6.0
4.2E-5,3.7999999999999995E-5,-6.0
4.2E-5,3.9999999999999996E-5,-6.0
4.2E-5,4.2E-5,-6.0
4.2E-5,4.4E-5,-6.0
4.2E-5,4.6E-5,-6.0
4.2E-5,4.8E-5,-6.0
4.2E-5,4.9999999999999996E-5,-6.0
4.2E-5,5.2E-5,-6.0
4.2E-5,5.4E-5,-6.0
4.2E-5,5.6E-5,-6.0
4.2E-5,5.8E-5,-6.0
4.2E-5,5.9999999999999995E-5,-6.0
4.2E-5,6.2E-5,-6.0
4.2E-5,6.4E-5,-6.0
4.2E-5,6.599999999999999E-5,-6.0
4.2E-5,6.8E-5,-6.0
4.2E-5,7.0E-5,-6.0
4.2E-5,7.2E-5,-6.0
4.2E-5,7.4E-5,-6.0
4.2E-5,7.599999999999999E-5,-6.0
4.2E-5,7.8E-5,-6.0
4.2E-5,7.999999999999999E-5,-6.0
4.2E-5,8.2E-5,-6.0
4.2E-5,8.4E-5,-6.0
4.2E-5,8.599999999999999E-5,-6.0
4.2E-5,8.8E-5,-6.0
4.2E-5,8.999999999999999E-5,-6.0
4.2E-5,9.2E-5,-6.0
4.2E-5,9.4E-5,-6.0
4.2E-5,9.6E-5,-6.0
4.2E-5,9.8E-5,-6.0
4.2E-5,9.999999999999999E-5,-6.0
4.2E-5,1.02E-4,-6.0
4.2E-5,1.04E-4,-6.0
4.2E-5,1.06E-4,-6.0
4.2E-5,1.08E-4,-6.0
4.2E-5,1.0999999999999999E-4,-6.0
4.2E-5,1.12E-4,-6.0
4.2E-5,1.1399999999999999E-4,-6.0
4.2E-5,1.16E-4,-6.0
4.2E-5,1.18E-4,-6.0
4.2E-5,1.1999999999999999E-4,-6.0
4.2E-5,1.22E-4,-6.0
4.2E-5,1.24E-4,-6.0
4.2E-5,1.26E-4,-6.0
4.2E-5,1.28E-4,-6.0
4.2E-5,1.3E-4,-6.0
4.2E-5,1.3199999999999998E-4,-6.0
4.2E-5,1.34E-4,-6.0
4.2E-5,1.36E-4,-6.0
4.2E-5,1.38E-4,-6.0
4.2E-5,1.4E-4,-6.0
4.2E-5,1.4199999999999998E-4,-6.0
4.2E-5,1.44E-4,-6.0
4.2E-5,1.46E-4,-6.0
4.2E-5,1.48E-4,-6.0
4.2E-5,1.5E-4,-6.0
4.2E-5,1.5199999999999998E-4,-6.0
4.2E-5,1.54E-4,-6.0
4.2E-5,1.56E-4,-6.0
4.2E-5,1.58E-4,-6.0
4.2E-5,1.5999999999999999E-4,-6.0
4.2E-5,1.6199999999999998E-4,-6.0
4.2E-5,1.64E-4,-6.0
4.2E-5,1.66E-4,-6.0
4.2E-5,1.68E-4,-6.0
4.2E-5,1.6999999999999999E-4,-6.0
4.2E-5,1.7199999999999998E-4,-6.0
4.2E-5,1.74E-4,-6.0
4.2E-5,1.76E-4,-6.0
4.2E-5,1.78E-4,-6.0
4.4E-5,0.0,-6.0
4.4E-5,2.0E-6,-6.0
4.4E-5,4.0E-6,-6.0
4.4E-5,6.0E-6,-6.0
4.4E-5,8.0E-6,-6.0
4.4E-5,9.999999999999999E-6,-6.0
4.4E-5,1.2E-5,-6.0
4.4E-5,1.4E-5,-6.0
4.4E-5,1.6E-5,-6.0
4.4E-5,1.8E-5,-6.0
4.4E-5,1.9999999999999998E-5,-6.0
4.4E-5,2.2E-5,-6.0
4.4E-5,2.4E-5,-6.0
4.4E-5,2.6E-5,-6.0
4.4E-5,2.8E-5,-6.0
4.4E-5,2.9999999999999997E-5,-6.0
4.4E-5,3.2E-5,-6.0
4.4E-5,3.4E-5,-6.0
4.4E-5,3.6E-5,-6.0
4.4E-5,3.7999999999999995E-5,-6.0
4.4E-5,3.9999999999999996E-5,-6.0
4.4E-5,4.2E-5,-6.0
4.4E-5,4.4E-5,-6.0
4.4E-5,4.6E-5,-6.0
4.4E-5,4.8E-5,-6.0
4.4E-5,4.9999999999999996E-5,-6.0
4.4E-5,5.2E-5,-6.0
4.4E-5,5.4E-5,-6.0
4.4E-5,5.6E-5,-6.0
4.4E-5,5.8E-5,-6.0
4.4E-5,5.9999999999999995E-5,-6.0
4.4E-5,6.2E-5,-6.0
4.4E-5,6.4E-5,-6.0
4.4E-5,6.599999999999999E-5,-6.0
4.4E-5,6.8E-5,-6.0
4.4E-5,7.0E-5,-6.0
4.4E-5,7.2E-5,-6.0
4.4E-5,7.4E-5,-6.0
4.4E-5,7.599999999999999E-5,-6.0
4.4E-5,7.8E-5,-6.0
4.4E-5,7.999999999999999E-5,-6.0
4.4E-5,8.2E-5,-6.0
4.4E-5,8.4E-5,-6.0
4.4E-5,8.599999999999999E-5,-6.0
4.4E-5,8.8E-5,-6.0
4.4E-5,8.999999999999999E-5,-6.0
4.4E-5,9.2E-5,-6.0
4.4E-5,9.4E-5,-6.0
4.4E-5,9.6E-5,-6.0
4.4E-5,9.8E-5,-6.0
4.4E-5,9.999999999999999E-5,-6.0
4.4E-5,1.02E-4,-6.0
4.4E-5,1.04E-4,-6.0
4.4E-5,1.06E-4,-6.0
4.4E-5,1.08E-4,-6.0
4.4E-5,1.0999999999999999E-4,-6.0
4.4E-5,1.12E-4,-6.0
4.4E-5,1.1399999999999999E-4,-6.0
4.4E-5,1.16E-4,-6.0
4.4E-5,1.18E-4,-6.0
4.4E-5,1.1999999999999999E-4,-6.0
4.4E-5,1.22E-4,-6.0
4.4E-5,1.24E-4,-6.0
4.4E-5,1.26E-4,-6.0
4.4E-5,1.28E-4,-6.0
4.4E-5,1.3E-4,-6.0
4.4E-5,1.3199999999999998E-4,-6.0
4.4E-5,1.34E-4,-6.0
4.4E-5,1.36E-4,-6.0
4.4E-5,1.38E-4,-6.0
4.4E-5,1.4E-4,-6.0
4.4E-5,1.4199999999999998E-4,-6.0
4.4E-5,1.44E-4,-6.0
4.4E-5,1.46E-4,-6.0
4.4E-5,1.48E-4,-6.0
4.4E-5,1.5E-4,-6.0
4.4E-5,1.5199999999999998E-4,-6.0
4.4E-5,1.54E-4,-6.0
4.4E-5,1.56E-4,-6.0
4.4E-5,1.58E-4,-6.0
4.4E-5,1.5999999999999999E-4,-6.0
4.4E-5,1.6199999999999998E-4,-6.0
4.4E-5,1.64E-4,-6.0
4.4E-5,1.66E-4,-6.0
4.4E-5,1.68E-4,-6.0
4.4E-5,1.6999999999999999E-4,-6.0
4.4E-5,1.7199999999999998E-4,-6.0
4.4E-5,1.74E-4,-6.0
4.4E-5,1.76E-4,-6.0
4.4E-5,1.78E-4,-6.0
4.6E-5,0.0,-6.0
4.6E-5,2.0E-6,-6.0
4.6E-5,4.0E-6,-6.0
4.6E-5,6.0E-6,-6.0
4.6E-5,8.0E-6,-6.0
4.6E-5,9.999999999999999E-6,-6.0
4.6E-5,1.2E-5,-6.0
4.6E-5,1.4E-5,-6.0
4.6E-5,1.6E-5,-6.0
4.6E-5,1.8E-5,-6.0
4.6E-5,1.9999999999999998E-5,-6.0
4.6E-5,2.2E-5,-6.0
4.6E-5,2.4E-5,-6.0
4.6E-5,2.6E-5,-6.0
4.6E-5,2.8E-5,-6.0
4.6E-5,2.9999999999999997E-5,-6.0
4.6E-5,3.2E-5,-6.0
4.6E-5,3.4E-5,-6.0
4.6E-5,3.6E-5,-6.0
4.6E-5,3.7999999999999995E-5,-6.0
4.6E-5,3.9999999999999996E-5,-6.0
4.6E-5,4.2E-5,-6.0
4.6E-5,4.4E-5,-6.0
4.6E-5,4.6E-5,-6.0
4.6E-5,4.8E-5,-6.0
4.6E-5,4.9999999999999996E-5,-6.0
4.6E-5,5.2E-5,-6.0
4.6E-5,5.4E-5,-6.0
4.6E-5,5.6E-5,-6.0
4.6E-5,5.8E-5,-6.0
4.6E-5,5.9999999999999995E-5,-6.0
4.6E-5,6.2E-5,-6.0
4.6E-5,6.4E-5,-6.0
4.6E-5,6.599999999999999E-5,-6.0
4.6E-5,6.8E-5,-6.0
4.6E-5,7.0E-5,-6.0
4.6E-5,7.2E-5,-6.0
4.6E-5,7.4E-5,-6.0
4.6E-5,7.599999999999999E-5,-6.0
4.6E-5,7.8E-5,-6.0
4.6E-5,7.999999999999999E-5,-6.0
4.6E-5,8.2E-5,-6.0
4.6E-5,8.4E-5,-6.0
4.6E-5,8.599999999999999E-5,-6.0
4.6E-5,8.8E-5,-6.0
4.6E-5,8.999999999999999E-5,-6.0
4.6E-5,9.2E-5,-6.0
4.6E-5,9.4E-5,-6.0
4.6E-5,9.6E-5,-6.0
4.6E-5,9.8E-5,-6.0
4.6E-5,9.999999999999999E-5,-6.0
4.6E-5,1.02E-4,-6.0
4.6E-5,1.04E-4,-6.0
4.6E-5,1.06E-4,-6.0
4.6E-5,1.08E-4,-6.0
4.6E-5,1.0999999999999999E-4,-6.0
4.6E-5,1.12E-4,-6.0
4.6E-5,1.1399999999999999E-4,-6.0
4.6E-5,1.16E-4,-6.0
4.6E-5,1.18E-4,-6.0
4.6E-5,1.1999999999999999E-4,-6.0
4.6E-5,1.22E-4,-6.0
4.6E-5,1.24E-4,-6.0
4.6E-5,1.26E-4,-6.0
4.6E-5,1.28E-4,-6.0
4.6E-5,1.3E-4,-6.0
4.6E-5,1.3199999999999998E-4,-6.0
4.6E-5,1.34E-4,-6.0
4.6E-5,1.36E-4,-6.0
4.6E-5,1.38E-4,-6.0
4.6E-5,1.4E-4,-6.0
4.6E-5,1.4199999999999998E-4,-6.0
4.6E-5,1.44E-4,-6.0
4.6E-5,1.46E-4,-6.0
4.6E-5,1.48E-4,-6.0
4.6E-5,1.5E-4,-6.0
4.6E-5,1.5199999999999998E-4,-6.0
4.6E-5,1.54E-4,-6.0
4.6E-5,1.56E-4,-6.0
4.6E-5,1.58E-4,-6.0
4.6E-5,1.5999999999999999E-4,-6.0
4.6E-5,1.6199999999999998E-4,-6.0
4.6E-5,1.64E-4,-6.0
4.6E-5,1.66E-4,-6.0
4.6E-5,1.68E-4,-6.0
4.6E-5,1.6999999999999999E-4,-6.0
4.6E-5,1.7199999999999998E-4,-6.0
4.6E-5,1.74E-4,-6.0
4.6E-5,1.76E-4,-6.0
4.6E-5,1.78E-4,-6.0
4.8E-5,0.0,-6.0
4.8E-5,2.0E-6,-6.0
4.8E-5,4.0E-6,-6.0
4.8E-5,6.0E-6,-6.0
4.8E-5,8.0E-6,-6.0
4.8E-5,9.999999999999999E-6,-6.0
4.8E-5,1.2E-5,-6.0
4.8E-5,1.4E-5,-6.0
4.8E-5,1.6E-5,-6.0
4.8E-5,1.8E-5,-6.0
4.8E-5,1.9999999999999998E-5,-6.0
4.8E-5,2.2E-5,-6.0
4.8E-5,2.4E-5,-6.0
4.8E-5,2.6E-5,-6.0
4.8E-5,2.8E-5,-6.0
4.8E-5,2.9999999999999997E-5,-6.0
4.8E-5,3.2E-5,-6.0
4.8E-5,3.4E-5,-6.0
4.8E-5,3.6E-5,-6.0
4.8E-5,3.7999999999999995E-5,-6.0
4.8E-5,3.9999999999999996E-5,-6.0
4.8E-5,4.2E-5,-6.0
4.8E-5,4.4E-5,-6.0
4.8E-5,4.6E-5,-6.0
4.8E-5,4.8E-5,-6.0
4.8E-5,4.9999999999999996E-5,-6.0
4.8E-5,5.2E-5,-6.0
4.8E-5,5.4E-5,-6.0
4.8E-5,5.6E-5,-6.0
4.8E-5,5.8E-5,-6.0
4.8E-5,5.9999999999999995E-5,-6.0
4.8E-5,6.2E-5,-6.0
4.8E-5,6.4E-5,-6.0
4.8E-5,6.599999999999999E-5,-6.0
4.8E-5,6.8E-5,-6.0
4.8E-5,7.0E-5,-6.0
4.8E-5,7.2E-5,-6.0
4.8E-5,7.4E-5,-6.0
4.8E-5,7.599999999999999E-5,-6.0
4.8E-5,7.8E-5,-6.0
4.8E-5,7.999999999999999E-5,-6.0
4.8E-5,8.2E-5,-6.0
4.8E-5,8.4E-5,-6.0
4.8E-5,8.599999999999999E-5,-6.0
4.8E-5,8.8E-5,-6.0
4.8E-5,8.999999999999999E-5,-6.0
4.8E-5,9.2E-5,-6.0
4.8E-5,9.4E-5,-6.0
4.8E-5,9.6E-5,-6.0
4.8E-5,9.8E-5,-6.0
4.8E-5,9.999999999999999E-5,-6.0
4.8E-5,1.02E-4,-6.0
4.8E-5,1.04E-4,-6.0
4.8E-5,1.06E-4,-6.0
4.8E-5,1.08E-4,-6.0
4.8E-5,1.0999999999999999E-4,-6.0
4.8E-5,1.12E-4,-6.0
4.8E-5,1.1399999999999999E-4,-6.0
4.8E-5,1.16E-4,-6.0
4.8E-5,1.18E-4,-6.0
4.8E-5,1.1999999999999999E-4,-6.0
4.8E-5,1.22E-4,-6.0
4.8E-5,1.24E-4,-6.0
4.8E-5,1.26E-4,-6.0
4.8E-5,1.28E-4,-6.0
4.8E-5,1.3E-4,-6.0
4.8E-5,1.3199999999999998E-4,-6.0
4.8E-5,1.34E-4,-6.0
4.8E-5,1.36E-4,-6.0
4.8E-5,1.38E-4,-6.0
4.8E-5,1.4E-4,-6.0
4.8E-5,1.4199999999999998E-4,-6.0
4.8E-5,1.44E-4,-6.0
4.8E-5,1.46E-4,-6.0
4.8E-5,1.48E-4,-6.0
4.8E-5,1.5E-4,-6.0
4.8E-5,1.5199999999999998E-4,-6.0
4.8E-5,1.54E-4,-6.0
4.8E-5,1.56E-4,-6.0
4.8E-5,1.58E-4,-6.0
4.8E-5,1.5999999999999999E-4,-6.0
4.8E-5,1.6199999999999998E-4,-6.0
4.8E-5,1.64E-4,-6.0
4.8E-5,1.66E-4,-6.0
4.8E-5,1.68E-4,-6.0
4.8E-5,1.6999999999999999E-4,-6.0
4.8E-5,1.7199999999999998E-4,-6.0
4.8E-5,1.74E-4,-6.0
4.8E-5,1.76E-4,-6.0
4.8E-5,1.78E-4,-6.0
4.9999999999999996E-5,0.0,-6.0
4.9999999999999996E-5,2.0E-6,-6.0
4.9999999999999996E-5,4.0E-6,-6.0
4.9999999999999996E-5,6.0E-6,-6.0
4.9999999999999996E-5,8.0E-6,-6.0
4.9999999999999996E-5,9.999999999999999E-6,-6.0
4.9999999999999996E-5,1.2E-5,-6.0
4.9999999999999996E-5,1.4E-5,-6.0
4.9999999999999996E-5,1.6E-5,-6.0
4.9999999999999996E-5,1.8E-5,-6.0
4.9999999999999996E-5,1.9999999999999998E-5,-6.0
4.9999999999999996E-5,2.2E-5,-6.0
4.9999999999999996E-5,2.4E-5,-6.0
4.9999999999999996E-5,2.6E-5,-6.0
4.9999999999999996E-5,2.8E-5,-6.0
4.9999999999999996E-5,2.9999999999999997E-5,-6.0
4.9999999999999996E-5,3.2E-5,-6.0
4.9999999999999996E-5,3.4E-5,-6.0
4.9999999999999996E-5,3.6E-5,-6.0
4.9999999999999996E-5,3.7999999999999995E-5,-6.0
4.9999999999999996E-5,3.9999999999999996E-5,-6.0
4.9999999999999996E-5,4.2E-5,-6.0
4.9999999999999996E-5,4.4E-5,-6.0
4.9999999999999996E-5,4.6E-5,-6.0
4.9999999999999996E-5,4.8E-5,-6.0
4.9999999999999996E-5,4.9999999999999996E-5,-6.0
4.9999999999999996E-5,5.2E-5,-6.0
4.9999999999999996E-5,5.4E-5,-6.0
4.9999999999999996E-5,5.6E-5,-6.0
4.9999999999999996E-5,5.8E-5,-6.0
4.9999999999999996E-5,5.9999999999999995E-5,-6.0
4.9999999999999996E-5,6.2E-5,-6.0
4.9999999999999996E-5,6.4E-5,-6.0
4.9999999999999996E-5,6.599999999999999E-5,-6.0
4.9999999999999996E-5,6.8E-5,-6.0
4.9999999999999996E-5,7.0E-5,-6.0
4.9999999999999996E-5,7.2E-5,-6.0
4.9999999999999996E-5,7.4E-5,-6.0
4.9999999999999996E-5,7.599999999999999E-5,-6.0
4.9999999999999996E-5,7.8E-5,-6.0
4.9999999999999996E-5,7.999999999999999E-5,-6.0
4.9999999999999996E-5,8.2E-5,-6.0
4.9999999999999996E-5,8.4E-5,-6.0
4.9999999999999996E-5,8.599999999999999E-5,-6.0
4.9999999999999996E-5,8.8E-5,-6.0
4.9999999999999996E-5,8.999999999999999E-5,-6.0
4.9999999999999996E-5,9.2E-5,-6.0
4.9999999999999996E-5,9.4E-5,-6.0
4.9999999999999996E-5,9.6E-5,-6.0
4.9999999999999996E-5,9.8E-5,-6.0
4.9999999999999996E-5,9.999999999999999E-5,-6.0
4.9999999999999996E-5,1.02E-4,-6.0
4.9999999999999996E-5,1.04E-4,-6.0
4.9999999999999996E-5,1.06E-4,-6.0
4.9999999999999996E-5,1.08E-4,-6.0
4.9999999999999996E-5,1.0999999999999999E-4,-6.0
4.9999999999999996E-5,1.12E-4,-6.0
4.9999999999999996E-5,1.1399999999999999E-4,-6.0
4.9999999999999996E-5,1.16E-4,-6.0
4.9999999999999996E-5,1.18E-4,-6.0
4.9999999999999996E-5,1.1999999999999999E-4,-6.0
4.9999999999999996E-5,1.22E-4,-6.0
4.9999999999999996E-5,1.24E-4,-6.0
4.9999999999999996E-5,1.26E-4,-6.0
4.9999999999999996E-5,1.28E-4,-6.0
4.9999999999999996E-5,1.3E-4,-6.0
4.9999999999999996E-5,1.3199999999999998E-4,-6.0
4.9999999999999996E-5,1.34E-4,-6.0
4.9999999999999996E-5,1.36E-4,-6.0
4.9999999999999996E-5,1.38E-4,-6.0
4.9999999999999996E-5,1.4E-4,-6.0
4.9999999999999996E-5,1.4199999999999998E-4,-6.0
4.9999999999999996E-5,1.44E-4,-6.0
4.9999999999999996E-5,1.46E-4,-6.0
4.9999999999999996E-5,1.48E-4,-6.0
4.9999999999999996E-5,1.5E-4,-6.0
4.9999999999999996E-5,1.5199999999999998E-4,-6.0
4.9999999999999996E-5,1.54E-4,-6.0
4.9999999999999996E-5,1.56E-4,-6.0
4.9999999999999996E-5,1.58E-4,-6.0
4.9999999999999996E-5,1.5999999999999999E-4,-6.0
4.9999999999999996E-5,1.6199999999999998E-4,-6.0
4.9999999999999996E-5,1.64E-4,-6.0
4.9999999999999996E-5,1.66E-4,-6.0
4.9999999999999996E-5,1.68E-4,-6.0
4.9999999999999996E-5,1.6999999999999999E-4,-6.0
4.9999999999999996E-5,1.7199999999999998E-4,-6.0
4.9999999999999996E-5,1.74E-4,-6.0
4.9999999999999996E-5,1.76E-4,-6.0
4.9999999999999996E-5,1.78E-4,-6.0
5.2E-5,0.0,-6.0
5.2E-5,2.0E-6,-6.0
5.2E-5,4.0E-6,-6.0
5.2E-5,6.0E-6,-6.0
5.2E-5,8.0E-6,-6.0
5.2E-5,9.999999999999999E-6,-6.0
5.2E-5,1.2E-5,-6.0
5.2E-5,1.4E-5,-6.0
5.2E-5,1.6E-5,-6.0
5.2E-5,1.8E-5,-6.0
5.2E-5,1.9999999999999998E-5,-6.0
5.2E-5,2.2E-5,-6.0
5.2E-5,2.4E-5,-6.0
5.2E-5,2.6E-5,-6.0
5.2E-5,2.8E-5,-6.0
5.2E-5,2.9999999999999997E-5,-6.0
5.2E-5,3.2E-5,-6.0
5.2E-5,3.4E-5,-6.0
5.2E-5,3.6E-5,-6.0
5.2E-5,3.7999999999999995E-5,-6.0
5.2E-5,3.9999999999999996E-5,-6.0
5.2E-5,4.2E-5,-6.0
5.2E-5,4.4E-5,-6.0
5.2E-5,4.6E-5,-6.0
5.2E-5,4.8E-5,-6.0
5.2E-5,4.9999999999999996E-5,-6.0
5.2E-5,5.2E-5,-6.0
5.2E-5,5.4E-5,-6.0
5.2E-5,5.6E-5,-6.0
5.2E-5,5.8E-5,-6.0
5.2E-5,5.9999999999999995E-5,-6.0
5.2E-5,6.2E-5,-6.0
5.2E-5,6.4E-5,-6.0
5.2E-5,6.599999999999999E-5,-6.0
5.2E-5,6.8E-5,-6.0
5.2E-5,7.0E-5,-6.0
5.2E-5,7.2E-5,-6.0
5.2E-5,7.4E-5,-6.0
5.2E-5,7.599999999999999E-5,-6.0
5.2E-5,7.8E-5,-6.0
5.2E-5,7.999999999999999E-5,-6.0
5.2E-5,8.2E-5,-6.0
5.2E-5,8.4E-5,-6.0
5.2E-5,8.599999999999999E-5,-6.0
5.2E-5,8.8E-5,-6.0
5.2E-5,8.999999999999999E-5,-6.0
5.2E-5,9.2E-5,-6.0
5.2E-5,9.4E-5,-6.0
5.2E-5,9.6E-5,-6.0
5.2E-5,9.8E-5,-6.0
5.2E-5,9.999999999999999E-5,-6.0
5.2E-5,1.02E-4,-6.0
5.2E-5,1.04E-4,-6.0
5.2E-5,1.06E-4,-6.0
5.2E-5,1.08E-4,-6.0
5.2E-5,1.0999999999999999E-4,-6.0
5.2E-5,1.12E-4,-6.0
5.2E-5,1.1399999999999999E-4,-6.0
5.2E-5,1.16E-4,-6.0
5.2E-5,1.18E-4,-6.0
5.2E-5,1.1999999999999999E-4,-6.0
5.2E-5,1.22E-4,-6.0
5.2E-5,1.24E-4,-6.0
5.2E-5,1.26E-4,-6.0
5.2E-5,1.28E-4,-6.0
5.2E-5,1.3E-4,-6.0
5.2E-5,1.3199999999999998E-4,-6.0
5.2E-5,1.34E-4,-6.0
5.2E-5,1.36E-4,-6.0
5.2E-5,1.38E-4,-6.0
5.2E-5,1.4E-4,-6.0
5.2E-5,1.4199999999999998E-4,-6.0
5.2E-5,1.44E-4,-6.0
5.2E-5,1.46E-4,-6.0
5.2E-5,1.48E-4,-6.0
5.2E-5,1.5E-4,-6.0
5.2E-5,1.5199999999999998E-4,-6.0
5.2E-5,1.54E-4,-6.0
5.2E-5,1.56E-4,-6.0
5.2E-5,1.58E-4,-6.0
5.2E-5,1.5999999999999999E-4,-6.0
5.2E-5,1.6199999999999998E-4,-6.0
5.2E-5,1.64E-4,-6.0
5.2E-5,1.66E-4,-6.0
5.2E-5,1.68E-4,-6.0
5.2E-5,1.6999999999999999E-4,-6.0
5.2E-5,1.7199999999999998E-4,-6.0
5.2E-5,1.74E-4,-6.0
5.2E-5,1.76E-4,-6.0
5.2E-5,1.78E-4,-6.0
5.4E-5,0.0,-6.0
5.4E-5,2.0E-6,-6.0
5.4E-5,4.0E-6,-6.0
5.4E-5,6.0E-6,-6.0
5.4E-5,8.0E-6,-6.0
5.4E-5,9.999999999999999E-6,-6.0
5.4E-5,1.2E-5,-6.0
5.4E-5,1.4E-5,-6.0
5.4E-5,1.6E-5,-6.0
5.4E-5,1.8E-5,-6.0
5.4E-5,1.9999999999999998E-5,-6.0
5.4E-5,2.2E-5,-6.0
5.4E-5,2.4E-5,-6.0
5.4E-5,2.6E-5,-6.0
5.4E-5,2.8E-5,-6.0
5.4E-5,2.9999999999999997E-5,-6.0
5.4E-5,3.2E-5,-6.0
5.4E-5,3.4E-5,-6.0
5.4E-5,3.6E-5,-6.0
5.4E-5,3.7999999999999995E-5,-6.0
5.4E-5,3.9999999999999996E-5,-6.0
5.4E-5,4.2E-5,-6.0
5.4E-5,4.4E-5,-6.0
5.4E-5,4.6E-5,-6.0
5.4E-5,4.8E-5,-6.0
5.4E-5,4.9999999999999996E-5,-6.0
5.4E-5,5.2E-5,-6.0
5.4E-5,5.4E-5,-6.0
5.4E-5,5.6E-5,-6.0
5.4E-5,5.8E-5,-6.0
5.4E-5,5.9999999999999995E-5,-6.0
5.4E-5,6.2E-5,-6.0
5.4E-5,6.4E-5,-6.0
5.4E-5,6.599999999999999E-5,-6.0
5.4E-5,6.8E-5,-6.0
5.4E-5,7.0E-5,-6.0
5.4E-5,7.2E-5,-6.0
5.4E-5,7.4E-5,-6.0
5.4E-5,7.599999999999999E-5,-6.0
5.4E-5,7.8E-5,-6.0
5.4E-5,7.999999999999999E-5,-6.0
5.4E-5,8.2E-5,-6.0
5.4E-5,8.4E-5,-6.0
5.4E-5,8.599999999999999E-5,-5.958071664747144
5.4E-5,8.8E-5,-5.912237466147438
5.4E-5,8.999999999999999E-5,-5.926827055770946
5.4E-5,9.2E-5,-5.987570206672972
5.4E-5,9.4E-5,-6.0
5.4E-5,9.6E-5,-6.0
5.4E-5,9.8E-5,-6.0
5.4E-5,9.999999999999999E-5,-6.0
5.4E-5,1.02E-4,-6.0
5.4E-5,1.04E-4,-6.0
5.4E-5,1.06E-4,-6.0
5.4E-5,1.08E-4,-6.0
5.4E-5,1.0999999999999999E-4,-6.0
5.4E-5,1.12E-4,-6.0
5.4E-5,1.1399999999999999E-4,-6.0
5.4E-5,1.16E-4,-6.0
5.4E-5,1.18E-4,-6.0
5.4E-5,1.1999999999999999E-4,-6.0
5.4E-5,1.22E-4,-6.0
5.4E-5,1.24E-4,-6.0
5.4E-5,1.26E-4,-6.0
5.4E-5,1.28E-4,-6.0
5.4E-5,1.3E-4,-6.0
5.4E-5,1.3199999999999998E-4,-6.0
5.4E-5,1.34E-4,-6.0
5.4E-5,1.36E-4,-6.0
5.4E-5,1.38E-4,-6.0
5.4E-5,1.4E-4,-6.0
5.4E-5,1.4199999999999998E-4,-6.0
5.4E-5,1.44E-4,-6.0
5.4E-5,1.46E-4,-6.0
5.4E-5,1.48E-4,-6.0
5.4E-5,1.5E-4,-6.0
5.4E-5,1.5199999999999998E-4,-6.0
5.4E-5,1.54E-4,-6.0
5.4E-5,1.56E-4,-6.0
5.4E-5,1.58E-4,-6.0
5.4E-5,1.5999999999999999E-4,-6.0
5.4E-5,1.6199999999999998E-4,-6.0
5.4E-5,1.64E-4,-6.0
5.4E-5,1.66E-4,-6.0
5.4E-5,1.68E-4,-6.0
5.4E-5,1.6999999999999999E-4,-6.0
5.4E-5,1.7199999999999998E-4,-6.0
5.4E-5,1.74E-4,-6.0
5.4E-5,1.76E-4,-6.0
5.4E-5,1.78E-4,-6.0
5.6E-5,0.0,-6.0
5.6E-5,2.0E-6,-6.0
5.6E-5,4.0E-6,-6.0
5.6E-5,6.0E-6,-6.0
5.6E-5,8.0E-6,-6.0
5.6E-5,9.999999999999999E-6,-6.0
5.6E-5,1.2E-5,-6.0
5.6E-5,1.4E-5,-6.0
5.6E-5,1.6E-5,-6.0
5.6E-5,1.8E-5,-6.0
5.6E-5,1.9999999999999998E-5,-6.0
5.6E-5,2.2E-5,-6.0
5.6E-5,2.4E-5,-6.0
5.6E-5,2.6E-5,-6.0
5.6E-5,2.8E-5,-6.0
5.6E-5,2.9999999999999997E-5,-6.0
5.6E-5,3.2E-5,-6.0
5.6E-5,3.4E-5,-6.0
5.6E-5,3.6E-5,-6.0
5.6E-5,3.7999999999999995E-5,-6.0
5.6E-5,3.9999999999999996E-5,-6.0
5.6E-5,4.2E-5,-6.0
5.6E-5,4.4E-5,-6.0
5.6E-5,4.6E-5,-6.0
5.6E-5,4.8E-5,-6.0
5.6E-5,4.9999999999999996E-5,-6.0
5.6E-5,5.2E-5,-6.0
5.6E-5,5.4E-5,-6.0
5.6E-5,5.6E-5,-6.0
5.6E-5,5.8E-5,-6.0
5.6E-5,5.9999999999999995E-5,-6.0
5.6E-5,6.2E-5,-6.0
5.6E-5,6.4E-5,-6.0
5.6E-5,6.599999999999999E-5,-6.0
5.6E-5,6.8E-5,-6.0
5.6E-5,7.0E-5,-6.0
5.6E-5,7.2E-5,-6.0
5.6E-5,7.4E-5,-6.0
5.6E-5,7.599999999999999E-5,-6.0
5.6E-5,7.8E-5,-6.0
5.6E-5,7.999999999999999E-5,-5.953410881900405
5.6E-5,8.2E-5,-5.694719213988533
5.6E-5,8.4E-5,-5.468962777093976
5.6E-5,8.599999999999999E-5,-5.360812529528868
5.6E-5,8.8E-5,-5.3039763280338565
5.6E-5,8.999999999999999E-5,-5.322505275622672
5.6E-5,9.2E-5,-5.370330354521714
5.6E-5,9.4E-5,-5.453109331319266
5.6E-5,9.6E-5,-5.551274110243532
5.6E-5,9.8E-5,-5.714729436298378
5.6E-5,9.999999999999999E-5,-5.920903735027422
5.6E-5,1.02E-4,-6.0
5.6E-5,1.04E-4,-6.0
5.6E-5,1.06E-4,-6.0
5.6E-5,1.08E-4,-6.0
5.6E-5,1.0999999999999999E-4,-6.0
5.6E-5,1.12E-4,-6.0
5.6E-5,1.1399999999999999E-4,-6.0
5.6E-5,1.16E-4,-6.0
5.6E-5,1.18E-4,-6.0
5.6E-5,1.1999999999999999E-4,-6.0
5.6E-5,1.22E-4,-6.0
5.6E-5,1.24E-4,-6.0
5.6E-5,1.26E-4,-6.0
5.6E-5,1.28E-4,-6.0
5.6E-5,1.3E-4,-6.0
5.6E-5,1.3199999999999998E-4,-6.0
5.6E-5,1.34E-4,-6.0
5.6E-5,1.36E-4,-6.0
5.6E-5,1.38E-4,-6.0
5.6E-5,1.4E-4,-6.0
5.6E-5,1.4199999999999998E-4,-6.0
5.6E-5,1.44E-4,-6.0
5.6E-5,1.46E-4,-6.0
5.6E-5,1.48E-4,-6.0
5.6E-5,1.5E-4,-6.0
5.6E-5,1.5199999999999998E-4,-6.0
5.6E-5,1.54E-4,-6.0
5.6E-5,1.56E-4,-6.0
5.6E-5,1.58E-4,-6.0
5.6E-5,1.5999999999999999E-4,-6.0
5.6E-5,1.6199999999999998E-4,-6.0
5.6E-5,1.64E-4,-6.0
5.6E-5,1.66E-4,-6.0
5.6E-5,1.68E-4,-6.0
5.6E-5,1.6999999999999999E-4,-6.0
5.6E-5,1.7199999999999998E-4,-6.0
5.6E-5,1.74E-4,-6.0
5.6E-5,1.76E-4,-6.0
5.6E-5,1.78E-4,-6.0
5.8E-5,0.0,-6.0
5.8E-5,2.0E-6,-6.0
5.8E-5,4.0E-6,-6.0
5.8E-5,6.0E-6,-6.0
5.8E-5,8.0E-6,-6.0
5.8E-5,9.999999999999999E-6,-6.0
5.8E-5,1.2E-5,-6.0
5.8E-5,1.4E-5,-6.0
5.8E-5,1.6E-5,-6.0
5.8E-5,1.8E-5,-6.0
5.8E-5,1.9999999999999998E-5,-6.0
5.8E-5,2.2E-5,-6.0
5.8E-5,2.4E-5,-6.0
5.8E-5,2.6E-5,-6.0
5.8E-5,2.8E-5,-6.0
5.8E-5,2.9999999999999997E-5,-6.0
5.8E-5,3.2E-5,-6.0
5.8E-5,3.4E-5,-6.0
5.8E-5,3.6E-5,-6.0
5.8E-5,3.7999999999999995E-5,-6.0
5.8E-5,3.9999999999999996E-5,-6.0
5.8E-5,4.2E-5,-6.0
5.8E-5,4.4E-5,-6.0
5.8E-5,4.6E-5,-6.0
5.8E-5,4.8E-5,-6.0
5.8E-5,4.9999999999999996E-5,-6.0
5.8E-5,5.2E-5,-6.0
5.8E-5,5.4E-5,-6.0
5.8E-5,5.6E-5,-6.0
5.8E-5,5.8E-5,-6.0
5.8E-5,5.9999999999999995E-5,-6.0
5.8E-5,6.2E-5,-6.0
5.8E-5,6.4E-5,-6.0
5.8E-5,6.599999999999999E-5,-6.0
5.8E-5,6.8E-5,-6.0
5.8E-5,7.0E-5,-6.0
5.8E-5,7.2E-5,-6.0
5.8E-5,7.4E-5,-6.0
5.8E-5,7.599999999999999E-5,-6.0
5.8E-5,7.8E-5,-5.762375570655526
5.8E-5,7.999999999999999E-5,-5.462644841243414
5.8E-5,8.2E-5,-5.207561234047014
5.8E-5,8.4E-5,-4.955859964700511
5.8E-5,8.599999999999999E-5,-4.791513366885572
5.8E-5,8.8E-5,-4.712034185968197
5.8E-5,8.999999999999999E-5,-4.731274255363134
5.8E-5,9.2E-5,-4.805612667285484
5.8E-5,9.4E-5,-4.906004699150505
5.8E-5,9.6E-5,-5.019624893329944
5.8E-5,9.8E-5,-5.169300405771079
5.8E-5,9.999999999999999E-5,-5.348850733329861
5.8E-5,1.02E-4,-5.52089576226938
5.8E-5,1.04E-4,-5.715977808313228
5.8E-5,1.06E-4,-5.990474683604618
5.8E-5,1.08E-4,-6.0
5.8E-5,1.0999999999999999E-4,-6.0
5.8E-5,1.12E-4,-6.0
5.8E-5,1.1399999999999999E-4,-6.0
5.8E-5,1.16E-4,-6.0
5.8E-5,1.18E-4,-6.0
5.8E-5,1.1999999999999999E-4,-6.0
5.8E-5,1.22E-4,-6.0
5.8E-5,1.24E-4,-6.0
5.8E-5,1.26E-4,-6.0
5.8E-5,1.28E-4,-6.0
5.8E-5,1.3E-4,-6.0
5.8E-5,1.3199999999999998E-4,-6.0
5.8E-5,1.34E-4,-6.0
5.8E-5,1.36E-4,-6.0
5.8E-5,1.38E-4,-6.0
5.8E-5,1.4E-4,-6.0
5.8E-5,1.4199999999999998E-4,-6.0
5.8E-5,1.44E-4,-6.0
5.8E-5,1.46E-4,-6.0
5.8E-5,1.48E-4,-6.0
5.8E-5,1.5E-4,-6.0
5.8E-5,1.5199999999999998E-4,-6.0
5.8E-5,1.54E-4,-6.0
5.8E-5,1.56E-4,-6.0
5.8E-5,1.58E-4,-6.0
5.8E-5,1.5999999999999999E-4,-6.0
5.8E-5,1.6199999999999998E-4,-6.0
5.8E-5,1.64E-4,-6.0
5.8E-5,1.66E-4,-6.0
5.8E-5,1.68E-4,-6.0
5.8E-5,1.6999999999999999E-4,-6.0
5.8E-5,1.7199999999999998E-4,-6.0
5.8E-5,1.74E-4,-6.0
5.8E-5,1.76E-4,-6.0
5.8E-5,1.78E-4,-6.0
5.9999999999999995E-5,0.0,-6.0
5.9999999999999995E-5,2.0E-6,-6.0
5.9999999999999995E-5,4.0E-6,-6.0
5.9999999999999995E-5,6.0E-6,-6.0
5.9999999999999995E-5,8.0E-6,-6.0
5.9999999999999995E-5,9.999999999999999E-6,-6.0
5.9999999999999995E-5,1.2E-5,-6.0
5.9999999999999995E-5,1.4E-5,-6.0
5.9999999999999995E-5,1.6E-5,-6.0
5.9999999999999995E-5,1.8E-5,-6.0
5.9999999999999995E-5,1.9999999999999998E-5,-6.0
5.9999999999999995E-5,2.2E-5,-6.0
5.9999999999999995E-5,2.4E-5,-6.0
5.9999999999999995E-5,2.6E-5,-6.0
5.9999999999999995E-5,2.8E-5,-6.0
5.9999999999999995E-5,2.9999999999999997E-5,-6.0
5.9999999999999995E-5,3.2E-5,-6.0
5.9999999999999995E-5,3.4E-5,-6.0
5.9999999999999995E-5,3.6E-5,-6.0
5.9999999999999995E-5,3.7999999999999995E-5,-6.0
5.9999999999999995E-5,3.9999999999999996E-5,-6.0
5.9999999999999995E-5,4.2E-5,-6.0
5.9999999999999995E-5,4.4E-5,-6.0
5.9999999999999995E-5,4.6E-5,-6.0
5.9999999999999995E-5,4.8E-5,-6.0
5.9999999999999995E-5,4.9999999999999996E-5,-6.0
5.9999999999999995E-5,5.2E-5,-6.0
5.9999999999999995E-5,5.4E-5,-6.0
5.9999999999999995E-5,5.6E-5,-6.0
5.9999999999999995E-5,5.8E-5,-6.0
5.9999999999999995E-5,5.9999999999999995E-5,-6.0
5.9999999999999995E-5,6.2E-5,-6.0
5.9999999999999995E-5,6.4E-5,-6.0
5.9999999999999995E-5,6.599999999999999E-5,-6.0
5.9999999999999995E-5,6.8E-5,-6.0
5.9999999999999995E-5,7.0E-5,-6.0
5.9999999999999995E-5,7.2E-5,-6.0
5.9999999999999995E-5,7.4E-5,-5.882403996077009
5.9999999999999995E-5,7.599999999999999E-5,-5.641623237039564
5.9999999999999995E-5,7.8E-5,-5.373071641617016
5.9999999999999995E-5,7.999999999999999E-5,-5.062354485055918
5.9999999999999995E-5,8.2E-5,-4.7546985681879494
5.9999999999999995E-5,8.4E-5,-4.41166625910723
5.9999999999999995E-5,8.599999999999999E-5,-4.118062075526641
5.9999999999999995E-5,8.8E-5,-3.926059367933197
5.9999999999999995E-5,8.999999999999999E-5,-3.9088472124433338
5.9999999999999995E-5,9.2E-5,-4.027315898993197
5.9999999999999995E-5,9.4E-5,-4.232739450886364
5.9999999999999995E-5,9.6E-5,-4.402020652140352
5.9999999999999995E-5,9.8E-5,-4.583213028192099
5.9999999999999995E-5,9.999999999999999E-5,-4.796204547991817
5.9999999999999995E-5,1.02E-4,-4.992405813595365
5.9999999999999995E-5,1.04E-4,-5.207356750541894
5.9999999999999995E-5,1.06E-4,-5.440559996603802
5.9999999999999995E-5,1.08E-4,-5.684903410833609
5.9999999999999995E-5,1.0999999999999999E-4,-5.976115327047486
5.9999999999999995E-5,1.12E-4,-6.0
5.9999999999999995E-5,1.1399999999999999E-4,-6.0
5.9999999999999995E-5,1.16E-4,-6.0
5.9999999999999995E-5,1.18E-4,-6.0
5.9999999999999995E-5,1.1999999999999999E-4,-6.0
5.9999999999999995E-5,1.22E-4,-6.0
5.9999999999999995E-5,1.24E-4,-6.0
5.9999999999999995E-5,1.26E-4,-6.0
5.9999999999999995E-5,1.28E-4,-6.0
5.9999999999999995E-5,1.3E-4,-6.0
5.9999999999999995E-5,1.3199999999999998E-4,-6.0
5.9999999999999995E-5,1.34E-4,-6.0
5.9999999999999995E-5,1.36E-4,-6.0
5.9999999999999995E-5,1.38E-4,-6.0
5.9999999999999995E-5,1.4E-4,-6.0
5.9999999999999995E-5,1.4199999999999998E-4,-6.0
5.9999999999999995E-5,1.44E-4,-6.0
5.9999999999999995E-5,1.46E-4,-6.0
5.9999999999999995E-5,1.48E-4,-6.0
5.9999999999999995E-5,1.5E-4,-6.0
5.9999999999999995E-5,1.5199999999999998E-4,-6.0
5.9999999999999995E-5,1.54E-4,-6.0
5.9999999999999995E-5,1.56E-4,-6.0
5.9999999999999995E-5,1.58E-4,-6.0
5.9999999999999995E-5,1.5999999999999999E-4,-6.0
5.9999999999999995E-5,1.6199999999999998E-4,-6.0
5.9999999999999995E-5,1.64E-4,-6.0
5.9999999999999995E-5,1.66E-4,-6.0
5.9999999999999995E-5,1.68E-4,-6.0
5.9999999999999995E-5,1.6999999999999999E-4,-6.0
5.9999999999999995E-5,1.7199999999999998E-4,-6.0
5.9999999999999995E-5,1.74E-4,-6.0
5.9999999999999995E-5,1.76E-4,-6.0
5.9999999999999995E-5,1.78E-4,-6.0
6.2E-5,0.0,-6.0
6.2E-5,2.0E-6,-6.0
6.2E-5,4.0E-6,-6.0
6.2E-5,6.0E-6,-6.0
6.2E-5,8.0E-6,-6.0
6.2E-5,9.999999999999999E-6,-6.0
6.2E-5,1.2E-5,-6.0
6.2E-5,1.4E-5,-6.0
6.2E-5,1.6E-5,-6.0
6.2E-5,1.8E-5,-6.0
6.2E-5,1.9999999999999998E-5,-6.0
6.2E-5,2.2E-5,-6.0
6.2E-5,2.4E-5,-6.0
6.2E-5,2.6E-5,-6.0
6.2E-5,2.8E-5,-6.0
6.2E-5,2.9999999999999997E-5,-6.0
6.2E-5,3.2E-5,-6.0
6.2E-5,3.4E-5,-6.0
6.2E-5,3.6E-5,-6.0
6.2E-5,3.7999999999999995E-5,-6.0
6.2E-5,3.9999999999999996E-5,-6.0
6.2E-5,4.2E-5,-6.0
6.2E-5,4.4E-5,-6.0
6.2E-5,4.6E-5,-6.0
6.2E-5,4.8E-5,-6.0
6.2E-5,4.9999999999999996E-5,-6.0
6.2E-5,5.2E-5,-6.0
6.2E-5,5.4E-5,-6.0
6.2E-5,5.6E-5,-6.0
6.2E-5,5.8E-5,-6.0
6.2E-5,5.9999999999999995E-5,-6.0
6.2E-5,6.2E-5,-6.0
6.2E-5,6.4E-5,-6.0
6.2E-5,6.599999999999999E-5,-6.0
6.2E-5,6.8E-5,-6.0
6.2E-5,7.0E-5,-5.876162440091083
6.2E-5,7.2E-5,-5.7334755140211815
6.2E-5,7.4E-5,-5.546899742392294
6.2E-5,7.599999999999999E-5,-5.3587209835335425
6.2E-5,7.8E-5,-5.06663097299911
6.2E-5,7.999999999999999E-5,-4.71862861469328
6.2E-5,8.2E-5,-4.296397648298398
6.2E-5,8.4E-5,-3.604525748954392
6.2E-5,8.599999999999999E-5,-2.4444444444444446
6.2E-5,8.8E-5,-2.4444444444444446
6.2E-5,8.999999999999999E-5,-2.4444444444444446
6.2E-5,9.2E-5,-2.4444444444444446
6.2E-5,9.4E-5,-2.4444444444444446
6.2E-5,9.6E-5,-3.020853183932965
6.2E-5,9.8E-5,-3.661936070775525
6.2E-5,9.999999999999999E-5,-4.071750626932109
6.2E-5,1.02E-4,-4.377758896482739
6.2E-5,1.04E-4,-4.649519288123338
6.2E-5,1.06E-4,-4.923906440183139
6.2E-5,1.08E-4,-5.190335408547973
6.2E-5,1.0999999999999999E-4,-5.461122502827101
6.2E-5,1.12E-4,-5.78019114399277
6.2E-5,1.1399999999999999E-4,-6.0
6.2E-5,1.16E-4,-6.0
6.2E-5,1.18E-4,-6.0
6.2E-5,1.1999999999999999E-4,-6.0
6.2E-5,1.22E-4,-6.0
6.2E-5,1.24E-4,-6.0
6.2E-5,1.26E-4,-6.0
6.2E-5,1.28E-4,-6.0
6.2E-5,1.3E-4,-6.0
6.2E-5,1.3199999999999998E-4,-6.0
6.2E-5,1.34E-4,-6.0
6.2E-5,1.36E-4,-6.0
6.2E-5,1.38E-4,-6.0
6.2E-5,1.4E-4,-6.0
6.2E-5,1.4199999999999998E-4,-6.0
6.2E-5,1.44E-4,-6.0
6.2E-5,1.46E-4,-6.0
6.2E-5,1.48E-4,-6.0
6.2E-5,1.5E-4,-6.0
6.2E-5,1.5199999999999998E-4,-6.0
6.2E-5,1.54E-4,-6.0
6.2E-5,1.56E-4,-6.0
6.2E-5,1.58E-4,-6.0
6.2E-5,1.5999999999999999E-4,-6.0
6.2E-5,1.6199999999999998E-4,-6.0
6.2E-5,1.64E-4,-6.0
6.2E-5,1.66E-4,-6.0
6.2E-5,1.68E-4,-6.0
6.2E-5,1.6999999999999999E-4,-6.0
6.2E-5,1.7199999999999998E-4,-6.0
6.2E-5,1.74E-4,-6.0
6.2E-5,1.76E-4,-6.0
6.2E-5,1.78E-4,-6.0
6.4E-5,0.0,-6.0
6.4E-5,2.0E-6,-6.0
6.4E-5,4.0E-6,-6.0
6.4E-5,6.0E-6,-6.0
6.4E-5,8.0E-6,-6.0
6.4E-5,9.999999999999999E-6,-6.0
6.4E-5,1.2E-5,-6.0
6.4E-5,1.4E-5,-6.0
6.4E-5,1.6E-5,-6.0
6.4E-5,1.8E-5,-6.0
6.4E-5,1.9999999999999998E-5,-6.0
6.4E-5,2.2E-5,-6.0
6.4E-5,2.4E-5,-6.0
6.4E-5,2.6E-5,-6.0
6.4E-5,2.8E-5,-6.0
6.4E-5,2.9999999999999997E-5,-6.0
6.4E-5,3.2E-5,-6.0
6.4E-5,3.4E-5,-6.0
6.4E-5,3.6E-5,-6.0
6.4E-5,3.7999999999999995E-5,-6.0
6.4E-5,3.9999999999999996E-5,-6.0
6.4E-5,4.2E-5,-6.0
6.4E-5,4.4E-5,-6.0
6.4E-5,4.6E-5,-6.0
6.4E-5,4.8E-5,-6.0
6.4E-5,4.9999999999999996E-5,-6.0
6.4E-5,5.2E-5,-6.0
6.4E-5,5.4E-5,-6.0
6.4E-5,5.6E-5,-6.0
6.4E-5,5.8E-5,-6.0
6.4E-5,5.9999999999999995E-5,-6.0
6.4E-5,6.2E-5,-6.0
6.4E-5,6.4E-5,-5.96113657331388
6.4E-5,6.599999999999999E-5,-5.833064292152594
6.4E-5,6.8E-5,-5.709458920372134
6.4E-5,7.0E-5,-5.5771103736267875
6.4E-5,7.2E-5,-5.479502918323682
6.4E-5,7.4E-5,-5.33633451216372
6.4E-5,7.599999999999999E-5,-5.114153733202109
6.4E-5,7.8E-5,-4.833033123662537
6.4E-5,7.999999999999999E-5,-4.4096669201090934
6.4E-5,8.2E-5,-3.685862320224686
6.4E-5,8.4E-5,-2.4444444444444446
6.4E-5,8.599999999999999E-5,-2.4444444444444446
6.4E-5,8.8E-5,-2.4444444444444446
6.4E-5,8.999999999999999E-5,-2.4444444444444446
6.4E-5,9.2E-5,-2.4444444444444446
6.4E-5,9.4E-5,-2.4444444444444446
6.4E-5,9.6E-5,-2.4444444444444446
6.4E-5,9.8E-5,-2.4444444444444446
6.4E-5,9.999999999999999E-5,-2.4444444444444446
6.4E-5,1.02E-4,-3.0857034893370017
6.4E-5,1.04E-4,-3.8729525340455764
6.4E-5,1.06E-4,-4.319210570128432
6.4E-5,1.08E-4,-4.652093015972219
6.4E-5,1.0999999999999999E-4,-4.967483292036133
6.4E-5,1.12E-4,-5.301848927956292
6.4E-5,1.1399999999999999E-4,-5.6060996330780775
6.4E-5,1.16E-4,-6.0
6.4E-5,1.18E-4,-6.0
6.4E-5,1.1999999999999999E-4,-6.0
6.4E-5,1.22E-4,-6.0
6.4E-5,1.24E-4,-6.0
6.4E-5,1.26E-4,-6.0
6.4E-5,1.28E-4,-6.0
6.4E-5,1.3E-4,-6.0
6.4E-5,1.3199999999999998E-4,-6.0
6.4E-5,1.34E-4,-6.0
6.4E-5,1.36E-4,-6.0
6.4E-5,1.38E-4,-6.0
6.4E-5,1.4E-4,-6.0
6.4E-5,1.4199999999999998E-4,-6.0
6.4E-5,1.44E-4,-6.0
6.4E-5,1.46E-4,-6.0
6.4E-5,1.48E-4,-6.0
6.4E-5,1.5E-4,-6.0
6.4E-5,1.5199999999999998E-4,-6.0
6.4E-5,1.54E-4,-6.0
6.4E-5,1.56E-4,-6.0
6.4E-5,1.58E-4,-6.0
6.4E-5,1.5999999999999999E-4,-6.0
6.4E-5,1.6199999999999998E-4,-6.0
6.4E-5,1.64E-4,-6.0
6.4E-5,1.66E-4,-6.0
6.4E-5,1.68E-4,-6.0
6.4E-5,1.6999999999999999E-4,-6.0
6.4E-5,1.7199999999999998E-4,-6.0
6.4E-5,1.74E-4,-6.0
6.4E-5,1.76E-4,-6.0
6.4E-5,1.78E-4,-6.0
6.599999999999999E-5,0.0,-6.0
6.599999999999999E-5,2.0E-6,-6.0
6.599999999999999E-5,4.0E-6,-6.0
6.599999999999999E-5,6.0E-6,-6.0
6.599999999999999E-5,8.0E-6,-6.0
6.599999999999999E-5,9.999999999999999E-6,-6.0
6.599999999999999E-5,1.2E-5,-6.0
6.599999999999999E-5,1.4E-5,-6.0
6.599999999999999E-5,1.6E-5,-6.0
6.599999999999999E-5,1.8E-5,-6.0
6.599999999999999E-5,1.9999999999999998E-5,-6.0
6.599999999999999E-5,2.2E-5,-6.0
6.599999999999999E-5,2.4E-5,-6.0
6.599999999999999E-5,2.6E-5,-6.0
6.599999999999999E-5,2.8E-5,-6.0
6.599999999999999E-5,2.9999999999999997E-5,-6.0
6.599999999999999E-5,3.2E-5,-6.0
6.599999999999999E-5,3.4E-5,-6.0
6.599999999999999E-5,3.6E-5,-6.0
6.599999999999999E-5,3.7999999999999995E-5,-6.0
6.599999999999999E-5,3.9999999999999996E-5,-6.0
6.599999999999999E-5,4.2E-5,-6.0
6.599999999999999E-5,4.4E-5,-6.0
6.599999999999999E-5,4.6E-5,-6.0
6.599999999999999E-5,4.8E-5,-6.0
6.599999999999999E-5,4.9999999999999996E-5,-6.0
6.599999999999999E-5,5.2E-5,-6.0
6.599999999999999E-5,5.4E-5,-6.0
6.599999999999999E-5,5.6E-5,-6.0
6.599999999999999E-5,5.8E-5,-6.0
6.599999999999999E-5,5.9999999999999995E-5,-5.952473951163643
6.599999999999999E-5,6.2E-5,-5.813969019107849
6.599999999999999E-5,6.4E-5,-5.68472214169852
6.599999999999999E-5,6.599999999999999E-5,-5.562202672811638
6.599999999999999E-5,6.8E-5,-5.488385904249866
6.599999999999999E-5,7.0E-5,-5.409760547676418
6.599999999999999E-5,7.2E-5,-5.3140992262867615
6.599999999999999E-5,7.4E-5,-5.162968255375564
6.599999999999999E-5,7.599999999999999E-5,-4.961238003563128
6.599999999999999E-5,7.8E-5,-4.645516508779488
6.599999999999999E-5,7.999999999999999E-5,-4.125075822693109
6.599999999999999E-5,8.2E-5,-2.4444444444444446
6.599999999999999E-5,8.4E-5,-2.4444444444444446
6.599999999999999E-5,8.599999999999999E-5,-2.4444444444444446
6.599999999999999E-5,8.8E-5,-2.4444444444444446
6.599999999999999E-5,8.999999999999999E-5,-2.4444444444444446
6.599999999999999E-5,9.2E-5,-2.4444444444444446
6.599999999999999E-5,9.4E-5,-2.4444444444444446
6.599999999999999E-5,9.6E-5,-2.4444444444444446
6.599999999999999E-5,9.8E-5,-2.4444444444444446
6.599999999999999E-5,9.999999999999999E-5,-2.4444444444444446
6.599999999999999E-5,1.02E-4,-2.4444444444444446
6.599999999999999E-5,1.04E-4,-2.4444444444444446
6.599999999999999E-5,1.06E-4,-2.985921382808867
6.599999999999999E-5,1.08E-4,-3.9481895002739007
6.599999999999999E-5,1.0999999999999999E-4,-4.408926663823878
6.599999999999999E-5,1.12E-4,-4.816276174136911
6.599999999999999E-5,1.1399999999999999E-4,-5.169880273769655
6.599999999999999E-5,1.16E-4,-5.542078342490787
6.599999999999999E-5,1.18E-4,-5.972105922079742
6.599999999999999E-5,1.1999999999999999E-4,-6.0
6.599999999999999E-5,1.22E-4,-6.0
6.599999999999999E-5,1.24E-4,-6.0
6.599999999999999E-5,1.26E-4,-6.0
6.599999999999999E-5,1.28E-4,-6.0
6.599999999999999E-5,1.3E-4,-6.0
6.599999999999999E-5,1.3199999999999998E-4,-6.0
6.599999999999999E-5,1.34E-4,-6.0
6.599999999999999E-5,1.36E-4,-6.0
6.599999999999999E-5,1.38E-4,-6.0
6.599999999999999E-5,1.4E-4,-6.0
6.599999999999999E-5,1.4199999999999998E-4,-6.0
6.599999999999999E-5,1.44E-4,-6.0
6.599999999999999E-5,1.46E-4,-6.0
6.599999999999999E-5,1.48E-4,-6.0
6.599999999999999E-5,1.5E-4,-6.0
6.599999999999999E-5,1.5199999999999998E-4,-6.0
6.599999999999999E-5,1.54E-4,-6.0
6.599999999999999E-5,1.56E-4,-6.0
6.599999999999999E-5,1.58E-4,-6.0
6.599999999999999E-5,1.5999999999999999E-4,-6.0
6.599999999999999E-5,1.6199999999999998E-4,-6.0
6.599999999999999E-5,1.64E-4,-6.0
6.599999999999999E-5,1.66E-4,-6.0
6.599999999999999E-5,1.68E-4,-6.0
6.599999999999999E-5,1.6999999999999999E-4,-6.0
6.599999999999999E-5,1.7199999999999998E-4,-6.0
6.599999999999999E-5,1.74E-4,-6.0
6.599999999999999E-5,1.76E-4,-6.0
6.599999999999999E-5,1.78E-4,-6.0
6.8E-5,0.0,-6.0
6.8E-5,2.0E-6,-6.0
6.8E-5,4.0E-6,-6.0
6.8E-5,6.0E-6,-6.0
6.8E-5,8.0E-6,-6.0
6.8E-5,9.999999999999999E-6,-6.0
6.8E-5,1.2E-5,-6.0
6.8E-5,1.4E-5,-6.0
6.8E-5,1.6E-5,-6.0
6.8E-5,1.8E-5,-6.0
6.8E-5,1.9999999999999998E-5,-6.0
6.8E-5,2.2E-5,-6.0
6.8E-5,2.4E-5,-6.0
6.8E-5,2.6E-5,-6.0
6.8E-5,2.8E-5,-6.0
6.8E-5,2.9999999999999997E-5,-6.0
6.8E-5,3.2E-5,-6.0
6.8E-5,3.4E-5,-6.0
6.8E-5,3.6E-5,-6.0
6.8E-5,3.7999999999999995E-5,-6.0
6.8E-5,3.9999999999999996E-5,-6.0
6.8E-5,4.2E-5,-6.0
6.8E-5,4.4E-5,-6.0
6.8E-5,4.6E-5,-6.0
6.8E-5,4.8E-5,-6.0
6.8E-5,4.9999999999999996E-5,-6.0
6.8E-5,5.2E-5,-6.0
6.8E-5,5.4E-5,-6.0
6.8E-5,5.6E-5,-5.999729430438109
6.8E-5,5.8E-5,-5.839247489347635
6.8E-5,5.9999999999999995E-5,-5.689599847815278
6.8E-5,6.2E-5,-5.561317551094075
6.8E-5,6.4E-5,-5.487949456160724
6.8E-5,6.599999999999999E-5,-5.4200959222773015
6.8E-5,6.8E-5,-5.356663603326069
6.8E-5,7.0E-5,-5.285426720615922
6.8E-5,7.2E-5,-5.187801507226837
6.8E-5,7.4E-5,-5.050450521489661
6.8E-5,7.599999999999999E-5,-4.837908938563963
6.8E-5,7.8E-5,-4.470449355292974
6.8E-5,7.999999999999999E-5,-3.8222179100301927
6.8E-5,8.2E-5,-2.4444444444444446
6.8E-5,8.4E-5,-2.4444444444444446
6.8E-5,8.599999999999999E-5,-2.4444444444444446
6.8E-5,8.8E-5,-2.4444444444444446
6.8E-5,8.999999999999999E-5,-2.4444444444444446
6.8E-5,9.2E-5,-2.4444444444444446
6.8E-5,9.4E-5,-2.4444444444444446
6.8E-5,9.6E-5,-2.4444444444444446
6.8E-5,9.8E-5,-2.4444444444444446
6.8E-5,9.999999999999999E-5,-2.4444444444444446
6.8E-5,1.02E-4,-2.4444444444444446
6.8E-5,1.04E-4,-2.4444444444444446
6.8E-5,1.06E-4,-2.4444444444444446
6.8E-5,1.08E-4,-2.4444444444444446
6.8E-5,1.0999999999999999E-4,-3.5262157540908166
6.8E-5,1.12E-4,-4.2725947424558415
6.8E-5,1.1399999999999999E-4,-4.726557395516329
6.8E-5,1.16E-4,-5.149675694896081
6.8E-5,1.18E-4,-5.551779762726352
6.8E-5,1.1999999999999999E-4,-6.0
6.8E-5,1.22E-4,-6.0
6.8E-5,1.24E-4,-6.0
6.8E-5,1.26E-4,-6.0
6.8E-5,1.28E-4,-6.0
6.8E-5,1.3E-4,-6.0
6.8E-5,1.3199999999999998E-4,-6.0
6.8E-5,1.34E-4,-6.0
6.8E-5,1.36E-4,-6.0
6.8E-5,1.38E-4,-6.0
6.8E-5,1.4E-4,-6.0
6.8E-5,1.4199999999999998E-4,-6.0
6.8E-5,1.44E-4,-6.0
6.8E-5,1.46E-4,-6.0
6.8E-5,1.48E-4,-6.0
6.8E-5,1.5E-4,-6.0
6.8E-5,1.5199999999999998E-4,-6.0
6.8E-5,1.54E-4,-6.0
6.8E-5,1.56E-4,-6.0
6.8E-5,1.58E-4,-6.0
6.8E-5,1.5999999999999999E-4,-6.0
6.8E-5,1.6199999999999998E-4,-6.0
6.8E-5,1.64E-4,-6.0
6.8E-5,1.66E-4,-6.0
6.8E-5,1.68E-4,-6.0
6.8E-5,1.6999999999999999E-4,-6.0
6.8E-5,1.7199999999999998E-4,-6.0
6.8E-5,1.74E-4,-6.0
6.8E-5,1.76E-4,-6.0
6.8E-5,1.78E-4,-6.0
7.0E-5,0.0,-6.0
7.0E-5,2.0E-6,-6.0
7.0E-5,4.0E-6,-6.0
7.0E-5,6.0E-6,-6.0
7.0E-5,8.0E-6,-6.0
7.0E-5,9.999999999999999E-6,-6.0
7.0E-5,1.2E-5,-6.0
7.0E-5,1.4E-5,-6.0
7.0E-5,1.6E-5,-6.0
7.0E-5,1.8E-5,-6.0
7.0E-5,1.9999999999999998E-5,-6.0
7.0E-5,2.2E-5,-6.0
7.0E-5,2.4E-5,-6.0
7.0E-5,2.6E-5,-6.0
7.0E-5,2.8E-5,-6.0
7.0E-5,2.9999999999999997E-5,-6.0
7.0E-5,3.2E-5,-6.0
7.0E-5,3.4E-5,-6.0
7.0E-5,3.6E-5,-6.0
7.0E-5,3.7999999999999995E-5,-6.0
7.0E-5,3.9999999999999996E-5,-6.0
7.0E-5,4.2E-5,-6.0
7.0E-5,4.4E-5,-6.0
7.0E-5,4.6E-5,-6.0
7.0E-5,4.8E-5,-6.0
7.0E-5,4.9999999999999996E-5,-6.0
7.0E-5,5.2E-5,-6.0
7.0E-5,5.4E-5,-5.9174454192275086
7.0E-5,5.6E-5,-5.740577654980556
7.0E-5,5.8E-5,-5.598214800576677
7.0E-5,5.9999999999999995E-5,-5.499493551989245
7.0E-5,6.2E-5,-5.430412862190046
7.0E-5,6.4E-5,-5.375158279840452
7.0E-5,6.599999999999999E-5,-5.322160894853292
7.0E-5,6.8E-5,-5.267288297587521
7.0E-5,7.0E-5,-5.201505015042445
7.0E-5,7.2E-5,-5.104016972902735
7.0E-5,7.4E-5,-4.974452775634885
7.0E-5,7.599999999999999E-5,-4.73067373838087
7.0E-5,7.8E-5,-4.322530785920984
7.0E-5,7.999999999999999E-5,-3.4356633254980973
7.0E-5,8.2E-5,-2.4444444444444446
7.0E-5,8.4E-5,-2.4444444444444446
7.0E-5,8.599999999999999E-5,-2.4444444444444446
7.0E-5,8.8E-5,-2.4444444444444446
7.0E-5,8.999999999999999E-5,-2.4444444444444446
7.0E-5,9.2E-5,-2.4444444444444446
7.0E-5,9.4E-5,-2.4444444444444446
7.0E-5,9.6E-5,-2.4444444444444446
7.0E-5,9.8E-5,-2.4444444444444446
7.0E-5,9.999999999999999E-5,-2.4444444444444446
7.0E-5,1.02E-4,-2.4444444444444446
7.0E-5,1.04E-4,-2.4444444444444446
7.0E-5,1.06E-4,-2.4444444444444446
7.0E-5,1.08E-4,-2.4444444444444446
7.0E-5,1.0999999999999999E-4,-2.4444444444444446
7.0E-5,1.12E-4,-3.373181672992438
7.0E-5,1.1399999999999999E-4,-4.290401494130016
7.0E-5,1.16E-4,-4.781082549227465
7.0E-5,1.18E-4,-5.242274394580431
7.0E-5,1.1999999999999999E-4,-5.703385489663583
7.0E-5,1.22E-4,-6.0
7.0E-5,1.24E-4,-6.0
7.0E-5,1.26E-4,-6.0
7.0E-5,1.28E-4,-6.0
7.0E-5,1.3E-4,-6.0
7.0E-5,1.3199999999999998E-4,-6.0
7.0E-5,1.34E-4,-6.0
7.0E-5,1.36E-4,-6.0
7.0E-5,1.38E-4,-6.0
7.0E-5,1.4E-4,-6.0
7.0E-5,1.4199999999999998E-4,-6.0
7.0E-5,1.44E-4,-6.0
7.0E-5,1.46E-4,-6.0
7.0E-5,1.48E-4,-6.0
7.0E-5,1.5E-4,-6.0
7.0E-5,1.5199999999999998E-4,-6.0
7.0E-5,1.54E-4,-6.0
7.0E-5,1.56E-4,-6.0
7.0E-5,1.58E-4,-6.0
7.0E-5,1.5999999999999999E-4,-6.0
7.0E-5,1.6199999999999998E-4,-6.0
7.0E-5,1.64E-4,-6.0
7.0E-5,1.66E-4,-6.0
7.0E-5,1.68E-4,-6.0
7.0E-5,1.6999999999999999E-4,-6.0
7.0E-5,1.7199999999999998E-4,-6.0
7.0E-5,1.74E-4,-6.0
7.0E-5,1.76E-4,-6.0
7.0E-5,1.78E-4,-6.0
7.2E-5,0.0,-6.0
7.2E-5,2.0E-6,-6.0
7.2E-5,4.0E-6,-6.0
7.2E-5,6.0E-6,-6.0
7.2E-5,8.0E-6,-6.0
7.2E-5,9.999999999999999E-6,-6.0
7.2E-5,1.2E-5,-6.0
7.2E-5,1.4E-5,-6.0
7.2E-5,1.6E-5,-6.0
7.2E-5,1.8E-5,-6.0
7.2E-5,1.9999999999999998E-5,-6.0
7.2E-5,2.2E-5,-6.0
7.2E-5,2.4E-5,-6.0
7.2E-5,2.6E-5,-6.0
7.2E-5,2.8E-5,-6.0
7.2E-5,2.9999999999999997E-5,-6.0
7.2E-5,3.2E-5,-6.0
7.2E-5,3.4E-5,-6.0
7.2E-5,3.6E-5,-6.0
7.2E-5,3.7999999999999995E-5,-6.0
7.2E-5,3.9999999999999996E-5,-6.0
7.2E-5,4.2E-5,-6.0
7.2E-5,4.4E-5,-6.0
7.2E-5,4.6E-5,-6.0
7.2E-5,4.8E-5,-6.0
7.2E-5,4.9999999999999996E-5,-6.0
7.2E-5,5.2E-5,-5.849397307840867
7.2E-5,5.4E-5,-5.675317342759518
7.2E-5,5.6E-5,-5.531359315411197
7.2E-5,5.8E-5,-5.453961167442875
7.2E-5,5.9999999999999995E-5,-5.388994126693516
7.2E-5,6.2E-5,-5.34012609321193
7.2E-5,6.4E-5,-5.295922355793564
7.2E-5,6.599999999999999E-5,-5.252936307620956
7.2E-5,6.8E-5,-5.205167148776656
7.2E-5,7.0E-5,-5.144337645512344
7.2E-5,7.2E-5,-5.051477582601318
7.2E-5,7.4E-5,-4.902968699327338
7.2E-5,7.599999999999999E-5,-4.62913043176621
7.2E-5,7.8E-5,-4.174503167993693
7.2E-5,7.999999999999999E-5,-2.7774775321443075
7.2E-5,8.2E-5,-2.4444444444444446
7.2E-5,8.4E-5,-2.4444444444444446
7.2E-5,8.599999999999999E-5,-2.4444444444444446
7.2E-5,8.8E-5,-2.4444444444444446
7.2E-5,8.999999999999999E-5,-2.4444444444444446
7.2E-5,9.2E-5,-2.4444444444444446
7.2E-5,9.4E-5,-2.4444444444444446
7.2E-5,9.6E-5,-2.4444444444444446
7.2E-5,9.8E-5,-2.4444444444444446
7.2E-5,9.999999999999999E-5,-2.4444444444444446
7.2E-5,1.02E-4,-2.4444444444444446
7.2E-5,1.04E-4,-2.4444444444444446
7.2E-5,1.06E-4,-2.4444444444444446
7.2E-5,1.08E-4,-2.4444444444444446
7.2E-5,1.0999999999999999E-4,-2.4444444444444446
7.2E-5,1.12E-4,-2.4444444444444446
7.2E-5,1.1399999999999999E-4,-3.761434211197584
7.2E-5,1.16E-4,-4.487495807764665
7.2E-5,1.18E-4,-4.971232388279354
7.2E-5,1.1999999999999999E-4,-5.416053472726541
7.2E-5,1.22E-4,-5.91497967919765
7.2E-5,1.24E-4,-6.0
7.2E-5,1.26E-4,-6.0
7.2E-5,1.28E-4,-6.0
7.2E-5,1.3E-4,-6.0
7.2E-5,1.3199999999999998E-4,-6.0
7.2E-5,1.34E-4,-6.0
7.2E-5,1.36E-4,-6.0
7.2E-5,1.38E-4,-6.0
7.2E-5,1.4E-4,-6.0
7.2E-5,1.4199999999999998E-4,-6.0
7.2E-5,1.44E-4,-6.0
7.2E-5,1.46E-4,-6.0
7.2E-5,1.48E-4,-6.0
7.2E-5,1.5E-4,-6.0
7.2E-5,1.5199999999999998E-4,-6.0
7.2E-5,1.54E-4,-6.0
7.2E-5,1.56E-4,-6.0
7.2E-5,1.58E-4,-6.0
7.2E-5,1.5999999999999999E-4,-6.0
7.2E-5,1.6199999999999998E-4,-6.0
7.2E-5,1.64E-4,-6.0
7.2E-5,1.66E-4,-6.0
7.2E-5,1.68E-4,-6.0
7.2E-5,1.6999999999999999E-4,-6.0
7.2E-5,1.7199999999999998E-4,-6.0
7.2E-5,1.74E-4,-6.0
7.2E-5,1.76E-4,-6.0
7.2E-5,1.78E-4,-6.0
7.4E-5,0.0,-6.0
7.4E-5,2.0E-6,-6.0
7.4E-5,4.0E-6,-6.0
7.4E-5,6.0E-6,-6.0
7.4E-5,8.0E-6,-6.0
7.4E-5,9.999999999999999E-6,-6.0
7.4E-5,1.2E-5,-6.0
7.4E-5,1.4E-5,-6.0
7.4E-5,1.6E-5,-6.0
7.4E-5,1.8E-5,-6.0
7.4E-5,1.9999999999999998E-5,-6.0
7.4E-5,2.2E-5,-6.0
7.4E-5,2.4E-5,-6.0
7.4E-5,2.6E-5,-6.0
7.4E-5,2.8E-5,-6.0
7.4E-5,2.9999999999999997E-5,-6.0
7.4E-5,3.2E-5,-6.0
7.4E-5,3.4E-5,-6.0
7.4E-5,3.6E-5,-6.0
7.4E-5,3.7999999999999995E-5,-6.0
7.4E-5,3.9999999999999996E-5,-6.0
7.4E-5,4.2E-5,-6.0
7.4E-5,4.4E-5,-6.0
7.4E-5,4.6E-5,-6.0
7.4E-5,4.8E-5,-6.0
7.4E-5,4.9999999999999996E-5,-5.802736753459397
7.4E-5,5.2E-5,-5.627511011545517
7.4E-5,5.4E-5,-5.499140403528434
7.4E-5,5.6E-5,-5.4236960244908925
7.4E-5,5.8E-5,-5.3612074284498235
7.4E-5,5.9999999999999995E-5,-5.314293972782463
7.4E-5,6.2E-5,-5.275298431706213
7.4E-5,6.4E-5,-5.24148557129042
7.4E-5,6.599999999999999E-5,-5.20672525789543
7.4E-5,6.8E-5,-5.163977031534277
7.4E-5,7.0E-5,-5.0984661089417695
7.4E-5,7.2E-5,-5.008453018000468
7.4E-5,7.4E-5,-4.840931934376815
7.4E-5,7.599999999999999E-5,-4.534122479956627
7.4E-5,7.8E-5,-3.996431209701891
7.4E-5,7.999999999999999E-5,-2.4444444444444446
7.4E-5,8.2E-5,-2.4444444444444446
7.4E-5,8.4E-5,-2.4444444444444446
7.4E-5,8.599999999999999E-5,-2.4444444444444446
7.4E-5,8.8E-5,-2.4444444444444446
7.4E-5,8.999999999999999E-5,-2.4444444444444446
7.4E-5,9.2E-5,-2.4444444444444446
7.4E-5,9.4E-5,-2.4444444444444446
7.4E-5,9.6E-5,-2.4444444444444446
7.4E-5,9.8E-5,-2.4444444444444446
7.4E-5,9.999999999999999E-5,-2.4444444444444446
7.4E-5,1.02E-4,-2.4444444444444446
7.4E-5,1.04E-4,-2.4444444444444446
7.4E-5,1.06E-4,-2.4444444444444446
7.4E-5,1.08E-4,-2.4444444444444446
7.4E-5,1.0999999999999999E-4,-2.4444444444444446
7.4E-5,1.12E-4,-2.4444444444444446
7.4E-5,1.1399999999999999E-4,-3.099113160412956
7.4E-5,1.16E-4,-4.244397609543299
7.4E-5,1.18E-4,-4.768888522974395
7.4E-5,1.1999999999999999E-4,-5.194907628649098
7.4E-5,1.22E-4,-5.608826072358755
7.4E-5,1.24E-4,-6.0
7.4E-5,1.26E-4,-6.0
7.4E-5,1.28E-4,-6.0
7.4E-5,1.3E-4,-6.0
7.4E-5,1.3199999999999998E-4,-6.0
7.4E-5,1.34E-4,-6.0
7.4E-5,1.36E-4,-6.0
7.4E-5,1.38E-4,-6.0
7.4E-5,1.4E-4,-6.0
7.4E-5,1.4199999999999998E-4,-6.0
7.4E-5,1.44E-4,-6.0
7.4E-5,1.46E-4,-6.0
7.4E-5,1.48E-4,-6.0
7.4E-5,1.5E-4,-6.0
7.4E-5,1.5199999999999998E-4,-6.0
7.4E-5,1.54E-4,-6.0
7.4E-5,1.56E-4,-6.0
7.4E-5,1.58E-4,-6.0
7.4E-5,1.5999999999999999E-4,-6.0
7.4E-5,1.6199999999999998E-4,-6.0
7.4E-5,1.64E-4,-6.0
7.4E-5,1.66E-4,-6.0
7.4E-5,1.68E-4,-6.0
7.4E-5,1.6999999999999999E-4,-6.0
7.4E-5,1.7199999999999998E-4,-6.0
7.4E-5,1.74E-4,-6.0
7.4E-5,1.76E-4,-6.0
7.4E-5,1.78E-4,-6.0
7.599999999999999E-5,0.0,-6.0
7.599999999999999E-5,2.0E-6,-6.0
7.599999999999999E-5,4.0E-6,-6.0
7.599999999999999E-5,6.0E-6,-6.0
7.599999999999999E-5,8.0E-6,-6.0
7.599999999999999E-5,9.999999999999999E-6,-6.0
7.599999999999999E-5,1.2E-5,-6.0
7.599999999999999E-5,1.4E-5,-6.0
7.599999999999999E-5,1.6E-5,-6.0
7.599999999999999E-5,1.8E-5,-6.0
7.599999999999999E-5,1.9999999999999998E-5,-6.0
7.599999999999999E-5,2.2E-5,-6.0
7.599999999999999E-5,2.4E-5,-6.0
7.599999999999999E-5,2.6E-5,-6.0
7.599999999999999E-5,2.8E-5,-6.0
7.599999999999999E-5,2.9999999999999997E-5,-6.0
7.599999999999999E-5,3.2E-5,-6.0
7.599999999999999E-5,3.4E-5,-6.0
7.599999999999999E-5,3.6E-5,-6.0
7.599999999999999E-5,3.7999999999999995E-5,-6.0
7.599999999999999E-5,3.9999999999999996E-5,-6.0
7.599999999999999E-5,4.2E-5,-6.0
7.599999999999999E-5,4.4E-5,-6.0
7.599999999999999E-5,4.6E-5,-5.982218235000702
7.599999999999999E-5,4.8E-5,-5.768111741372731
7.599999999999999E-5,4.9999999999999996E-5,-5.584727167426488
7.599999999999999E-5,5.2E-5,-5.474386253547449
7.599999999999999E-5,5.4E-5,-5.395780661567076
7.599999999999999E-5,5.6E-5,-5.339878249439222
7.599999999999999E-5,5.8E-5,-5.2954310578774315
7.599999999999999E-5,5.9999999999999995E-5,-5.260517726165125
7.599999999999999E-5,6.2E-5,-5.233021949824734
7.599999999999999E-5,6.4E-5,-5.203847131186014
7.599999999999999E-5,6.599999999999999E-5,-5.172182770076335
7.599999999999999E-5,6.8E-5,-5.125008723174964
7.599999999999999E-5,7.0E-5,-5.06686395264758
7.599999999999999E-5,7.2E-5,-4.968272237924083
7.599999999999999E-5,7.4E-5,-4.774784657233386
7.599999999999999E-5,7.599999999999999E-5,-4.433459469670936
7.599999999999999E-5,7.8E-5,-3.8154203671777194
7.599999999999999E-5,7.999999999999999E-5,-2.4444444444444446
7.599999999999999E-5,8.2E-5,-2.4444444444444446
7.599999999999999E-5,8.4E-5,-2.4444444444444446
7.599999999999999E-5,8.599999999999999E-5,-2.4444444444444446
7.599999999999999E-5,8.8E-5,-2.4444444444444446
7.599999999999999E-5,8.999999999999999E-5,-2.4444444444444446
7.599999999999999E-5,9.2E-5,-2.4444444444444446
7.599999999999999E-5,9.4E-5,-2.4444444444444446
7.599999999999999E-5,9.6E-5,-2.4444444444444446
7.599999999999999E-5,9.8E-5,-2.4444444444444446
7.599999999999999E-5,9.999999999999999E-5,-2.4444444444444446
7.599999999999999E-5,1.02E-4,-2.4444444444444446
7.599999999999999E-5,1.04E-4,-2.4444444444444446
7.599999999999999E-5,1.06E-4,-2.4444444444444446
7.599999999999999E-5,1.08E-4,-2.4444444444444446
7.599999999999999E-5,1.0999999999999999E-4,-2.4444444444444446
7.599999999999999E-5,1.12E-4,-2.4444444444444446
7.599999999999999E-5,1.1399999999999999E-4,-2.8798417809893158
7.599999999999999E-5,1.16E-4,-4.0940826878369085
7.599999999999999E-5,1.18E-4,-4.61253537452812
7.599999999999999E-5,1.1999999999999999E-4,-5.0046503799499655
7.599999999999999E-5,1.22E-4,-5.3710086029966195
7.599999999999999E-5,1.24E-4,-5.7935729341183
7.599999999999999E-5,1.26E-4,-6.0
7.599999999999999E-5,1.28E-4,-6.0
7.599999999999999E-5,1.3E-4,-6.0
7.599999999999999E-5,1.3199999999999998E-4,-6.0
7.599999999999999E-5,1.34E-4,-6.0
7.599999999999999E-5,1.36E-4,-6.0
7.599999999999999E-5,1.38E-4,-6.0
7.599999999999999E-5,1.4E-4,-6.0
7.599999999999999E-5,1.4199999999999998E-4,-6.0
7.599999999999999E-5,1.44E-4,-6.0
7.599999999999999E-5,1.46E-4,-6.0
7.599999999999999E-5,1.48E-4,-6.0
7.599999999999999E-5,1.5E-4,-6.0
7.599999999999999E-5,1.5199999999999998E-4,-6.0
7.599999999999999E-5,1.54E-4,-6.0
7.599999999999999E-5,1.56E-4,-6.0
7.599999999999999E-5,1.58E-4,-6.0
7.599999999999999E-5,1.5999999999999999E-4,-6.0
7.599999999999999E-5,1.6199999999999998E-4,-6.0
7.599999999999999E-5,1.64E-4,-6.0
7.599999999999999E-5,1.66E-4,-6.0
7.599999999999999E-5,1.68E-4,-6.0
7.599999999999999E-5,1.6999999999999999E-4,-6.0
7.599999999999999E-5,1.7199999999999998E-4,-6.0
7.599999999999999E-5,1.74E-4,-6.0
7.599999999999999E-5,1.76E-4,-6.0
7.599999999999999E-5,1.78E-4,-6.0
7.8E-5,0.0,-6.0
7.8E-5,2.0E-6,-6.0
7.8E-5,4.0E-6,-6.0
7.8E-5,6.0E-6,-6.0
7.8E-5,8.0E-6,-6.0
7.8E-5,9.999999999999999E-6,-6.0
7.8E-5,1.2E-5,-6.0
7.8E-5,1.4E-5,-6.0
7.8E-5,1.6E-5,-6.0
7.8E-5,1.8E-5,-6.0
7.8E-5,1.9999999999999998E-5,-6.0
7.8E-5,2.2E-5,-6.0
7.8E-5,2.4E-5,-6.0
7.8E-5,2.6E-5,-6.0
7.8E-5,2.8E-5,-6.0
7.8E-5,2.9999999999999997E-5,-6.0
7.8E-5,3.2E-5,-6.0
7.8E-5,3.4E-5,-6.0
7.8E-5,3.6E-5,-6.0
7.8E-5,3.7999999999999995E-5,-6.0
7.8E-5,3.9999999999999996E-5,-6.0
7.8E-5,4.2E-5,-6.0
7.8E-5,4.4E-5,-5.962438712449964
7.8E-5,4.6E-5,-5.7421145123106365
7.8E-5,4.8E-5,-5.550828038372993
7.8E-5,4.9999999999999996E-5,-5.453298657709249
7.8E-5,5.2E-5,-5.371878116975836
7.8E-5,5.4E-5,-5.318248805782734
7.8E-5,5.6E-5,-5.27744715818744
7.8E-5,5.8E-5,-5.244704477925755
7.8E-5,5.9999999999999995E-5,-5.221658603931702
7.8E-5,6.2E-5,-5.200919119441474
7.8E-5,6.4E-5,-5.174469295809103
7.8E-5,6.599999999999999E-5,-5.141604342146662
7.8E-5,6.8E-5,-5.096280760444194
7.8E-5,7.0E-5,-5.030743987307817
7.8E-5,7.2E-5,-4.921008234834359
7.8E-5,7.4E-5,-4.7004735856748
7.8E-5,7.599999999999999E-5,-4.322588973620513
7.8E-5,7.8E-5,-3.4883910072856072
7.8E-5,7.999999999999999E-5,-2.4444444444444446
7.8E-5,8.2E-5,-2.4444444444444446
7.8E-5,8.4E-5,-2.4444444444444446
7.8E-5,8.599999999999999E-5,-2.4444444444444446
7.8E-5,8.8E-5,-2.4444444444444446
7.8E-5,8.999999999999999E-5,-2.4444444444444446
7.8E-5,9.2E-5,-2.4444444444444446
7.8E-5,9.4E-5,-2.4444444444444446
7.8E-5,9.6E-5,-2.4444444444444446
7.8E-5,9.8E-5,-2.4444444444444446
7.8E-5,9.999999999999999E-5,-2.4444444444444446
7.8E-5,1.02E-4,-2.4444444444444446
7.8E-5,1.04E-4,-2.4444444444444446
7.8E-5,1.06E-4,-2.4444444444444446
7.8E-5,1.08E-4,-2.4444444444444446
7.8E-5,1.0999999999999999E-4,-2.4444444444444446
7.8E-5,1.12E-4,-2.4444444444444446
7.8E-5,1.1399999999999999E-4,-3.135060200732628
7.8E-5,1.16E-4,-4.046282609390541
7.8E-5,1.18E-4,-4.507104759161562
7.8E-5,1.1999999999999999E-4,-4.845985184251608
7.8E-5,1.22E-4,-5.156408628643901
7.8E-5,1.24E-4,-5.502060140249699
7.8E-5,1.26E-4,-5.932520844445782
7.8E-5,1.28E-4,-6.0
7.8E-5,1.3E-4,-6.0
7.8E-5,1.3199999999999998E-4,-6.0
7.8E-5,1.34E-4,-6.0
7.8E-5,1.36E-4,-6.0
7.8E-5,1.38E-4,-6.0
7.8E-5,1.4E-4,-6.0
7.8E-5,1.4199999999999998E-4,-6.0
7.8E-5,1.44E-4,-6.0
7.8E-5,1.46E-4,-6.0
7.8E-5,1.48E-4,-6.0
7.8E-5,1.5E-4,-6.0
7.8E-5,1.5199999999999998E-4,-6.0
7.8E-5,1.54E-4,-6.0
7.8E-5,1.56E-4,-6.0
7.8E-5,1.58E-4,-6.0
7.8E-5,1.5999999999999999E-4,-6.0
7.8E-5,1.6199999999999998E-4,-6.0
7.8E-5,1.64E-4,-6.0
7.8E-5,1.66E-4,-6.0
7.8E-5,1.68E-4,-6.0
7.8E-5,1.6999999999999999E-4,-6.0
7.8E-5,1.7199999999999998E-4,-6.0
7.8E-5,1.74E-4,-6.0
7.8E-5,1.76E-4,-6.0
7.8E-5,1.78E-4,-6.0
7.999999999999999E-5,0.0,-6.0
7.999999999999999E-5,2.0E-6,-6.0
7.999999999999999E-5,4.0E-6,-6.0
7.999999999999999E-5,6.0E-6,-6.0
7.999999999999999E-5,8.0E-6,-6.0
7.999999999999999E-5,9.999999999999999E-6,-6.0
7.999999999999999E-5,1.2E-5,-6.0
7.999999999999999E-5,1.4E-5,-6.0
7.999999999999999E-5,1.6E-5,-6.0
7.999999999999999E-5,1.8E-5,-6.0
7.999999999999999E-5,1.9999999999999998E-5,-6.0
7.999999999999999E-5,2.2E-5,-6.0
7.999999999999999E-5,2.4E-5,-6.0
7.999999999999999E-5,2.6E-5,-6.0
7.999999999999999E-5,2.8E-5,-6.0
7.999999999999999E-5,2.9999999999999997E-5,-6.0
7.999999999999999E-5,3.2E-5,-6.0
7.999999999999999E-5,3.4E-5,-6.0
7.999999999999999E-5,3.6E-5,-6.0
7.999999999999999E-5,3.7999999999999995E-5,-6.0
7.999999999999999E-5,3.9999999999999996E-5,-6.0
7.999999999999999E-5,4.2E-5,-5.927497933678941
7.999999999999999E-5,4.4E-5,-5.70630525098465
7.999999999999999E-5,4.6E-5,-5.527525644437995
7.999999999999999E-5,4.8E-5,-5.4258043960319355
7.999999999999999E-5,4.9999999999999996E-5,-5.34650849574648
7.999999999999999E-5,5.2E-5,-5.293264340355229
7.999999999999999E-5,5.4E-5,-5.254912872826411
7.999999999999999E-5,5.6E-5,-5.226676555561611
7.999999999999999E-5,5.8E-5,-5.206764501467246
7.999999999999999E-5,5.9999999999999995E-5,-5.190807182046362
7.999999999999999E-5,6.2E-5,-5.170676176008955
7.999999999999999E-5,6.4E-5,-5.141504887269514
7.999999999999999E-5,6.599999999999999E-5,-5.110851716565652
7.999999999999999E-5,6.8E-5,-5.066649321215507
7.999999999999999E-5,7.0E-5,-4.991366155042622
7.999999999999999E-5,7.2E-5,-4.855936211717403
7.999999999999999E-5,7.4E-5,-4.603985700540055
7.999999999999999E-5,7.599999999999999E-5,-4.162283045284276
7.999999999999999E-5,7.8E-5,-2.926311163313408
7.999999999999999E-5,7.999999999999999E-5,-2.4444444444444446
7.999999999999999E-5,8.2E-5,-2.4444444444444446
7.999999999999999E-5,8.4E-5,-2.4444444444444446
7.999999999999999E-5,8.599999999999999E-5,-2.4444444444444446
7.999999999999999E-5,8.8E-5,-2.4444444444444446
7.999999999999999E-5,8.999999999999999E-5,-2.4444444444444446
7.999999999999999E-5,9.2E-5,-2.4444444444444446
7.999999999999999E-5,9.4E-5,-2.4444444444444446
7.999999999999999E-5,9.6E-5,-2.4444444444444446
7.999999999999999E-5,9.8E-5,-2.4444444444444446
7.999999999999999E-5,9.999999999999999E-5,-2.4444444444444446
7.999999999999999E-5,1.02E-4,-2.4444444444444446
7.999999999999999E-5,1.04E-4,-2.4444444444444446
7.999999999999999E-5,1.06E-4,-2.4444444444444446
7.999999999999999E-5,1.08E-4,-2.4444444444444446
7.999999999999999E-5,1.0999999999999999E-4,-2.4444444444444446
7.999999999999999E-5,1.12E-4,-2.4444444444444446
7.999999999999999E-5,1.1399999999999999E-4,-3.5426981236482473
7.999999999999999E-5,1.16E-4,-4.077456110810756
7.999999999999999E-5,1.18E-4,-4.404214139787264
7.999999999999999E-5,1.1999999999999999E-4,-4.695213133999885
7.999999999999999E-5,1.22E-4,-4.983268208916776
7.999999999999999E-5,1.24E-4,-5.290365778701576
7.999999999999999E-5,1.26E-4,-5.6381245911822475
7.999999999999999E-5,1.28E-4,-6.0
7.999999999999999E-5,1.3E-4,-6.0
7.999999999999999E-5,1.3199999999999998E-4,-6.0
7.999999999999999E-5,1.34E-4,-6.0
7.999999999999999E-5,1.36E-4,-6.0
7.999999999999999E-5,1.38E-4,-6.0
7.999999999999999E-5,1.4E-4,-6.0
7.999999999999999E-5,1.4199999999999998E-4,-6.0
7.999999999999999E-5,1.44E-4,-6.0
7.999999999999999E-5,1.46E-4,-6.0
7.999999999999999E-5,1.48E-4,-6.0
7.999999999999999E-5,1.5E-4,-6.0
7.999999999999999E-5,1.5199999999999998E-4,-6.0
7.999999999999999E-5,1.54E-4,-6.0
7.999999999999999E-5,1.56E-4,-6.0
7.999999999999999E-5,1.58E-4,-6.0
7.999999999999999E-5,1.5999999999999999E-4,-6.0
7.999999999999999E-5,1.6199999999999998E-4,-6.0
7.999999999999999E-5,1.64E-4,-6.0
7.999999999999999E-5,1.66E-4,-6.0
7.999999999999999E-5,1.68E-4,-6.0
7.999999999999999E-5,1.6999999999999999E-4,-6.0
7.999999999999999E-5,1.7199999999999998E-4,-6.0
7.999999999999999E-5,1.74E-4,-6.0
7.999999999999999E-5,1.76E-4,-6.0
7.999999999999999E-5,1.78E-4,-6.0
8.2E-5,0.0,-6.0
8.2E-5,2.0E-6,-6.0
8.2E-5,4.0E-6,-6.0
8.2E-5,6.0E-6,-6.0
8.2E-5,8.0E-6,-6.0
8.2E-5,9.999999999999999E-6,-6.0
8.2E-5,1.2E-5,-6.0
8.2E-5,1.4E-5,-6.0
8.2E-5,1.6E-5,-6.0
8.2E-5,1.8E-5,-6.0
8.2E-5,1.9999999999999998E-5,-6.0
8.2E-5,2.2E-5,-6.0
8.2E-5,2.4E-5,-6.0
8.2E-5,2.6E-5,-6.0
8.2E-5,2.8E-5,-6.0
8.2E-5,2.9999999999999997E-5,-6.0
8.2E-5,3.2E-5,-6.0
8.2E-5,3.4E-5,-6.0
8.2E-5,3.6E-5,-6.0
8.2E-5,3.7999999999999995E-5,-6.0
8.2E-5,3.9999999999999996E-5,-5.828216860636705
8.2E-5,4.2E-5,-5.595673564530683
8.2E-5,4.4E-5,-5.4668263849334116
8.2E-5,4.6E-5,-5.373939281581576
8.2E-5,4.8E-5,-5.297077062713251
8.2E-5,4.9999999999999996E-5,-5.248694426104586
8.2E-5,5.2E-5,-5.216504271094244
8.2E-5,5.4E-5,-5.194596357704952
8.2E-5,5.6E-5,-5.180400057137822
8.2E-5,5.8E-5,-5.17061530638481
8.2E-5,5.9999999999999995E-5,-5.154715541930219
8.2E-5,6.2E-5,-5.136119513483223
8.2E-5,6.4E-5,-5.109698115251245
8.2E-5,6.599999999999999E-5,-5.0783842914964055
8.2E-5,6.8E-5,-5.022505119073697
8.2E-5,7.0E-5,-4.9333146970548825
8.2E-5,7.2E-5,-4.767963409994244
8.2E-5,7.4E-5,-4.469525311923286
8.2E-5,7.599999999999999E-5,-3.947215244045834
8.2E-5,7.8E-5,-2.4444444444444446
8.2E-5,7.999999999999999E-5,-2.4444444444444446
8.2E-5,8.2E-5,-2.4444444444444446
8.2E-5,8.4E-5,-2.4444444444444446
8.2E-5,8.599999999999999E-5,-2.4444444444444446
8.2E-5,8.8E-5,-2.4444444444444446
8.2E-5,8.999999999999999E-5,-2.4444444444444446
8.2E-5,9.2E-5,-2.4444444444444446
8.2E-5,9.4E-5,-2.4444444444444446
8.2E-5,9.6E-5,-2.4444444444444446
8.2E-5,9.8E-5,-2.4444444444444446
8.2E-5,9.999999999999999E-5,-2.4444444444444446
8.2E-5,1.02E-4,-2.4444444444444446
8.2E-5,1.04E-4,-2.4444444444444446
8.2E-5,1.06E-4,-2.4444444444444446
8.2E-5,1.08E-4,-2.4444444444444446
8.2E-5,1.0999999999999999E-4,-2.4444444444444446
8.2E-5,1.12E-4,-3.3105449950051566
8.2E-5,1.1399999999999999E-4,-3.8246907928529073
8.2E-5,1.16E-4,-4.088884541478685
8.2E-5,1.18E-4,-4.327129432385662
8.2E-5,1.1999999999999999E-4,-4.559124588012155
8.2E-5,1.22E-4,-4.816359511731443
8.2E-5,1.24E-4,-5.078159209147653
8.2E-5,1.26E-4,-5.403836345817186
8.2E-5,1.28E-4,-5.810382490042003
8.2E-5,1.3E-4,-6.0
8.2E-5,1.3199999999999998E-4,-6.0
8.2E-5,1.34E-4,-6.0
8.2E-5,1.36E-4,-6.0
8.2E-5,1.38E-4,-6.0
8.2E-5,1.4E-4,-6.0
8.2E-5,1.4199999999999998E-4,-6.0
8.2E-5,1.44E-4,-6.0
8.2E-5,1.46E-4,-6.0
8.2E-5,1.48E-4,-6.0
8.2E-5,1.5E-4,-6.0
8.2E-5,1.5199999999999998E-4,-6.0
8.2E-5,1.54E-4,-6.0
8.2E-5,1.56E-4,-6.0
8.2E-5,1.58E-4,-6.0
8.2E-5,1.5999999999999999E-4,-6.0
8.2E-5,1.6199999999999998E-4,-6.0
8.2E-5,1.64E-4,-6.0
8.2E-5,1.66E-4,-6.0
8.2E-5,1.68E-4,-6.0
8.2E-5,1.6999999999999999E-4,-6.0
8.2E-5,1.7199999999999998E-4,-6.0
8.2E-5,1.74E-4,-6.0
8.2E-5,1.76E-4,-6.0
8.2E-5,1.78E-4,-6.0
8.4E-5,0.0,-6.0
8.4E-5,2.0E-6,-6.0
8.4E-5,4.0E-6,-6.0
8.4E-5,6.0E-6,-6.0
8.4E-5,8.0E-6,-6.0
8.4E-5,9.999999999999999E-6,-6.0
8.4E-5,1.2E-5,-6.0
8.4E-5,1.4E-5,-6.0
8.4E-5,1.6E-5,-6.0
8.4E-5,1.8E-5,-6.0
8.4E-5,1.9999999999999998E-5,-6.0
8.4E-5,2.2E-5,-6.0
8.4E-5,2.4E-5,-6.0
8.4E-5,2.6E-5,-6.0
8.4E-5,2.8E-5,-6.0
8.4E-5,2.9999999999999997E-5,-6.0
8.4E-5,3.2E-5,-6.0
8.4E-5,3.4E-5,-6.0
8.4E-5,3.6E-5,-5.9575493440596
8.4E-5,3.7999999999999995E-5,-5.644280977358674
8.4E-5,3.9999999999999996E-5,-5.454408563088885
8.4E-5,4.2E-5,-5.317662875176916
8.4E-5,4.4E-5,-5.233944680878362
8.4E-5,4.6E-5,-5.17769804860706
8.4E-5,4.8E-5,-5.142014991759967
8.4E-5,4.9999999999999996E-5,-5.13246492797695
8.4E-5,5.2E-5,-5.126190995759434
8.4E-5,5.4E-5,-5.128310311704047
8.4E-5,5.6E-5,-5.128163504151419
8.4E-5,5.8E-5,-5.1227837671474905
8.4E-5,5.9999999999999995E-5,-5.114356024655457
8.4E-5,6.2E-5,-5.098228051985244
8.4E-5,6.4E-5,-5.073775336814131
8.4E-5,6.599999999999999E-5,-5.031413164627929
8.4E-5,6.8E-5,-4.958601545375125
8.4E-5,7.0E-5,-4.846306140024279
8.4E-5,7.2E-5,-4.627078849046045
8.4E-5,7.4E-5,-4.28576516635375
8.4E-5,7.599999999999999E-5,-3.5277692436053236
8.4E-5,7.8E-5,-2.4444444444444446
8.4E-5,7.999999999999999E-5,-2.4444444444444446
8.4E-5,8.2E-5,-2.4444444444444446
8.4E-5,8.4E-5,-2.4444444444444446
8.4E-5,8.599999999999999E-5,-2.4444444444444446
8.4E-5,8.8E-5,-2.4444444444444446
8.4E-5,8.999999999999999E-5,-2.4444444444444446
8.4E-5,9.2E-5,-2.4444444444444446
8.4E-5,9.4E-5,-2.4444444444444446
8.4E-5,9.6E-5,-2.4444444444444446
8.4E-5,9.8E-5,-2.4444444444444446
8.4E-5,9.999999999999999E-5,-2.4444444444444446
8.4E-5,1.02E-4,-2.4444444444444446
8.4E-5,1.04E-4,-2.4444444444444446
8.4E-5,1.06E-4,-2.4444444444444446
8.4E-5,1.08E-4,-2.4444444444444446
8.4E-5,1.0999999999999999E-4,-3.3139665191348406
8.4E-5,1.12E-4,-3.7316625423086194
8.4E-5,1.1399999999999999E-4,-3.9284021094756465
8.4E-5,1.16E-4,-4.097226370422457
8.4E-5,1.18E-4,-4.2613424095348496
8.4E-5,1.1999999999999999E-4,-4.431249804692563
8.4E-5,1.22E-4,-4.658678925892281
8.4E-5,1.24E-4,-4.9143027723122135
8.4E-5,1.26E-4,-5.203878973664013
8.4E-5,1.28E-4,-5.535332164919221
8.4E-5,1.3E-4,-5.997075299870016
8.4E-5,1.3199999999999998E-4,-6.0
8.4E-5,1.34E-4,-6.0
8.4E-5,1.36E-4,-6.0
8.4E-5,1.38E-4,-6.0
8.4E-5,1.4E-4,-6.0
8.4E-5,1.4199999999999998E-4,-6.0
8.4E-5,1.44E-4,-6.0
8.4E-5,1.46E-4,-6.0
8.4E-5,1.48E-4,-6.0
8.4E-5,1.5E-4,-6.0
8.4E-5,1.5199999999999998E-4,-6.0
8.4E-5,1.54E-4,-6.0
8.4E-5,1.56E-4,-6.0
8.4E-5,1.58E-4,-6.0
8.4E-5,1.5999999999999999E-4,-6.0
8.4E-5,1.6199999999999998E-4,-6.0
8.4E-5,1.64E-4,-6.0
8.4E-5,1.66E-4,-6.0
8.4E-5,1.68E-4,-6.0
8.4E-5,1.6999999999999999E-4,-6.0
8.4E-5,1.7199999999999998E-4,-6.0
8.4E-5,1.74E-4,-6.0
8.4E-5,1.76E-4,-6.0
8.4E-5,1.78E-4,-6.0
8.599999999999999E-5,0.0,-6.0
8.599999999999999E-5,2.0E-6,-6.0
8.599999999999999E-5,4.0E-6,-6.0
8.599999999999999E-5,6.0E-6,-6.0
8.599999999999999E-5,8.0E-6,-6.0
8.599999999999999E-5,9.999999999999999E-6,-6.0
8.599999999999999E-5,1.2E-5,-6.0
8.599999999999999E-5,1.4E-5,-6.0
8.599999999999999E-5,1.6E-5,-6.0
8.599999999999999E-5,1.8E-5,-6.0
8.599999999999999E-5,1.9999999999999998E-5,-6.0
8.599999999999999E-5,2.2E-5,-6.0
8.599999999999999E-5,2.4E-5,-6.0
8.599999999999999E-5,2.6E-5,-6.0
8.599999999999999E-5,2.8E-5,-6.0
8.599999999999999E-5,2.9999999999999997E-5,-6.0
8.599999999999999E-5,3.2E-5,-6.0
8.599999999999999E-5,3.4E-5,-5.860697863465465
8.599999999999999E-5,3.6E-5,-5.502891778935755
8.599999999999999E-5,3.7999999999999995E-5,-5.259215542349056
8.599999999999999E-5,3.9999999999999996E-5,-5.085767706008404
8.599999999999999E-5,4.2E-5,-4.99038205298998
8.599999999999999E-5,4.4E-5,-4.951184649641819
8.599999999999999E-5,4.6E-5,-4.956081683103552
8.599999999999999E-5,4.8E-5,-4.968013375838813
8.599999999999999E-5,4.9999999999999996E-5,-4.998459147760476
8.599999999999999E-5,5.2E-5,-5.028709960719643
8.599999999999999E-5,5.4E-5,-5.046480904630528
8.599999999999999E-5,5.6E-5,-5.061464646700999
8.599999999999999E-5,5.8E-5,-5.068124208712825
8.599999999999999E-5,5.9999999999999995E-5,-5.067750989596507
8.599999999999999E-5,6.2E-5,-5.050662119973742
8.599999999999999E-5,6.4E-5,-5.018658762556027
8.599999999999999E-5,6.599999999999999E-5,-4.953049783359087
8.599999999999999E-5,6.8E-5,-4.852447775586715
8.599999999999999E-5,7.0E-5,-4.665775021727479
8.599999999999999E-5,7.2E-5,-4.365788592437519
8.599999999999999E-5,7.4E-5,-3.9306359763634595
8.599999999999999E-5,7.599999999999999E-5,-2.4444444444444446
8.599999999999999E-5,7.8E-5,-2.4444444444444446
8.599999999999999E-5,7.999999999999999E-5,-2.4444444444444446
8.599999999999999E-5,8.2E-5,-2.4444444444444446
8.599999999999999E-5,8.4E-5,-2.4444444444444446
8.599999999999999E-5,8.599999999999999E-5,-2.4444444444444446
8.599999999999999E-5,8.8E-5,-2.4444444444444446
8.599999999999999E-5,8.999999999999999E-5,-2.4444444444444446
8.599999999999999E-5,9.2E-5,-2.4444444444444446
8.599999999999999E-5,9.4E-5,-2.4444444444444446
8.599999999999999E-5,9.6E-5,-2.4444444444444446
8.599999999999999E-5,9.8E-5,-2.4444444444444446
8.599999999999999E-5,9.999999999999999E-5,-2.4444444444444446
8.599999999999999E-5,1.02E-4,-2.4444444444444446
8.599999999999999E-5,1.04E-4,-2.4444444444444446
8.599999999999999E-5,1.06E-4,-2.4444444444444446
8.599999999999999E-5,1.08E-4,-3.3938705565398295
8.599999999999999E-5,1.0999999999999999E-4,-3.718430836666837
8.599999999999999E-5,1.12E-4,-3.8931785736279227
8.599999999999999E-5,1.1399999999999999E-4,-3.998010589613097
8.599999999999999E-5,1.16E-4,-4.088857055100514
8.599999999999999E-5,1.18E-4,-4.2099994152988485
8.599999999999999E-5,1.1999999999999999E-4,-4.337741807493909
8.599999999999999E-5,1.22E-4,-4.51760277494548
8.599999999999999E-5,1.24E-4,-4.760751089754212
8.599999999999999E-5,1.26E-4,-5.024371310748904
8.599999999999999E-5,1.28E-4,-5.356680329989041
8.599999999999999E-5,1.3E-4,-5.7681904673801645
8.599999999999999E-5,1.3199999999999998E-4,-6.0
8.599999999999999E-5,1.34E-4,-6.0
8.599999999999999E-5,1.36E-4,-6.0
8.599999999999999E-5,1.38E-4,-6.0
8.599999999999999E-5,1.4E-4,-6.0
8.599999999999999E-5,1.4199999999999998E-4,-6.0
8.599999999999999E-5,1.44E-4,-6.0
8.599999999999999E-5,1.46E-4,-6.0
8.599999999999999E-5,1.48E-4,-6.0
8.599999999999999E-5,1.5E-4,-6.0
8.599999999999999E-5,1.5199999999999998E-4,-6.0
8.599999999999999E-5,1.54E-4,-6.0
8.599999999999999E-5,1.56E-4,-6.0
8.599999999999999E-5,1.58E-4,-6.0
8.599999999999999E-5,1.5999999999999999E-4,-6.0
8.599999999999999E-5,1.6199999999999998E-4,-6.0
8.599999999999999E-5,1.64E-4,-6.0
8.599999999999999E-5,1.66E-4,-6.0
8.599999999999999E-5,1.68E-4,-6.0
8.599999999999999E-5,1.6999999999999999E-4,-6.0
8.599999999999999E-5,1.7199999999999998E-4,-6.0
8.599999999999999E-5,1.74E-4,-6.0
8.599999999999999E-5,1.76E-4,-6.0
8.599999999999999E-5,1.78E-4,-6.0
8.8E-5,0.0,-6.0
8.8E-5,2.0E-6,-6.0
8.8E-5,4.0E-6,-6.0
8.8E-5,6.0E-6,-6.0
8.8E-5,8.0E-6,-6.0
8.8E-5,9.999999999999999E-6,-6.0
8.8E-5,1.2E-5,-6.0
8.8E-5,1.4E-5,-6.0
8.8E-5,1.6E-5,-6.0
8.8E-5,1.8E-5,-6.0
8.8E-5,1.9999999999999998E-5,-6.0
8.8E-5,2.2E-5,-6.0
8.8E-5,2.4E-5,-6.0
8.8E-5,2.6E-5,-6.0
8.8E-5,2.8E-5,-6.0
8.8E-5,2.9999999999999997E-5,-6.0
8.8E-5,3.2E-5,-5.891026782351987
8.8E-5,3.4E-5,-5.455370980697306
8.8E-5,3.6E-5,-5.096208430836213
8.8E-5,3.7999999999999995E-5,-4.856025261518106
8.8E-5,3.9999999999999996E-5,-4.692515623374579
8.8E-5,4.2E-5,-4.599601173304878
8.8E-5,4.4E-5,-4.601199165201601
8.8E-5,4.6E-5,-4.655300332067969
8.8E-5,4.8E-5,-4.72985496617329
8.8E-5,4.9999999999999996E-5,-4.802598713108529
8.8E-5,5.2E-5,-4.86495081395088
8.8E-5,5.4E-5,-4.909851770524617
8.8E-5,5.6E-5,-4.958229670247144
8.8E-5,5.8E-5,-4.985394696029915
8.8E-5,5.9999999999999995E-5,-4.988263358888758
8.8E-5,6.2E-5,-4.977250279656127
8.8E-5,6.4E-5,-4.924878393597656
8.8E-5,6.599999999999999E-5,-4.837074037923482
8.8E-5,6.8E-5,-4.662080664602833
8.8E-5,7.0E-5,-4.38743366550944
8.8E-5,7.2E-5,-3.980729737848014
8.8E-5,7.4E-5,-2.4444444444444446
8.8E-5,7.599999999999999E-5,-2.4444444444444446
8.8E-5,7.8E-5,-2.4444444444444446
8.8E-5,7.999999999999999E-5,-2.4444444444444446
8.8E-5,8.2E-5,-2.4444444444444446
8.8E-5,8.4E-5,-2.4444444444444446
8.8E-5,8.599999999999999E-5,-2.4444444444444446
8.8E-5,8.8E-5,-2.4444444444444446
8.8E-5,8.999999999999999E-5,-2.4444444444444446
8.8E-5,9.2E-5,-2.4444444444444446
8.8E-5,9.4E-5,-2.4444444444444446
8.8E-5,9.6E-5,-2.4444444444444446
8.8E-5,9.8E-5,-2.4444444444444446
8.8E-5,9.999999999999999E-5,-2.4444444444444446
8.8E-5,1.02E-4,-2.4444444444444446
8.8E-5,1.04E-4,-2.701743996916206
8.8E-5,1.06E-4,-3.4730723347113366
8.8E-5,1.08E-4,-3.7558812666261487
8.8E-5,1.0999999999999999E-4,-3.8865510463879938
8.8E-5,1.12E-4,-3.964476166561039
8.8E-5,1.1399999999999999E-4,-4.02473132885536
8.8E-5,1.16E-4,-4.083290822723603
8.8E-5,1.18E-4,-4.160195318766062
8.8E-5,1.1999999999999999E-4,-4.266703938648972
8.8E-5,1.22E-4,-4.412332399931603
8.8E-5,1.24E-4,-4.623229427400258
8.8E-5,1.26E-4,-4.881638028092391
8.8E-5,1.28E-4,-5.171452339692383
8.8E-5,1.3E-4,-5.527236382726002
8.8E-5,1.3199999999999998E-4,-5.999305019567647
8.8E-5,1.34E-4,-6.0
8.8E-5,1.36E-4,-6.0
8.8E-5,1.38E-4,-6.0
8.8E-5,1.4E-4,-6.0
8.8E-5,1.4199999999999998E-4,-6.0
8.8E-5,1.44E-4,-6.0
8.8E-5,1.46E-4,-6.0
8.8E-5,1.48E-4,-6.0
8.8E-5,1.5E-4,-6.0
8.8E-5,1.5199999999999998E-4,-6.0
8.8E-5,1.54E-4,-6.0
8.8E-5,1.56E-4,-6.0
8.8E-5,1.58E-4,-6.0
8.8E-5,1.5999999999999999E-4,-6.0
8.8E-5,1.6199999999999998E-4,-6.0
8.8E-5,1.64E-4,-6.0
8.8E-5,1.66E-4,-6.0
8.8E-5,1.68E-4,-6.0
8.8E-5,1.6999999999999999E-4,-6.0
8.8E-5,1.7199999999999998E-4,-6.0
8.8E-5,1.74E-4,-6.0
8.8E-5,1.76E-4,-6.0
8.8E-5,1.78E-4,-6.0
8.999999999999999E-5,0.0,-6.0
8.999999999999999E-5,2.0E-6,-6.0
8.999999999999999E-5,4.0E-6,-6.0
8.999999999999999E-5,6.0E-6,-6.0
8.999999999999999E-5,8.0E-6,-6.0
8.999999999999999E-5,9.999999999999999E-6,-6.0
8.999999999999999E-5,1.2E-5,-6.0
8.999999999999999E-5,1.4E-5,-6.0
8.999999999999999E-5,1.6E-5,-6.0
8.999999999999999E-5,1.8E-5,-6.0
8.999999999999999E-5,1.9999999999999998E-5,-6.0
8.999999999999999E-5,2.2E-5,-6.0
8.999999999999999E-5,2.4E-5,-6.0
8.999999999999999E-5,2.6E-5,-6.0
8.999999999999999E-5,2.8E-5,-6.0
8.999999999999999E-5,2.9999999999999997E-5,-6.0
8.999999999999999E-5,3.2E-5,-5.527486592040314
8.999999999999999E-5,3.4E-5,-5.108266817636749
8.999999999999999E-5,3.6E-5,-4.7411488492753975
8.999999999999999E-5,3.7999999999999995E-5,-4.438213216061005
8.999999999999999E-5,3.9999999999999996E-5,-4.221002337737713
8.999999999999999E-5,4.2E-5,-4.086340173778516
8.999999999999999E-5,4.4E-5,-4.101319255820826
8.999999999999999E-5,4.6E-5,-4.244657030129897
8.999999999999999E-5,4.8E-5,-4.36104129403362
8.999999999999999E-5,4.9999999999999996E-5,-4.4926241679160555
8.999999999999999E-5,5.2E-5,-4.605917494267707
8.999999999999999E-5,5.4E-5,-4.706217808071554
8.999999999999999E-5,5.6E-5,-4.780379192858298
8.999999999999999E-5,5.8E-5,-4.832325538786264
8.999999999999999E-5,5.9999999999999995E-5,-4.846192750300501
8.999999999999999E-5,6.2E-5,-4.844819275399711
8.999999999999999E-5,6.4E-5,-4.787173135558794
8.999999999999999E-5,6.599999999999999E-5,-4.624610031344348
8.999999999999999E-5,6.8E-5,-4.36097917741783
8.999999999999999E-5,7.0E-5,-3.9627468201369354
8.999999999999999E-5,7.2E-5,-2.4444444444444446
8.999999999999999E-5,7.4E-5,-2.4444444444444446
8.999999999999999E-5,7.599999999999999E-5,-2.4444444444444446
8.999999999999999E-5,7.8E-5,-2.4444444444444446
8.999999999999999E-5,7.999999999999999E-5,-2.4444444444444446
8.999999999999999E-5,8.2E-5,-2.4444444444444446
8.999999999999999E-5,8.4E-5,-2.4444444444444446
8.999999999999999E-5,8.599999999999999E-5,-2.4444444444444446
8.999999999999999E-5,8.8E-5,-2.4444444444444446
8.999999999999999E-5,8.999999999999999E-5,-2.4444444444444446
8.999999999999999E-5,9.2E-5,-2.4444444444444446
8.999999999999999E-5,9.4E-5,-2.4444444444444446
8.999999999999999E-5,9.6E-5,-2.4444444444444446
8.999999999999999E-5,9.8E-5,-2.4444444444444446
8.999999999999999E-5,9.999999999999999E-5,-2.4444444444444446
8.999999999999999E-5,1.02E-4,-2.9332781832780337
8.999999999999999E-5,1.04E-4,-3.550263496878679
8.999999999999999E-5,1.06E-4,-3.7914124261567963
8.999999999999999E-5,1.08E-4,-3.8922493566341188
8.999999999999999E-5,1.0999999999999999E-4,-3.9589474875615434
8.999999999999999E-5,1.12E-4,-4.005022695618557
8.999999999999999E-5,1.1399999999999999E-4,-4.037301397859862
8.999999999999999E-5,1.16E-4,-4.075617205879554
8.999999999999999E-5,1.18E-4,-4.126601219086689
8.999999999999999E-5,1.1999999999999999E-4,-4.217130474959322
8.999999999999999E-5,1.22E-4,-4.328461971520586
8.999999999999999E-5,1.24E-4,-4.507243134079486
8.999999999999999E-5,1.26E-4,-4.748417461718836
8.999999999999999E-5,1.28E-4,-5.0327714867838935
8.999999999999999E-5,1.3E-4,-5.366612888579631
8.999999999999999E-5,1.3199999999999998E-4,-5.812997260987789
8.999999999999999E-5,1.34E-4,-6.0
8.999999999999999E-5,1.36E-4,-6.0
8.999999999999999E-5,1.38E-4,-6.0
8.999999999999999E-5,1.4E-4,-6.0
8.999999999999999E-5,1.4199999999999998E-4,-6.0
8.999999999999999E-5,1.44E-4,-6.0
8.999999999999999E-5,1.46E-4,-6.0
8.999999999999999E-5,1.48E-4,-6.0
8.999999999999999E-5,1.5E-4,-6.0
8.999999999999999E-5,1.5199999999999998E-4,-6.0
8.999999999999999E-5,1.54E-4,-6.0
8.999999999999999E-5,1.56E-4,-6.0
8.999999999999999E-5,1.58E-4,-6.0
8.999999999999999E-5,1.5999999999999999E-4,-6.0
8.999999999999999E-5,1.6199999999999998E-4,-6.0
8.999999999999999E-5,1.64E-4,-6.0
8.999999999999999E-5,1.66E-4,-6.0
8.999999999999999E-5,1.68E-4,-6.0
8.999999999999999E-5,1.6999999999999999E-4,-6.0
8.999999999999999E-5,1.7199999999999998E-4,-6.0
8.999999999999999E-5,1.74E-4,-6.0
8.999999999999999E-5,1.76E-4,-6.0
8.999999999999999E-5,1.78E-4,-6.0
9.2E-5,0.0,-6.0
9.2E-5,2.0E-6,-6.0
9.2E-5,4.0E-6,-6.0
9.2E-5,6.0E-6,-6.0
9.2E-5,8.0E-6,-6.0
9.2E-5,9.999999999999999E-6,-6.0
9.2E-5,1.2E-5,-6.0
9.2E-5,1.4E-5,-6.0
9.2E-5,1.6E-5,-6.0
9.2E-5,1.8E-5,-6.0
9.2E-5,1.9999999999999998E-5,-6.0
9.2E-5,2.2E-5,-6.0
9.2E-5,2.4E-5,-6.0
9.2E-5,2.6E-5,-6.0
9.2E-5,2.8E-5,-6.0
9.2E-5,2.9999999999999997E-5,-5.800405570223566
9.2E-5,3.2E-5,-5.272079220450307
9.2E-5,3.4E-5,-4.823918725477628
9.2E-5,3.6E-5,-4.362781562148895
9.2E-5,3.7999999999999995E-5,-3.8737701966685805
9.2E-5,3.9999999999999996E-5,-3.351583422927419
9.2E-5,4.2E-5,-2.898335894738418
9.2E-5,4.4E-5,-3.104271049161195
9.2E-5,4.6E-5,-3.479992188218497
9.2E-5,4.8E-5,-3.7935600214439296
9.2E-5,4.9999999999999996E-5,-4.007238776785517
9.2E-5,5.2E-5,-4.2187868013319
9.2E-5,5.4E-5,-4.364660166411767
9.2E-5,5.6E-5,-4.490938426945381
9.2E-5,5.8E-5,-4.580080191682927
9.2E-5,5.9999999999999995E-5,-4.62241274597345
9.2E-5,6.2E-5,-4.636403585024877
9.2E-5,6.4E-5,-4.507133292733572
9.2E-5,6.599999999999999E-5,-4.300446668969113
9.2E-5,6.8E-5,-3.895080565302809
9.2E-5,7.0E-5,-2.4444444444444446
9.2E-5,7.2E-5,-2.4444444444444446
9.2E-5,7.4E-5,-2.4444444444444446
9.2E-5,7.599999999999999E-5,-2.4444444444444446
9.2E-5,7.8E-5,-2.4444444444444446
9.2E-5,7.999999999999999E-5,-2.4444444444444446
9.2E-5,8.2E-5,-2.4444444444444446
9.2E-5,8.4E-5,-2.4444444444444446
9.2E-5,8.599999999999999E-5,-2.4444444444444446
9.2E-5,8.8E-5,-2.4444444444444446
9.2E-5,8.999999999999999E-5,-2.4444444444444446
9.2E-5,9.2E-5,-2.4444444444444446
9.2E-5,9.4E-5,-2.4444444444444446
9.2E-5,9.6E-5,-2.4444444444444446
9.2E-5,9.8E-5,-2.4444444444444446
9.2E-5,9.999999999999999E-5,-3.10684246902829
9.2E-5,1.02E-4,-3.596958419185743
9.2E-5,1.04E-4,-3.8145345634897003
9.2E-5,1.06E-4,-3.9086868005657083
9.2E-5,1.08E-4,-3.9605297435319207
9.2E-5,1.0999999999999999E-4,-3.999071022474011
9.2E-5,1.12E-4,-4.022126035902322
9.2E-5,1.1399999999999999E-4,-4.043864594444844
9.2E-5,1.16E-4,-4.0694209365710305
9.2E-5,1.18E-4,-4.105529306426037
9.2E-5,1.1999999999999999E-4,-4.170476577383563
9.2E-5,1.22E-4,-4.269285081999133
9.2E-5,1.24E-4,-4.413324583818673
9.2E-5,1.26E-4,-4.63380032732522
9.2E-5,1.28E-4,-4.908647096775043
9.2E-5,1.3E-4,-5.224492472989704
9.2E-5,1.3199999999999998E-4,-5.605265337920556
9.2E-5,1.34E-4,-6.0
9.2E-5,1.36E-4,-6.0
9.2E-5,1.38E-4,-6.0
9.2E-5,1.4E-4,-6.0
9.2E-5,1.4199999999999998E-4,-6.0
9.2E-5,1.44E-4,-6.0
9.2E-5,1.46E-4,-6.0
9.2E-5,1.48E-4,-6.0
9.2E-5,1.5E-4,-6.0
9.2E-5,1.5199999999999998E-4,-6.0
9.2E-5,1.54E-4,-6.0
9.2E-5,1.56E-4,-6.0
9.2E-5,1.58E-4,-6.0
9.2E-5,1.5999999999999999E-4,-6.0
9.2E-5,1.6199999999999998E-4,-6.0
9.2E-5,1.64E-4,-6.0
9.2E-5,1.66E-4,-6.0
9.2E-5,1.68E-4,-6.0
9.2E-5,1.6999999999999999E-4,-6.0
9.2E-5,1.7199999999999998E-4,-6.0
9.2E-5,1.74E-4,-6.0
9.2E-5,1.76E-4,-6.0
9.2E-5,1.78E-4,-6.0
9.4E-5,0.0,-6.0
9.4E-5,2.0E-6,-6.0
9.4E-5,4.0E-6,-6.0
9.4E-5,6.0E-6,-6.0
9.4E-5,8.0E-6,-6.0
9.4E-5,9.999999999999999E-6,-6.0
9.4E-5,1.2E-5,-6.0
9.4E-5,1.4E-5,-6.0
9.4E-5,1.6E-5,-6.0
9.4E-5,1.8E-5,-6.0
9.4E-5,1.9999999999999998E-5,-6.0
9.4E-5,2.2E-5,-6.0
9.4E-5,2.4E-5,-6.0
9.4E-5,2.6E-5,-6.0
9.4E-5,2.8E-5,-6.0
9.4E-5,2.9999999999999997E-5,-5.5314480911550135
9.4E-5,3.2E-5,-5.039671067280143
9.4E-5,3.4E-5,-4.550641201437831
9.4E-5,3.6E-5,-3.9480481675168093
9.4E-5,3.7999999999999995E-5,-2.657945509888564
9.4E-5,3.9999999999999996E-5,-2.4444444444444446
9.4E-5,4.2E-5,-2.4444444444444446
9.4E-5,4.4E-5,-2.4444444444444446
9.4E-5,4.6E-5,-2.4444444444444446
9.4E-5,4.8E-5,-2.4444444444444446
9.4E-5,4.9999999999999996E-5,-2.8969558562609365
9.4E-5,5.2E-5,-3.4722816380038357
9.4E-5,5.4E-5,-3.8048934854425136
9.4E-5,5.6E-5,-4.026970988803589
9.4E-5,5.8E-5,-4.193318739463527
9.4E-5,5.9999999999999995E-5,-4.274107136874432
9.4E-5,6.2E-5,-4.2826031780798814
9.4E-5,6.4E-5,-4.0725245339425635
9.4E-5,6.599999999999999E-5,-3.7178552315646356
9.4E-5,6.8E-5,-2.4444444444444446
9.4E-5,7.0E-5,-2.4444444444444446
9.4E-5,7.2E-5,-2.4444444444444446
9.4E-5,7.4E-5,-2.4444444444444446
9.4E-5,7.599999999999999E-5,-2.4444444444444446
9.4E-5,7.8E-5,-2.4444444444444446
9.4E-5,7.999999999999999E-5,-2.4444444444444446
9.4E-5,8.2E-5,-2.4444444444444446
9.4E-5,8.4E-5,-2.4444444444444446
9.4E-5,8.599999999999999E-5,-2.4444444444444446
9.4E-5,8.8E-5,-2.4444444444444446
9.4E-5,8.999999999999999E-5,-2.4444444444444446
9.4E-5,9.2E-5,-2.4444444444444446
9.4E-5,9.4E-5,-2.4444444444444446
9.4E-5,9.6E-5,-2.4444444444444446
9.4E-5,9.8E-5,-3.232272532108224
9.4E-5,9.999999999999999E-5,-3.6342710268815326
9.4E-5,1.02E-4,-3.833922505844373
9.4E-5,1.04E-4,-3.9207270862899666
9.4E-5,1.06E-4,-3.964884159731673
9.4E-5,1.08E-4,-3.9980765181895106
9.4E-5,1.0999999999999999E-4,-4.015584143490775
9.4E-5,1.12E-4,-4.031388828339991
9.4E-5,1.1399999999999999E-4,-4.047023435805831
9.4E-5,1.16E-4,-4.06381797409292
9.4E-5,1.18E-4,-4.09275237537905
9.4E-5,1.1999999999999999E-4,-4.137239597812989
9.4E-5,1.22E-4,-4.229235618615859
9.4E-5,1.24E-4,-4.347444183806941
9.4E-5,1.26E-4,-4.546879492760722
9.4E-5,1.28E-4,-4.798777536020969
9.4E-5,1.3E-4,-5.095708888440097
9.4E-5,1.3199999999999998E-4,-5.464716651262322
9.4E-5,1.34E-4,-5.946578678677197
9.4E-5,1.36E-4,-6.0
9.4E-5,1.38E-4,-6.0
9.4E-5,1.4E-4,-6.0
9.4E-5,1.4199999999999998E-4,-6.0
9.4E-5,1.44E-4,-6.0
9.4E-5,1.46E-4,-6.0
9.4E-5,1.48E-4,-6.0
9.4E-5,1.5E-4,-6.0
9.4E-5,1.5199999999999998E-4,-6.0
9.4E-5,1.54E-4,-6.0
9.4E-5,1.56E-4,-6.0
9.4E-5,1.58E-4,-6.0
9.4E-5,1.5999999999999999E-4,-6.0
9.4E-5,1.6199999999999998E-4,-6.0
9.4E-5,1.64E-4,-6.0
9.4E-5,1.66E-4,-6.0
9.4E-5,1.68E-4,-6.0
9.4E-5,1.6999999999999999E-4,-6.0
9.4E-5,1.7199999999999998E-4,-6.0
9.4E-5,1.74E-4,-6.0
9.4E-5,1.76E-4,-6.0
9.4E-5,1.78E-4,-6.0
9.6E-5,0.0,-6.0
9.6E-5,2.0E-6,-6.0
9.6E-5,4.0E-6,-6.0
9.6E-5,6.0E-6,-6.0
9.6E-5,8.0E-6,-6.0
9.6E-5,9.999999999999999E-6,-6.0
9.6E-5,1.2E-5,-6.0
9.6E-5,1.4E-5,-6.0
9.6E-5,1.6E-5,-6.0
9.6E-5,1.8E-5,-6.0
9.6E-5,1.9999999999999998E-5,-6.0
9.6E-5,2.2E-5,-6.0
9.6E-5,2.4E-5,-6.0
9.6E-5,2.6E-5,-6.0
9.6E-5,2.8E-5,-5.9444631583971645
9.6E-5,2.9999999999999997E-5,-5.3837706978743824
9.6E-5,3.2E-5,-4.8772975118733495
9.6E-5,3.4E-5,-4.305796730320829
9.6E-5,3.6E-5,-3.420170126285025
9.6E-5,3.7999999999999995E-5,-2.4444444444444446
9.6E-5,3.9999999999999996E-5,-2.4444444444444446
9.6E-5,4.2E-5,-2.4444444444444446
9.6E-5,4.4E-5,-2.4444444444444446
9.6E-5,4.6E-5,-2.4444444444444446
9.6E-5,4.8E-5,-2.4444444444444446
9.6E-5,4.9999999999999996E-5,-2.4444444444444446
9.6E-5,5.2E-5,-2.4444444444444446
9.6E-5,5.4E-5,-2.4444444444444446
9.6E-5,5.6E-5,-2.960199646676438
9.6E-5,5.8E-5,-3.4093176785212886
9.6E-5,5.9999999999999995E-5,-3.5811487191026004
9.6E-5,6.2E-5,-3.515747531548475
9.6E-5,6.4E-5,-2.902466706957823
9.6E-5,6.599999999999999E-5,-2.4444444444444446
9.6E-5,6.8E-5,-2.4444444444444446
9.6E-5,7.0E-5,-2.4444444444444446
9.6E-5,7.2E-5,-2.4444444444444446
9.6E-5,7.4E-5,-2.4444444444444446
9.6E-5,7.599999999999999E-5,-2.4444444444444446
9.6E-5,7.8E-5,-2.4444444444444446
9.6E-5,7.999999999999999E-5,-2.4444444444444446
9.6E-5,8.2E-5,-2.4444444444444446
9.6E-5,8.4E-5,-2.4444444444444446
9.6E-5,8.599999999999999E-5,-2.4444444444444446
9.6E-5,8.8E-5,-2.4444444444444446
9.6E-5,8.999999999999999E-5,-2.4444444444444446
9.6E-5,9.2E-5,-2.4444444444444446
9.6E-5,9.4E-5,-2.4444444444444446
9.6E-5,9.6E-5,-3.2574572995681184
9.6E-5,9.8E-5,-3.6509053585411286
9.6E-5,9.999999999999999E-5,-3.8412364437345006
9.6E-5,1.02E-4,-3.921697981343934
9.6E-5,1.04E-4,-3.9669915753471496
9.6E-5,1.06E-4,-3.995333983220956
9.6E-5,1.08E-4,-4.0120728547763
9.6E-5,1.0999999999999999E-4,-4.025620939509396
9.6E-5,1.12E-4,-4.036457577192712
9.6E-5,1.1399999999999999E-4,-4.04684708097039
9.6E-5,1.16E-4,-4.060800787262987
9.6E-5,1.18E-4,-4.081174268937058
9.6E-5,1.1999999999999999E-4,-4.117890618168267
9.6E-5,1.22E-4,-4.191855865966096
9.6E-5,1.24E-4,-4.2950119669700335
9.6E-5,1.26E-4,-4.463503246931314
9.6E-5,1.28E-4,-4.710298657865716
9.6E-5,1.3E-4,-4.9945143908714735
9.6E-5,1.3199999999999998E-4,-5.349748003487581
9.6E-5,1.34E-4,-5.793429769125541
9.6E-5,1.36E-4,-6.0
9.6E-5,1.38E-4,-6.0
9.6E-5,1.4E-4,-6.0
9.6E-5,1.4199999999999998E-4,-6.0
9.6E-5,1.44E-4,-6.0
9.6E-5,1.46E-4,-6.0
9.6E-5,1.48E-4,-6.0
9.6E-5,1.5E-4,-6.0
9.6E-5,1.5199999999999998E-4,-6.0
9.6E-5,1.54E-4,-6.0
9.6E-5,1.56E-4,-6.0
9.6E-5,1.58E-4,-6.0
9.6E-5,1.5999999999999999E-4,-6.0
9.6E-5,1.6199999999999998E-4,-6.0
9.6E-5,1.64E-4,-6.0
9.6E-5,1.66E-4,-6.0
9.6E-5,1.68E-4,-6.0
9.6E-5,1.6999999999999999E-4,-6.0
9.6E-5,1.7199999999999998E-4,-6.0
9.6E-5,1.74E-4,-6.0
9.6E-5,1.76E-4,-6.0
9.6E-5,1.78E-4,-6.0
9.8E-5,0.0,-6.0
9.8E-5,2.0E-6,-6.0
9.8E-5,4.0E-6,-6.0
9.8E-5,6.0E-6,-6.0
9.8E-5,8.0E-6,-6.0
9.8E-5,9.999999999999999E-6,-6.0
9.8E-5,1.2E-5,-6.0
9.8E-5,1.4E-5,-6.0
9.8E-5,1.6E-5,-6.0
9.8E-5,1.8E-5,-6.0
9.8E-5,1.9999999999999998E-5,-6.0
9.8E-5,2.2E-5,-6.0
9.8E-5,2.4E-5,-6.0
9.8E-5,2.6E-5,-6.0
9.8E-5,2.8E-5,-5.795775390309594
9.8E-5,2.9999999999999997E-5,-5.233427079517014
9.8E-5,3.2E-5,-4.718718083114684
9.8E-5,3.4E-5,-4.076441980747399
9.8E-5,3.6E-5,-2.4444444444444446
9.8E-5,3.7999999999999995E-5,-2.4444444444444446
9.8E-5,3.9999999999999996E-5,-2.4444444444444446
9.8E-5,4.2E-5,-2.4444444444444446
9.8E-5,4.4E-5,-2.4444444444444446
9.8E-5,4.6E-5,-2.4444444444444446
9.8E-5,4.8E-5,-2.4444444444444446
9.8E-5,4.9999999999999996E-5,-2.4444444444444446
9.8E-5,5.2E-5,-2.4444444444444446
9.8E-5,5.4E-5,-2.4444444444444446
9.8E-5,5.6E-5,-2.4444444444444446
9.8E-5,5.8E-5,-2.4444444444444446
9.8E-5,5.9999999999999995E-5,-2.4444444444444446
9.8E-5,6.2E-5,-2.4444444444444446
9.8E-5,6.4E-5,-2.4444444444444446
9.8E-5,6.599999999999999E-5,-2.4444444444444446
9.8E-5,6.8E-5,-2.4444444444444446
9.8E-5,7.0E-5,-2.4444444444444446
9.8E-5,7.2E-5,-2.4444444444444446
9.8E-5,7.4E-5,-2.4444444444444446
9.8E-5,7.599999999999999E-5,-2.4444444444444446
9.8E-5,7.8E-5,-2.4444444444444446
9.8E-5,7.999999999999999E-5,-2.4444444444444446
9.8E-5,8.2E-5,-2.4444444444444446
9.8E-5,8.4E-5,-2.4444444444444446
9.8E-5,8.599999999999999E-5,-2.4444444444444446
9.8E-5,8.8E-5,-2.4444444444444446
9.8E-5,8.999999999999999E-5,-2.4444444444444446
9.8E-5,9.2E-5,-2.4444444444444446
9.8E-5,9.4E-5,-2.9285764847521567
9.8E-5,9.6E-5,-3.5884089217543864
9.8E-5,9.8E-5,-3.8332639738216976
9.8E-5,9.999999999999999E-5,-3.9163753743419027
9.8E-5,1.02E-4,-3.9662878080680137
9.8E-5,1.04E-4,-3.992599616617766
9.8E-5,1.06E-4,-4.009106159364608
9.8E-5,1.08E-4,-4.021110905624618
9.8E-5,1.0999999999999999E-4,-4.029889227245321
9.8E-5,1.12E-4,-4.03815415361777
9.8E-5,1.1399999999999999E-4,-4.046404737254302
9.8E-5,1.16E-4,-4.058368879857614
9.8E-5,1.18E-4,-4.074702273179271
9.8E-5,1.1999999999999999E-4,-4.105473519616201
9.8E-5,1.22E-4,-4.159085000394816
9.8E-5,1.24E-4,-4.257141550799379
9.8E-5,1.26E-4,-4.401947945497533
9.8E-5,1.28E-4,-4.626546092670527
9.8E-5,1.3E-4,-4.911703213353657
9.8E-5,1.3199999999999998E-4,-5.2489258718772565
9.8E-5,1.34E-4,-5.655961882994751
9.8E-5,1.36E-4,-6.0
9.8E-5,1.38E-4,-6.0
9.8E-5,1.4E-4,-6.0
9.8E-5,1.4199999999999998E-4,-6.0
9.8E-5,1.44E-4,-6.0
9.8E-5,1.46E-4,-6.0
9.8E-5,1.48E-4,-6.0
9.8E-5,1.5E-4,-6.0
9.8E-5,1.5199999999999998E-4,-6.0
9.8E-5,1.54E-4,-6.0
9.8E-5,1.56E-4,-6.0
9.8E-5,1.58E-4,-6.0
9.8E-5,1.5999999999999999E-4,-6.0
9.8E-5,1.6199999999999998E-4,-6.0
9.8E-5,1.64E-4,-6.0
9.8E-5,1.66E-4,-6.0
9.8E-5,1.68E-4,-6.0
9.8E-5,1.6999999999999999E-4,-6.0
9.8E-5,1.7199999999999998E-4,-6.0
9.8E-5,1.74E-4,-6.0
9.8E-5,1.76E-4,-6.0
9.8E-5,1.78E-4,-6.0
9.999999999999999E-5,0.0,-6.0
9.999999999999999E-5,2.0E-6,-6.0
9.999999999999999E-5,4.0E-6,-6.0
9.999999999999999E-5,6.0E-6,-6.0
9.999999999999999E-5,8.0E-6,-6.0
9.999999999999999E-5,9.999999999999999E-6,-6.0
9.999999999999999E-5,1.2E-5,-6.0
9.999999999999999E-5,1.4E-5,-6.0
9.999999999999999E-5,1.6E-5,-6.0
9.999999999999999E-5,1.8E-5,-6.0
9.999999999999999E-5,1.9999999999999998E-5,-6.0
9.999999999999999E-5,2.2E-5,-6.0
9.999999999999999E-5,2.4E-5,-6.0
9.999999999999999E-5,2.6E-5,-6.0
9.999999999999999E-5,2.8E-5,-5.637481221870377
9.999999999999999E-5,2.9999999999999997E-5,-5.090862398693303
9.999999999999999E-5,3.2E-5,-4.574118445386565
9.999999999999999E-5,3.4E-5,-3.8491750953089783
9.999999999999999E-5,3.6E-5,-2.4444444444444446
9.999999999999999E-5,3.7999999999999995E-5,-2.4444444444444446
9.999999999999999E-5,3.9999999999999996E-5,-2.4444444444444446
9.999999999999999E-5,4.2E-5,-2.4444444444444446
9.999999999999999E-5,4.4E-5,-2.4444444444444446
9.999999999999999E-5,4.6E-5,-2.4444444444444446
9.999999999999999E-5,4.8E-5,-2.4444444444444446
9.999999999999999E-5,4.9999999999999996E-5,-2.4444444444444446
9.999999999999999E-5,5.2E-5,-2.4444444444444446
9.999999999999999E-5,5.4E-5,-2.4444444444444446
9.999999999999999E-5,5.6E-5,-2.4444444444444446
9.999999999999999E-5,5.8E-5,-2.4444444444444446
9.999999999999999E-5,5.9999999999999995E-5,-2.4444444444444446
9.999999999999999E-5,6.2E-5,-2.4444444444444446
9.999999999999999E-5,6.4E-5,-2.4444444444444446
9.999999999999999E-5,6.599999999999999E-5,-2.4444444444444446
9.999999999999999E-5,6.8E-5,-2.4444444444444446
9.999999999999999E-5,7.0E-5,-2.4444444444444446
9.999999999999999E-5,7.2E-5,-2.4444444444444446
9.999999999999999E-5,7.4E-5,-2.4444444444444446
9.999999999999999E-5,7.599999999999999E-5,-2.4444444444444446
9.999999999999999E-5,7.8E-5,-2.4444444444444446
9.999999999999999E-5,7.999999999999999E-5,-2.4444444444444446
9.999999999999999E-5,8.2E-5,-2.4444444444444446
9.999999999999999E-5,8.4E-5,-2.4444444444444446
9.999999999999999E-5,8.599999999999999E-5,-2.4444444444444446
9.999999999999999E-5,8.8E-5,-2.4444444444444446
9.999999999999999E-5,8.999999999999999E-5,-2.4444444444444446
9.999999999999999E-5,9.2E-5,-2.4444444444444446
9.999999999999999E-5,9.4E-5,-3.346177178837328
9.999999999999999E-5,9.6E-5,-3.753853597836799
9.999999999999999E-5,9.8E-5,-3.8949719598062433
9.999999999999999E-5,9.999999999999999E-5,-3.958705914110287
9.999999999999999E-5,1.02E-4,-3.9868144453263232
9.999999999999999E-5,1.04E-4,-4.0050861677676295
9.999999999999999E-5,1.06E-4,-4.016923886248767
9.999999999999999E-5,1.08E-4,-4.02503064581389
9.999999999999999E-5,1.0999999999999999E-4,-4.032029181896289
9.999999999999999E-5,1.12E-4,-4.038935579649783
9.999999999999999E-5,1.1399999999999999E-4,-4.045990944651446
9.999999999999999E-5,1.16E-4,-4.055236718013811
9.999999999999999E-5,1.18E-4,-4.069605062048692
9.999999999999999E-5,1.1999999999999999E-4,-4.094741428350453
9.999999999999999E-5,1.22E-4,-4.1408383599894725
9.999999999999999E-5,1.24E-4,-4.23223034650899
9.999999999999999E-5,1.26E-4,-4.360288533502019
9.999999999999999E-5,1.28E-4,-4.566516173357094
9.999999999999999E-5,1.3E-4,-4.838821431350212
9.999999999999999E-5,1.3199999999999998E-4,-5.151928105627855
9.999999999999999E-5,1.34E-4,-5.541279808511307
9.999999999999999E-5,1.36E-4,-6.0
9.999999999999999E-5,1.38E-4,-6.0
9.999999999999999E-5,1.4E-4,-6.0
9.999999999999999E-5,1.4199999999999998E-4,-6.0
9.999999999999999E-5,1.44E-4,-6.0
9.999999999999999E-5,1.46E-4,-6.0
9.999999999999999E-5,1.48E-4,-6.0
9.999999999999999E-5,1.5E-4,-6.0
9.999999999999999E-5,1.5199999999999998E-4,-6.0
9.999999999999999E-5,1.54E-4,-6.0
9.999999999999999E-5,1.56E-4,-6.0
9.999999999999999E-5,1.58E-4,-6.0
9.999999999999999E-5,1.5999999999999999E-4,-6.0
9.999999999999999E-5,1.6199999999999998E-4,-6.0
9.999999999999999E-5,1.64E-4,-6.0
9.999999999999999E-5,1.66E-4,-6.0
9.999999999999999E-5,1.68E-4,-6.0
9.999999999999999E-5,1.6999999999999999E-4,-6.0
9.999999999999999E-5,1.7199999999999998E-4,-6.0
9.999999999999999E-5,1.74E-4,-6.0
9.999999999999999E-5,1.76E-4,-6.0
9.999999999999999E-5,1.78E-4,-6.0
1.02E-4,0.0,-6.0
1.02E-4,2.0E-6,-6.0
1.02E-4,4.0E-6,-6.0
1.02E-4,6.0E-6,-6.0
1.02E-4,8.0E-6,-6.0
1.02E-4,9.999999999999999E-6,-6.0
1.02E-4,1.2E-5,-6.0
1.02E-4,1.4E-5,-6.0
1.02E-4,1.6E-5,-6.0
1.02E-4,1.8E-5,-6.0
1.02E-4,1.9999999999999998E-5,-6.0
1.02E-4,2.2E-5,-6.0
1.02E-4,2.4E-5,-6.0
1.02E-4,2.6E-5,-6.0
1.02E-4,2.8E-5,-5.520318642239542
1.02E-4,2.9999999999999997E-5,-5.005918374854568
1.02E-4,3.2E-5,-4.448870621445566
1.02E-4,3.4E-5,-3.6091585647107607
1.02E-4,3.6E-5,-2.4444444444444446
1.02E-4,3.7999999999999995E-5,-2.4444444444444446
1.02E-4,3.9999999999999996E-5,-2.4444444444444446
1.02E-4,4.2E-5,-2.4444444444444446
1.02E-4,4.4E-5,-2.4444444444444446
1.02E-4,4.6E-5,-2.4444444444444446
1.02E-4,4.8E-5,-2.4444444444444446
1.02E-4,4.9999999999999996E-5,-2.4444444444444446
1.02E-4,5.2E-5,-2.4444444444444446
1.02E-4,5.4E-5,-2.4444444444444446
1.02E-4,5.6E-5,-2.4444444444444446
1.02E-4,5.8E-5,-2.4444444444444446
1.02E-4,5.9999999999999995E-5,-2.4444444444444446
1.02E-4,6.2E-5,-2.4444444444444446
1.02E-4,6.4E-5,-2.4444444444444446
1.02E-4,6.599999999999999E-5,-2.4444444444444446
1.02E-4,6.8E-5,-2.4444444444444446
1.02E-4,7.0E-5,-2.4444444444444446
1.02E-4,7.2E-5,-2.4444444444444446
1.02E-4,7.4E-5,-2.4444444444444446
1.02E-4,7.599999999999999E-5,-2.4444444444444446
1.02E-4,7.8E-5,-2.4444444444444446
1.02E-4,7.999999999999999E-5,-2.4444444444444446
1.02E-4,8.2E-5,-2.4444444444444446
1.02E-4,8.4E-5,-2.4444444444444446
1.02E-4,8.599999999999999E-5,-2.4444444444444446
1.02E-4,8.8E-5,-2.4444444444444446
1.02E-4,8.999999999999999E-5,-2.4444444444444446
1.02E-4,9.2E-5,-2.4444444444444446
1.02E-4,9.4E-5,-3.497256679315214
1.02E-4,9.6E-5,-3.818094115959608
1.02E-4,9.8E-5,-3.9248403159597247
1.02E-4,9.999999999999999E-5,-3.9724759602815602
1.02E-4,1.02E-4,-3.99612134975803
1.02E-4,1.04E-4,-4.009964851602717
1.02E-4,1.06E-4,-4.019440186985686
1.02E-4,1.08E-4,-4.026859980167625
1.02E-4,1.0999999999999999E-4,-4.03227200616569
1.02E-4,1.12E-4,-4.038063499301515
1.02E-4,1.1399999999999999E-4,-4.044440987479113
1.02E-4,1.16E-4,-4.052683752066647
1.02E-4,1.18E-4,-4.06558370047605
1.02E-4,1.1999999999999999E-4,-4.085725066333544
1.02E-4,1.22E-4,-4.12613648689541
1.02E-4,1.24E-4,-4.2105232901760905
1.02E-4,1.26E-4,-4.321372491910879
1.02E-4,1.28E-4,-4.51366561866444
1.02E-4,1.3E-4,-4.780869677505493
1.02E-4,1.3199999999999998E-4,-5.082981334153786
1.02E-4,1.34E-4,-5.47056819918978
1.02E-4,1.36E-4,-5.956129659629048
1.02E-4,1.38E-4,-6.0
1.02E-4,1.4E-4,-6.0
1.02E-4,1.4199999999999998E-4,-6.0
1.02E-4,1.44E-4,-6.0
1.02E-4,1.46E-4,-6.0
1.02E-4,1.48E-4,-6.0
1.02E-4,1.5E-4,-6.0
1.02E-4,1.5199999999999998E-4,-6.0
1.02E-4,1.54E-4,-6.0
1.02E-4,1.56E-4,-6.0
1.02E-4,1.58E-4,-6.0
1.02E-4,1.5999999999999999E-4,-6.0
1.02E-4,1.6199999999999998E-4,-6.0
1.02E-4,1.64E-4,-6.0
1.02E-4,1.66E-4,-6.0
1.02E-4,1.68E-4,-6.0
1.02E-4,1.6999999999999999E-4,-6.0
1.02E-4,1.7199999999999998E-4,-6.0
1.02E-4,1.74E-4,-6.0
1.02E-4,1.76E-4,-6.0
1.02E-4,1.78E-4,-6.0
1.04E-4,0.0,-6.0
1.04E-4,2.0E-6,-6.0
1.04E-4,4.0E-6,-6.0
1.04E-4,6.0E-6,-6.0
1.04E-4,8.0E-6,-6.0
1.04E-4,9.999999999999999E-6,-6.0
1.04E-4,1.2E-5,-6.0
1.04E-4,1.4E-5,-6.0
1.04E-4,1.6E-5,-6.0
1.04E-4,1.8E-5,-6.0
1.04E-4,1.9999999999999998E-5,-6.0
1.04E-4,2.2E-5,-6.0
1.04E-4,2.4E-5,-6.0
1.04E-4,2.6E-5,-6.0
1.04E-4,2.8E-5,-5.45130919945304
1.04E-4,2.9999999999999997E-5,-4.930787312742515
1.04E-4,3.2E-5,-4.355079211792093
1.04E-4,3.4E-5,-3.375119753124843
1.04E-4,3.6E-5,-2.4444444444444446
1.04E-4,3.7999999999999995E-5,-2.4444444444444446
1.04E-4,3.9999999999999996E-5,-2.4444444444444446
1.04E-4,4.2E-5,-2.4444444444444446
1.04E-4,4.4E-5,-2.4444444444444446
1.04E-4,4.6E-5,-2.4444444444444446
1.04E-4,4.8E-5,-2.4444444444444446
1.04E-4,4.9999999999999996E-5,-2.4444444444444446
1.04E-4,5.2E-5,-2.4444444444444446
1.04E-4,5.4E-5,-2.4444444444444446
1.04E-4,5.6E-5,-2.4444444444444446
1.04E-4,5.8E-5,-2.4444444444444446
1.04E-4,5.9999999999999995E-5,-2.4444444444444446
1.04E-4,6.2E-5,-2.4444444444444446
1.04E-4,6.4E-5,-2.4444444444444446
1.04E-4,6.599999999999999E-5,-2.4444444444444446
1.04E-4,6.8E-5,-2.4444444444444446
1.04E-4,7.0E-5,-2.4444444444444446
1.04E-4,7.2E-5,-2.4444444444444446
1.04E-4,7.4E-5,-2.4444444444444446
1.04E-4,7.599999999999999E-5,-2.4444444444444446
1.04E-4,7.8E-5,-2.4444444444444446
1.04E-4,7.999999999999999E-5,-2.4444444444444446
1.04E-4,8.2E-5,-2.4444444444444446
1.04E-4,8.4E-5,-2.4444444444444446
1.04E-4,8.599999999999999E-5,-2.4444444444444446
1.04E-4,8.8E-5,-2.4444444444444446
1.04E-4,8.999999999999999E-5,-2.4444444444444446
1.04E-4,9.2E-5,-2.4444444444444446
1.04E-4,9.4E-5,-3.5616544382364745
1.04E-4,9.6E-5,-3.8434964556423648
1.04E-4,9.8E-5,-3.929833597390389
1.04E-4,9.999999999999999E-5,-3.974939522300172
1.04E-4,1.02E-4,-3.9966266644322106
1.04E-4,1.04E-4,-4.009736080007137
1.04E-4,1.06E-4,-4.018486371643962
1.04E-4,1.08E-4,-4.02589424813051
1.04E-4,1.0999999999999999E-4,-4.030649665673572
1.04E-4,1.12E-4,-4.036137177226797
1.04E-4,1.1399999999999999E-4,-4.042334639987584
1.04E-4,1.16E-4,-4.050283319915856
1.04E-4,1.18E-4,-4.062440374004744
1.04E-4,1.1999999999999999E-4,-4.080599110807884
1.04E-4,1.22E-4,-4.115740854656908
1.04E-4,1.24E-4,-4.189948301471514
1.04E-4,1.26E-4,-4.29418209792651
1.04E-4,1.28E-4,-4.470841404334312
1.04E-4,1.3E-4,-4.731165523153438
1.04E-4,1.3199999999999998E-4,-5.032152136278767
1.04E-4,1.34E-4,-5.4139319959639325
1.04E-4,1.36E-4,-5.884252731241753
1.04E-4,1.38E-4,-6.0
1.04E-4,1.4E-4,-6.0
1.04E-4,1.4199999999999998E-4,-6.0
1.04E-4,1.44E-4,-6.0
1.04E-4,1.46E-4,-6.0
1.04E-4,1.48E-4,-6.0
1.04E-4,1.5E-4,-6.0
1.04E-4,1.5199999999999998E-4,-6.0
1.04E-4,1.54E-4,-6.0
1.04E-4,1.56E-4,-6.0
1.04E-4,1.58E-4,-6.0
1.04E-4,1.5999999999999999E-4,-6.0
1.04E-4,1.6199999999999998E-4,-6.0
1.04E-4,1.64E-4,-6.0
1.04E-4,1.66E-4,-6.0
1.04E-4,1.68E-4,-6.0
1.04E-4,1.6999999999999999E-4,-6.0
1.04E-4,1.7199999999999998E-4,-6.0
1.04E-4,1.74E-4,-6.0
1.04E-4,1.76E-4,-6.0
1.04E-4,1.78E-4,-6.0
1.06E-4,0.0,-6.0
1.06E-4,2.0E-6,-6.0
1.06E-4,4.0E-6,-6.0
1.06E-4,6.0E-6,-6.0
1.06E-4,8.0E-6,-6.0
1.06E-4,9.999999999999999E-6,-6.0
1.06E-4,1.2E-5,-6.0
1.06E-4,1.4E-5,-6.0
1.06E-4,1.6E-5,-6.0
1.06E-4,1.8E-5,-6.0
1.06E-4,1.9999999999999998E-5,-6.0
1.06E-4,2.2E-5,-6.0
1.06E-4,2.4E-5,-6.0
1.06E-4,2.6E-5,-5.997390631762211
1.06E-4,2.8E-5,-5.398906993387763
1.06E-4,2.9999999999999997E-5,-4.867784274121963
1.06E-4,3.2E-5,-4.276894885102944
1.06E-4,3.4E-5,-3.1055753595643503
1.06E-4,3.6E-5,-2.4444444444444446
1.06E-4,3.7999999999999995E-5,-2.4444444444444446
1.06E-4,3.9999999999999996E-5,-2.4444444444444446
1.06E-4,4.2E-5,-2.4444444444444446
1.06E-4,4.4E-5,-2.4444444444444446
1.06E-4,4.6E-5,-2.4444444444444446
1.06E-4,4.8E-5,-2.4444444444444446
1.06E-4,4.9999999999999996E-5,-2.4444444444444446
1.06E-4,5.2E-5,-2.4444444444444446
1.06E-4,5.4E-5,-2.4444444444444446
1.06E-4,5.6E-5,-2.4444444444444446
1.06E-4,5.8E-5,-2.4444444444444446
1.06E-4,5.9999999999999995E-5,-2.4444444444444446
1.06E-4,6.2E-5,-2.4444444444444446
1.06E-4,6.4E-5,-2.4444444444444446
1.06E-4,6.599999999999999E-5,-2.4444444444444446
1.06E-4,6.8E-5,-2.4444444444444446
1.06E-4,7.0E-5,-2.4444444444444446
1.06E-4,7.2E-5,-2.4444444444444446
1.06E-4,7.4E-5,-2.4444444444444446
1.06E-4,7.599999999999999E-5,-2.4444444444444446
1.06E-4,7.8E-5,-2.4444444444444446
1.06E-4,7.999999999999999E-5,-2.4444444444444446
1.06E-4,8.2E-5,-2.4444444444444446
1.06E-4,8.4E-5,-2.4444444444444446
1.06E-4,8.599999999999999E-5,-2.4444444444444446
1.06E-4,8.8E-5,-2.4444444444444446
1.06E-4,8.999999999999999E-5,-2.4444444444444446
1.06E-4,9.2E-5,-2.477606886034457
1.06E-4,9.4E-5,-3.6147005990531773
1.06E-4,9.6E-5,-3.830531389480866
1.06E-4,9.8E-5,-3.919998458071751
1.06E-4,9.999999999999999E-5,-3.964566266926843
1.06E-4,1.02E-4,-3.9860367800907666
1.06E-4,1.04E-4,-4.001823350103627
1.06E-4,1.06E-4,-4.012508107169472
1.06E-4,1.08E-4,-4.020229360568064
1.06E-4,1.0999999999999999E-4,-4.026325977416334
1.06E-4,1.12E-4,-4.032275256825136
1.06E-4,1.1399999999999999E-4,-4.0387919495828
1.06E-4,1.16E-4,-4.046728359454891
1.06E-4,1.18E-4,-4.057871271171327
1.06E-4,1.1999999999999999E-4,-4.0764629085874935
1.06E-4,1.22E-4,-4.107231069177238
1.06E-4,1.24E-4,-4.17288455294093
1.06E-4,1.26E-4,-4.276957626028511
1.06E-4,1.28E-4,-4.443947964038019
1.06E-4,1.3E-4,-4.697237078981721
1.06E-4,1.3199999999999998E-4,-4.993588589585772
1.06E-4,1.34E-4,-5.364829118738386
1.06E-4,1.36E-4,-5.827041641813703
1.06E-4,1.38E-4,-6.0
1.06E-4,1.4E-4,-6.0
1.06E-4,1.4199999999999998E-4,-6.0
1.06E-4,1.44E-4,-6.0
1.06E-4,1.46E-4,-6.0
1.06E-4,1.48E-4,-6.0
1.06E-4,1.5E-4,-6.0
1.06E-4,1.5199999999999998E-4,-6.0
1.06E-4,1.54E-4,-6.0
1.06E-4,1.56E-4,-6.0
1.06E-4,1.58E-4,-6.0
1.06E-4,1.5999999999999999E-4,-6.0
1.06E-4,1.6199999999999998E-4,-6.0
1.06E-4,1.64E-4,-6.0
1.06E-4,1.66E-4,-6.0
1.06E-4,1.68E-4,-6.0
1.06E-4,1.6999999999999999E-4,-6.0
1.06E-4,1.7199999999999998E-4,-6.0
1.06E-4,1.74E-4,-6.0
1.06E-4,1.76E-4,-6.0
1.06E-4,1.78E-4,-6.0
1.08E-4,0.0,-6.0
1.08E-4,2.0E-6,-6.0
1.08E-4,4.0E-6,-6.0
1.08E-4,6.0E-6,-6.0
1.08E-4,8.0E-6,-6.0
1.08E-4,9.999999999999999E-6,-6.0
1.08E-4,1.2E-5,-6.0
1.08E-4,1.4E-5,-6.0
1.08E-4,1.6E-5,-6.0
1.08E-4,1.8E-5,-6.0
1.08E-4,1.9999999999999998E-5,-6.0
1.08E-4,2.2E-5,-6.0
1.08E-4,2.4E-5,-6.0
1.08E-4,2.6E-5,-5.971283250156428
1.08E-4,2.8E-5,-5.368435178551202
1.08E-4,2.9999999999999997E-5,-4.828431573636997
1.08E-4,3.2E-5,-4.230772142112529
1.08E-4,3.4E-5,-2.9100104893627927
1.08E-4,3.6E-5,-2.4444444444444446
1.08E-4,3.7999999999999995E-5,-2.4444444444444446
1.08E-4,3.9999999999999996E-5,-2.4444444444444446
1.08E-4,4.2E-5,-2.4444444444444446
1.08E-4,4.4E-5,-2.4444444444444446
1.08E-4,4.6E-5,-2.4444444444444446
1.08E-4,4.8E-5,-2.4444444444444446
1.08E-4,4.9999999999999996E-5,-2.4444444444444446
1.08E-4,5.2E-5,-2.4444444444444446
1.08E-4,5.4E-5,-2.4444444444444446
1.08E-4,5.6E-5,-2.4444444444444446
1.08E-4,5.8E-5,-2.4444444444444446
1.08E-4,5.9999999999999995E-5,-2.4444444444444446
1.08E-4,6.2E-5,-2.4444444444444446
1.08E-4,6.4E-5,-2.4444444444444446
1.08E-4,6.599999999999999E-5,-2.4444444444444446
1.08E-4,6.8E-5,-2.4444444444444446
1.08E-4,7.0E-5,-2.4444444444444446
1.08E-4,7.2E-5,-2.4444444444444446
1.08E-4,7.4E-5,-2.4444444444444446
1.08E-4,7.599999999999999E-5,-2.4444444444444446
1.08E-4,7.8E-5,-2.4444444444444446
1.08E-4,7.999999999999999E-5,-2.4444444444444446
1.08E-4,8.2E-5,-2.4444444444444446
1.08E-4,8.4E-5,-2.4444444444444446
1.08E-4,8.599999999999999E-5,-2.4444444444444446
1.08E-4,8.8E-5,-2.4444444444444446
1.08E-4,8.999999999999999E-5,-2.4444444444444446
1.08E-4,9.2E-5,-2.562121955332785
1.08E-4,9.4E-5,-3.58568396425581
1.08E-4,9.6E-5,-3.793620543957849
1.08E-4,9.8E-5,-3.8815937349603367
1.08E-4,9.999999999999999E-5,-3.9276581301424693
1.08E-4,1.02E-4,-3.9584654208891683
1.08E-4,1.04E-4,-3.980008654531507
1.08E-4,1.06E-4,-3.9942073057338305
1.08E-4,1.08E-4,-4.006923668540441
1.08E-4,1.0999999999999999E-4,-4.015770408945998
1.08E-4,1.12E-4,-4.0240700570056145
1.08E-4,1.1399999999999999E-4,-4.031764280586612
1.08E-4,1.16E-4,-4.040209542944512
1.08E-4,1.18E-4,-4.052857348427557
1.08E-4,1.1999999999999999E-4,-4.070975158898091
1.08E-4,1.22E-4,-4.10019788593786
1.08E-4,1.24E-4,-4.160846121294541
1.08E-4,1.26E-4,-4.26577116385874
1.08E-4,1.28E-4,-4.425363980537448
1.08E-4,1.3E-4,-4.675842229473867
1.08E-4,1.3199999999999998E-4,-4.970380336940238
1.08E-4,1.34E-4,-5.338281477576062
1.08E-4,1.36E-4,-5.786435110215207
1.08E-4,1.38E-4,-6.0
1.08E-4,1.4E-4,-6.0
1.08E-4,1.4199999999999998E-4,-6.0
1.08E-4,1.44E-4,-6.0
1.08E-4,1.46E-4,-6.0
1.08E-4,1.48E-4,-6.0
1.08E-4,1.5E-4,-6.0
1.08E-4,1.5199999999999998E-4,-6.0
1.08E-4,1.54E-4,-6.0
1.08E-4,1.56E-4,-6.0
1.08E-4,1.58E-4,-6.0
1.08E-4,1.5999999999999999E-4,-6.0
1.08E-4,1.6199999999999998E-4,-6.0
1.08E-4,1.64E-4,-6.0
1.08E-4,1.66E-4,-6.0
1.08E-4,1.68E-4,-6.0
1.08E-4,1.6999999999999999E-4,-6.0
1.08E-4,1.7199999999999998E-4,-6.0
1.08E-4,1.74E-4,-6.0
1.08E-4,1.76E-4,-6.0
1.08E-4,1.78E-4,-6.0
1.0999999999999999E-4,0.0,-6.0
1.0999999999999999E-4,2.0E-6,-6.0
1.0999999999999999E-4,4.0E-6,-6.0
1.0999999999999999E-4,6.0E-6,-6.0
1.0999999999999999E-4,8.0E-6,-6.0
1.0999999999999999E-4,9.999999999999999E-6,-6.0
1.0999999999999999E-4,1.2E-5,-6.0
1.0999999999999999E-4,1.4E-5,-6.0
1.0999999999999999E-4,1.6E-5,-6.0
1.0999999999999999E-4,1.8E-5,-6.0
1.0999999999999999E-4,1.9999999999999998E-5,-6.0
1.0999999999999999E-4,2.2E-5,-6.0
1.0999999999999999E-4,2.4E-5,-6.0
1.0999999999999999E-4,2.6E-5,-5.956261322908759
1.0999999999999999E-4,2.8E-5,-5.3575587424623095
1.0999999999999999E-4,2.9999999999999997E-5,-4.816714087873352
1.0999999999999999E-4,3.2E-5,-4.21714655846049
1.0999999999999999E-4,3.4E-5,-2.831352357312001
1.0999999999999999E-4,3.6E-5,-2.4444444444444446
1.0999999999999999E-4,3.7999999999999995E-5,-2.4444444444444446
1.0999999999999999E-4,3.9999999999999996E-5,-2.4444444444444446
1.0999999999999999E-4,4.2E-5,-2.4444444444444446
1.0999999999999999E-4,4.4E-5,-2.4444444444444446
1.0999999999999999E-4,4.6E-5,-2.4444444444444446
1.0999999999999999E-4,4.8E-5,-2.4444444444444446
1.0999999999999999E-4,4.9999999999999996E-5,-2.4444444444444446
1.0999999999999999E-4,5.2E-5,-2.4444444444444446
1.0999999999999999E-4,5.4E-5,-2.4444444444444446
1.0999999999999999E-4,5.6E-5,-2.4444444444444446
1.0999999999999999E-4,5.8E-5,-2.4444444444444446
1.0999999999999999E-4,5.9999999999999995E-5,-2.4444444444444446
1.0999999999999999E-4,6.2E-5,-2.4444444444444446
1.0999999999999999E-4,6.4E-5,-2.4444444444444446
1.0999999999999999E-4,6.599999999999999E-5,-2.4444444444444446
1.0999999999999999E-4,6.8E-5,-2.4444444444444446
1.0999999999999999E-4,7.0E-5,-2.4444444444444446
1.0999999999999999E-4,7.2E-5,-2.4444444444444446
1.0999999999999999E-4,7.4E-5,-2.4444444444444446
1.0999999999999999E-4,7.599999999999999E-5,-2.4444444444444446
1.0999999999999999E-4,7.8E-5,-2.4444444444444446
1.0999999999999999E-4,7.999999999999999E-5,-2.4444444444444446
1.0999999999999999E-4,8.2E-5,-2.4444444444444446
1.0999999999999999E-4,8.4E-5,-2.4444444444444446
1.0999999999999999E-4,8.599999999999999E-5,-2.4444444444444446
1.0999999999999999E-4,8.8E-5,-2.4444444444444446
1.0999999999999999E-4,8.999999999999999E-5,-2.4444444444444446
1.0999999999999999E-4,9.2E-5,-2.4444444444444446
1.0999999999999999E-4,9.4E-5,-3.4129137942922543
1.0999999999999999E-4,9.6E-5,-3.6561249933470936
1.0999999999999999E-4,9.8E-5,-3.799408846295301
1.0999999999999999E-4,9.999999999999999E-5,-3.8579391377539287
1.0999999999999999E-4,1.02E-4,-3.898348421929138
1.0999999999999999E-4,1.04E-4,-3.929941867354968
1.0999999999999999E-4,1.06E-4,-3.9519979754067256
1.0999999999999999E-4,1.08E-4,-3.975769937070103
1.0999999999999999E-4,1.0999999999999999E-4,-3.992163604443814
1.0999999999999999E-4,1.12E-4,-4.004335742240371
1.0999999999999999E-4,1.1399999999999999E-4,-4.017338418856668
1.0999999999999999E-4,1.16E-4,-4.028992811293186
1.0999999999999999E-4,1.18E-4,-4.043391263307836
1.0999999999999999E-4,1.1999999999999999E-4,-4.0629282344595765
1.0999999999999999E-4,1.22E-4,-4.093107325294192
1.0999999999999999E-4,1.24E-4,-4.153815663054221
1.0999999999999999E-4,1.26E-4,-4.259350046077411
1.0999999999999999E-4,1.28E-4,-4.415590200630696
1.0999999999999999E-4,1.3E-4,-4.663954153722521
1.0999999999999999E-4,1.3199999999999998E-4,-4.9588499797683285
1.0999999999999999E-4,1.34E-4,-5.321810377542311
1.0999999999999999E-4,1.36E-4,-5.769786331359089
1.0999999999999999E-4,1.38E-4,-6.0
1.0999999999999999E-4,1.4E-4,-6.0
1.0999999999999999E-4,1.4199999999999998E-4,-6.0
1.0999999999999999E-4,1.44E-4,-6.0
1.0999999999999999E-4,1.46E-4,-6.0
1.0999999999999999E-4,1.48E-4,-6.0
1.0999999999999999E-4,1.5E-4,-6.0
1.0999999999999999E-4,1.5199999999999998E-4,-6.0
1.0999999999999999E-4,1.54E-4,-6.0
1.0999999999999999E-4,1.56E-4,-6.0
1.0999999999999999E-4,1.58E-4,-6.0
1.0999999999999999E-4,1.5999999999999999E-4,-6.0
1.0999999999999999E-4,1.6199999999999998E-4,-6.0
1.0999999999999999E-4,1.64E-4,-6.0
1.0999999999999999E-4,1.66E-4,-6.0
1.0999999999999999E-4,1.68E-4,-6.0
1.0999999999999999E-4,1.6999999999999999E-4,-6.0
1.0999999999999999E-4,1.7199999999999998E-4,-6.0
1.0999999999999999E-4,1.74E-4,-6.0
1.0999999999999999E-4,1.76E-4,-6.0
1.0999999999999999E-4,1.78E-4,-6.0
1.12E-4,0.0,-6.0
1.12E-4,2.0E-6,-6.0
1.12E-4,4.0E-6,-6.0
1.12E-4,6.0E-6,-6.0
1.12E-4,8.0E-6,-6.0
1.12E-4,9.999999999999999E-6,-6.0
1.12E-4,1.2E-5,-6.0
1.12E-4,1.4E-5,-6.0
1.12E-4,1.6E-5,-6.0
1.12E-4,1.8E-5,-6.0
1.12E-4,1.9999999999999998E-5,-6.0
1.12E-4,2.2E-5,-6.0
1.12E-4,2.4E-5,-6.0
1.12E-4,2.6E-5,-5.968230890641009
1.12E-4,2.8E-5,-5.370248880726917
1.12E-4,2.9999999999999997E-5,-4.836173231016026
1.12E-4,3.2E-5,-4.240367962710879
1.12E-4,3.4E-5,-2.9927890823817247
1.12E-4,3.6E-5,-2.4444444444444446
1.12E-4,3.7999999999999995E-5,-2.4444444444444446
1.12E-4,3.9999999999999996E-5,-2.4444444444444446
1.12E-4,4.2E-5,-2.4444444444444446
1.12E-4,4.4E-5,-2.4444444444444446
1.12E-4,4.6E-5,-2.4444444444444446
1.12E-4,4.8E-5,-2.4444444444444446
1.12E-4,4.9999999999999996E-5,-2.4444444444444446
1.12E-4,5.2E-5,-2.4444444444444446
1.12E-4,5.4E-5,-2.4444444444444446
1.12E-4,5.6E-5,-2.4444444444444446
1.12E-4,5.8E-5,-2.4444444444444446
1.12E-4,5.9999999999999995E-5,-2.4444444444444446
1.12E-4,6.2E-5,-2.4444444444444446
1.12E-4,6.4E-5,-2.4444444444444446
1.12E-4,6.599999999999999E-5,-2.4444444444444446
1.12E-4,6.8E-5,-2.4444444444444446
1.12E-4,7.0E-5,-2.4444444444444446
1.12E-4,7.2E-5,-2.4444444444444446
1.12E-4,7.4E-5,-2.4444444444444446
1.12E-4,7.599999999999999E-5,-2.4444444444444446
1.12E-4,7.8E-5,-2.4444444444444446
1.12E-4,7.999999999999999E-5,-2.4444444444444446
1.12E-4,8.2E-5,-2.4444444444444446
1.12E-4,8.4E-5,-2.4444444444444446
1.12E-4,8.599999999999999E-5,-2.4444444444444446
1.12E-4,8.8E-5,-2.4444444444444446
1.12E-4,8.999999999999999E-5,-2.4444444444444446
1.12E-4,9.2E-5,-2.4444444444444446
1.12E-4,9.4E-5,-3.0307001649227905
1.12E-4,9.6E-5,-3.408588689790278
1.12E-4,9.8E-5,-3.5714710988131735
1.12E-4,9.999999999999999E-5,-3.694443767841983
1.12E-4,1.02E-4,-3.7905419946769023
1.12E-4,1.04E-4,-3.8358365339397933
1.12E-4,1.06E-4,-3.87731499140153
1.12E-4,1.08E-4,-3.9120229290077333
1.12E-4,1.0999999999999999E-4,-3.940600342702457
1.12E-4,1.12E-4,-3.9613995566084617
1.12E-4,1.1399999999999999E-4,-3.9850572521845438
1.12E-4,1.16E-4,-4.004484754847919
1.12E-4,1.18E-4,-4.023364488212687
1.12E-4,1.1999999999999999E-4,-4.048033000970399
1.12E-4,1.22E-4,-4.081801902231723
1.12E-4,1.24E-4,-4.145454569419421
1.12E-4,1.26E-4,-4.255940726685191
1.12E-4,1.28E-4,-4.41401000427066
1.12E-4,1.3E-4,-4.661539385868789
1.12E-4,1.3199999999999998E-4,-4.961731727512452
1.12E-4,1.34E-4,-5.320133876795021
1.12E-4,1.36E-4,-5.7789214302126535
1.12E-4,1.38E-4,-6.0
1.12E-4,1.4E-4,-6.0
1.12E-4,1.4199999999999998E-4,-6.0
1.12E-4,1.44E-4,-6.0
1.12E-4,1.46E-4,-6.0
1.12E-4,1.48E-4,-6.0
1.12E-4,1.5E-4,-6.0
1.12E-4,1.5199999999999998E-4,-6.0
1.12E-4,1.54E-4,-6.0
1.12E-4,1.56E-4,-6.0
1.12E-4,1.58E-4,-6.0
1.12E-4,1.5999999999999999E-4,-6.0
1.12E-4,1.6199999999999998E-4,-6.0
1.12E-4,1.64E-4,-6.0
1.12E-4,1.66E-4,-6.0
1.12E-4,1.68E-4,-6.0
1.12E-4,1.6999999999999999E-4,-6.0
1.12E-4,1.7199999999999998E-4,-6.0
1.12E-4,1.74E-4,-6.0
1.12E-4,1.76E-4,-6.0
1.12E-4,1.78E-4,-6.0
1.1399999999999999E-4,0.0,-6.0
1.1399999999999999E-4,2.0E-6,-6.0
1.1399999999999999E-4,4.0E-6,-6.0
1.1399999999999999E-4,6.0E-6,-6.0
1.1399999999999999E-4,8.0E-6,-6.0
1.1399999999999999E-4,9.999999999999999E-6,-6.0
1.1399999999999999E-4,1.2E-5,-6.0
1.1399999999999999E-4,1.4E-5,-6.0
1.1399999999999999E-4,1.6E-5,-6.0
1.1399999999999999E-4,1.8E-5,-6.0
1.1399999999999999E-4,1.9999999999999998E-5,-6.0
1.1399999999999999E-4,2.2E-5,-6.0
1.1399999999999999E-4,2.4E-5,-6.0
1.1399999999999999E-4,2.6E-5,-6.0
1.1399999999999999E-4,2.8E-5,-5.412148574769615
1.1399999999999999E-4,2.9999999999999997E-5,-4.882039236245669
1.1399999999999999E-4,3.2E-5,-4.312675020930697
1.1399999999999999E-4,3.4E-5,-3.3386407514287137
1.1399999999999999E-4,3.6E-5,-2.4444444444444446
1.1399999999999999E-4,3.7999999999999995E-5,-2.4444444444444446
1.1399999999999999E-4,3.9999999999999996E-5,-2.4444444444444446
1.1399999999999999E-4,4.2E-5,-2.4444444444444446
1.1399999999999999E-4,4.4E-5,-2.4444444444444446
1.1399999999999999E-4,4.6E-5,-2.4444444444444446
1.1399999999999999E-4,4.8E-5,-2.4444444444444446
1.1399999999999999E-4,4.9999999999999996E-5,-2.4444444444444446
1.1399999999999999E-4,5.2E-5,-2.4444444444444446
1.1399999999999999E-4,5.4E-5,-2.4444444444444446
1.1399999999999999E-4,5.6E-5,-2.4444444444444446
1.1399999999999999E-4,5.8E-5,-2.4444444444444446
1.1399999999999999E-4,5.9999999999999995E-5,-2.951127639297788
1.1399999999999999E-4,6.2E-5,-3.3229274735533703
1.1399999999999999E-4,6.4E-5,-3.3023782270555615
1.1399999999999999E-4,6.599999999999999E-5,-2.8219556052649586
1.1399999999999999E-4,6.8E-5,-2.4444444444444446
1.1399999999999999E-4,7.0E-5,-2.4444444444444446
1.1399999999999999E-4,7.2E-5,-2.4444444444444446
1.1399999999999999E-4,7.4E-5,-2.4444444444444446
1.1399999999999999E-4,7.599999999999999E-5,-2.4444444444444446
1.1399999999999999E-4,7.8E-5,-2.4444444444444446
1.1399999999999999E-4,7.999999999999999E-5,-2.4444444444444446
1.1399999999999999E-4,8.2E-5,-2.4444444444444446
1.1399999999999999E-4,8.4E-5,-2.4444444444444446
1.1399999999999999E-4,8.599999999999999E-5,-2.4444444444444446
1.1399999999999999E-4,8.8E-5,-2.4444444444444446
1.1399999999999999E-4,8.999999999999999E-5,-2.4444444444444446
1.1399999999999999E-4,9.2E-5,-2.4444444444444446
1.1399999999999999E-4,9.4E-5,-2.4881041035961573
1.1399999999999999E-4,9.6E-5,-2.952648555089064
1.1399999999999999E-4,9.8E-5,-3.2110015126166185
1.1399999999999999E-4,9.999999999999999E-5,-3.38684640766214
1.1399999999999999E-4,1.02E-4,-3.513085905806378
1.1399999999999999E-4,1.04E-4,-3.6207526862390575
1.1399999999999999E-4,1.06E-4,-3.720426029411862
1.1399999999999999E-4,1.08E-4,-3.8003112969161315
1.1399999999999999E-4,1.0999999999999999E-4,-3.8446173053689208
1.1399999999999999E-4,1.12E-4,-3.884995545748983
1.1399999999999999E-4,1.1399999999999999E-4,-3.920534796655958
1.1399999999999999E-4,1.16E-4,-3.9527423901596457
1.1399999999999999E-4,1.18E-4,-3.98011376903504
1.1399999999999999E-4,1.1999999999999999E-4,-4.016554739941568
1.1399999999999999E-4,1.22E-4,-4.059390901329226
1.1399999999999999E-4,1.24E-4,-4.12940564428399
1.1399999999999999E-4,1.26E-4,-4.253658004924028
1.1399999999999999E-4,1.28E-4,-4.416964950093055
1.1399999999999999E-4,1.3E-4,-4.671092489793311
1.1399999999999999E-4,1.3199999999999998E-4,-4.974119751591936
1.1399999999999999E-4,1.34E-4,-5.336489437009017
1.1399999999999999E-4,1.36E-4,-5.801818049601815
1.1399999999999999E-4,1.38E-4,-6.0
1.1399999999999999E-4,1.4E-4,-6.0
1.1399999999999999E-4,1.4199999999999998E-4,-6.0
1.1399999999999999E-4,1.44E-4,-6.0
1.1399999999999999E-4,1.46E-4,-6.0
1.1399999999999999E-4,1.48E-4,-6.0
1.1399999999999999E-4,1.5E-4,-6.0
1.1399999999999999E-4,1.5199999999999998E-4,-6.0
1.1399999999999999E-4,1.54E-4,-6.0
1.1399999999999999E-4,1.56E-4,-6.0
1.1399999999999999E-4,1.58E-4,-6.0
1.1399999999999999E-4,1.5999999999999999E-4,-6.0
1.1399999999999999E-4,1.6199999999999998E-4,-6.0
1.1399999999999999E-4,1.64E-4,-6.0
1.1399999999999999E-4,1.66E-4,-6.0
1.1399999999999999E-4,1.68E-4,-6.0
1.1399999999999999E-4,1.6999999999999999E-4,-6.0
1.1399999999999999E-4,1.7199999999999998E-4,-6.0
1.1399999999999999E-4,1.74E-4,-6.0
1.1399999999999999E-4,1.76E-4,-6.0
1.1399999999999999E-4,1.78E-4,-6.0
1.16E-4,0.0,-6.0
1.16E-4,2.0E-6,-6.0
1.16E-4,4.0E-6,-6.0
1.16E-4,6.0E-6,-6.0
1.16E-4,8.0E-6,-6.0
1.16E-4,9.999999999999999E-6,-6.0
1.16E-4,1.2E-5,-6.0
1.16E-4,1.4E-5,-6.0
1.16E-4,1.6E-5,-6.0
1.16E-4,1.8E-5,-6.0
1.16E-4,1.9999999999999998E-5,-6.0
1.16E-4,2.2E-5,-6.0
1.16E-4,2.4E-5,-6.0
1.16E-4,2.6E-5,-6.0
1.16E-4,2.8E-5,-5.488893938020384
1.16E-4,2.9999999999999997E-5,-4.966963873349799
1.16E-4,3.2E-5,-4.442198841197547
1.16E-4,3.4E-5,-3.7467505981455993
1.16E-4,3.6E-5,-2.4444444444444446
1.16E-4,3.7999999999999995E-5,-2.4444444444444446
1.16E-4,3.9999999999999996E-5,-2.4444444444444446
1.16E-4,4.2E-5,-2.4444444444444446
1.16E-4,4.4E-5,-2.4444444444444446
1.16E-4,4.6E-5,-2.4444444444444446
1.16E-4,4.8E-5,-2.4444444444444446
1.16E-4,4.9999999999999996E-5,-2.4444444444444446
1.16E-4,5.2E-5,-2.8120804027763024
1.16E-4,5.4E-5,-3.336506944501175
1.16E-4,5.6E-5,-3.620845498646048
1.16E-4,5.8E-5,-3.8363556108364874
1.16E-4,5.9999999999999995E-5,-3.9604944985314665
1.16E-4,6.2E-5,-4.044224901496942
1.16E-4,6.4E-5,-4.048930186007154
1.16E-4,6.599999999999999E-5,-3.9781450085280783
1.16E-4,6.8E-5,-3.72835610110728
1.16E-4,7.0E-5,-2.9541577696006653
1.16E-4,7.2E-5,-2.4444444444444446
1.16E-4,7.4E-5,-2.4444444444444446
1.16E-4,7.599999999999999E-5,-2.4444444444444446
1.16E-4,7.8E-5,-2.4444444444444446
1.16E-4,7.999999999999999E-5,-2.4444444444444446
1.16E-4,8.2E-5,-2.4444444444444446
1.16E-4,8.4E-5,-2.4444444444444446
1.16E-4,8.599999999999999E-5,-2.4444444444444446
1.16E-4,8.8E-5,-2.4444444444444446
1.16E-4,8.999999999999999E-5,-2.4444444444444446
1.16E-4,9.2E-5,-2.4444444444444446
1.16E-4,9.4E-5,-2.4444444444444446
1.16E-4,9.6E-5,-2.4444444444444446
1.16E-4,9.8E-5,-2.4606437763985127
1.16E-4,9.999999999999999E-5,-2.8186684881826096
1.16E-4,1.02E-4,-3.067978332035814
1.16E-4,1.04E-4,-3.2761193556768693
1.16E-4,1.06E-4,-3.4073139912535098
1.16E-4,1.08E-4,-3.526555905596631
1.16E-4,1.0999999999999999E-4,-3.633768156503053
1.16E-4,1.12E-4,-3.7315803732218344
1.16E-4,1.1399999999999999E-4,-3.8086012581153454
1.16E-4,1.16E-4,-3.856860278073947
1.16E-4,1.18E-4,-3.9045631470728326
1.16E-4,1.1999999999999999E-4,-3.95334692849611
1.16E-4,1.22E-4,-4.012072141835697
1.16E-4,1.24E-4,-4.094794300715681
1.16E-4,1.26E-4,-4.243561999157434
1.16E-4,1.28E-4,-4.421189348983179
1.16E-4,1.3E-4,-4.684091798717268
1.16E-4,1.3199999999999998E-4,-4.998267199026816
1.16E-4,1.34E-4,-5.368120712115269
1.16E-4,1.36E-4,-5.838191191651844
1.16E-4,1.38E-4,-6.0
1.16E-4,1.4E-4,-6.0
1.16E-4,1.4199999999999998E-4,-6.0
1.16E-4,1.44E-4,-6.0
1.16E-4,1.46E-4,-6.0
1.16E-4,1.48E-4,-6.0
1.16E-4,1.5E-4,-6.0
1.16E-4,1.5199999999999998E-4,-6.0
1.16E-4,1.54E-4,-6.0
1.16E-4,1.56E-4,-6.0
1.16E-4,1.58E-4,-6.0
1.16E-4,1.5999999999999999E-4,-6.0
1.16E-4,1.6199999999999998E-4,-6.0
1.16E-4,1.64E-4,-6.0
1.16E-4,1.66E-4,-6.0
1.16E-4,1.68E-4,-6.0
1.16E-4,1.6999999999999999E-4,-6.0
1.16E-4,1.7199999999999998E-4,-6.0
1.16E-4,1.74E-4,-6.0
1.16E-4,1.76E-4,-6.0
1.16E-4,1.78E-4,-6.0
1.18E-4,0.0,-6.0
1.18E-4,2.0E-6,-6.0
1.18E-4,4.0E-6,-6.0
1.18E-4,6.0E-6,-6.0
1.18E-4,8.0E-6,-6.0
1.18E-4,9.999999999999999E-6,-6.0
1.18E-4,1.2E-5,-6.0
1.18E-4,1.4E-5,-6.0
1.18E-4,1.6E-5,-6.0
1.18E-4,1.8E-5,-6.0
1.18E-4,1.9999999999999998E-5,-6.0
1.18E-4,2.2E-5,-6.0
1.18E-4,2.4E-5,-6.0
1.18E-4,2.6E-5,-6.0
1.18E-4,2.8E-5,-5.624674870646254
1.18E-4,2.9999999999999997E-5,-5.096553987821831
1.18E-4,3.2E-5,-4.633230203787547
1.18E-4,3.4E-5,-4.110819915265189
1.18E-4,3.6E-5,-3.385148307624507
1.18E-4,3.7999999999999995E-5,-2.4444444444444446
1.18E-4,3.9999999999999996E-5,-2.4444444444444446
1.18E-4,4.2E-5,-2.4444444444444446
1.18E-4,4.4E-5,-2.5208049497684075
1.18E-4,4.6E-5,-3.1012341512693276
1.18E-4,4.8E-5,-3.470098308982526
1.18E-4,4.9999999999999996E-5,-3.7477537310083457
1.18E-4,5.2E-5,-3.916727938001234
1.18E-4,5.4E-5,-4.055395447573578
1.18E-4,5.6E-5,-4.183298193513577
1.18E-4,5.8E-5,-4.2753237929847785
1.18E-4,5.9999999999999995E-5,-4.336965631178807
1.18E-4,6.2E-5,-4.3846913244955745
1.18E-4,6.4E-5,-4.400364121837788
1.18E-4,6.599999999999999E-5,-4.365752954867902
1.18E-4,6.8E-5,-4.262599656895779
1.18E-4,7.0E-5,-4.000841942237955
1.18E-4,7.2E-5,-3.58457884939702
1.18E-4,7.4E-5,-2.4444444444444446
1.18E-4,7.599999999999999E-5,-2.4444444444444446
1.18E-4,7.8E-5,-2.4444444444444446
1.18E-4,7.999999999999999E-5,-2.4444444444444446
1.18E-4,8.2E-5,-2.4444444444444446
1.18E-4,8.4E-5,-2.4444444444444446
1.18E-4,8.599999999999999E-5,-2.4444444444444446
1.18E-4,8.8E-5,-2.4444444444444446
1.18E-4,8.999999999999999E-5,-2.4444444444444446
1.18E-4,9.2E-5,-2.4444444444444446
1.18E-4,9.4E-5,-2.4444444444444446
1.18E-4,9.6E-5,-2.4444444444444446
1.18E-4,9.8E-5,-2.4444444444444446
1.18E-4,9.999999999999999E-5,-2.4444444444444446
1.18E-4,1.02E-4,-2.4444444444444446
1.18E-4,1.04E-4,-2.5323073132003397
1.18E-4,1.06E-4,-2.8641305951576386
1.18E-4,1.08E-4,-3.0891218810294947
1.18E-4,1.0999999999999999E-4,-3.2937897160166174
1.18E-4,1.12E-4,-3.418378997965032
1.18E-4,1.1399999999999999E-4,-3.540740773490263
1.18E-4,1.16E-4,-3.6555939202712264
1.18E-4,1.18E-4,-3.7664629711784463
1.18E-4,1.1999999999999999E-4,-3.8440768985967697
1.18E-4,1.22E-4,-3.9220034296378494
1.18E-4,1.24E-4,-4.0322154648558906
1.18E-4,1.26E-4,-4.217313161639244
1.18E-4,1.28E-4,-4.420395981192657
1.18E-4,1.3E-4,-4.695897383926381
1.18E-4,1.3199999999999998E-4,-5.02285282901666
1.18E-4,1.34E-4,-5.405756949461361
1.18E-4,1.36E-4,-5.887312359712513
1.18E-4,1.38E-4,-6.0
1.18E-4,1.4E-4,-6.0
1.18E-4,1.4199999999999998E-4,-6.0
1.18E-4,1.44E-4,-6.0
1.18E-4,1.46E-4,-6.0
1.18E-4,1.48E-4,-6.0
1.18E-4,1.5E-4,-6.0
1.18E-4,1.5199999999999998E-4,-6.0
1.18E-4,1.54E-4,-6.0
1.18E-4,1.56E-4,-6.0
1.18E-4,1.58E-4,-6.0
1.18E-4,1.5999999999999999E-4,-6.0
1.18E-4,1.6199999999999998E-4,-6.0
1.18E-4,1.64E-4,-6.0
1.18E-4,1.66E-4,-6.0
1.18E-4,1.68E-4,-6.0
1.18E-4,1.6999999999999999E-4,-6.0
1.18E-4,1.7199999999999998E-4,-6.0
1.18E-4,1.74E-4,-6.0
1.18E-4,1.76E-4,-6.0
1.18E-4,1.78E-4,-6.0
1.1999999999999999E-4,0.0,-6.0
1.1999999999999999E-4,2.0E-6,-6.0
1.1999999999999999E-4,4.0E-6,-6.0
1.1999999999999999E-4,6.0E-6,-6.0
1.1999999999999999E-4,8.0E-6,-6.0
1.1999999999999999E-4,9.999999999999999E-6,-6.0
1.1999999999999999E-4,1.2E-5,-6.0
1.1999999999999999E-4,1.4E-5,-6.0
1.1999999999999999E-4,1.6E-5,-6.0
1.1999999999999999E-4,1.8E-5,-6.0
1.1999999999999999E-4,1.9999999999999998E-5,-6.0
1.1999999999999999E-4,2.2E-5,-6.0
1.1999999999999999E-4,2.4E-5,-6.0
1.1999999999999999E-4,2.6E-5,-6.0
1.1999999999999999E-4,2.8E-5,-5.832049723583799
1.1999999999999999E-4,2.9999999999999997E-5,-5.3042018122661885
1.1999999999999999E-4,3.2E-5,-4.871630203161894
1.1999999999999999E-4,3.4E-5,-4.463042553398398
1.1999999999999999E-4,3.6E-5,-4.078469436098268
1.1999999999999999E-4,3.7999999999999995E-5,-3.7992601114255335
1.1999999999999999E-4,3.9999999999999996E-5,-3.663053287126779
1.1999999999999999E-4,4.2E-5,-3.7367295754407612
1.1999999999999999E-4,4.4E-5,-3.8663988742165865
1.1999999999999999E-4,4.6E-5,-3.999598003796735
1.1999999999999999E-4,4.8E-5,-4.125751051359087
1.1999999999999999E-4,4.9999999999999996E-5,-4.242116867507098
1.1999999999999999E-4,5.2E-5,-4.323928522364213
1.1999999999999999E-4,5.4E-5,-4.392276687780966
1.1999999999999999E-4,5.6E-5,-4.457799926441328
1.1999999999999999E-4,5.8E-5,-4.497649721926681
1.1999999999999999E-4,5.9999999999999995E-5,-4.537912549700667
1.1999999999999999E-4,6.2E-5,-4.559590080728409
1.1999999999999999E-4,6.4E-5,-4.555950148535965
1.1999999999999999E-4,6.599999999999999E-5,-4.543857854273742
1.1999999999999999E-4,6.8E-5,-4.4625931328097055
1.1999999999999999E-4,7.0E-5,-4.325740790513059
1.1999999999999999E-4,7.2E-5,-4.067468249444566
1.1999999999999999E-4,7.4E-5,-3.7021469379398924
1.1999999999999999E-4,7.599999999999999E-5,-2.7060292869670617
1.1999999999999999E-4,7.8E-5,-2.4444444444444446
1.1999999999999999E-4,7.999999999999999E-5,-2.4444444444444446
1.1999999999999999E-4,8.2E-5,-2.4444444444444446
1.1999999999999999E-4,8.4E-5,-2.4444444444444446
1.1999999999999999E-4,8.599999999999999E-5,-2.4444444444444446
1.1999999999999999E-4,8.8E-5,-2.4444444444444446
1.1999999999999999E-4,8.999999999999999E-5,-2.4444444444444446
1.1999999999999999E-4,9.2E-5,-2.4444444444444446
1.1999999999999999E-4,9.4E-5,-2.4444444444444446
1.1999999999999999E-4,9.6E-5,-2.4444444444444446
1.1999999999999999E-4,9.8E-5,-2.4444444444444446
1.1999999999999999E-4,9.999999999999999E-5,-2.4444444444444446
1.1999999999999999E-4,1.02E-4,-2.4444444444444446
1.1999999999999999E-4,1.04E-4,-2.4444444444444446
1.1999999999999999E-4,1.06E-4,-2.4444444444444446
1.1999999999999999E-4,1.08E-4,-2.4444444444444446
1.1999999999999999E-4,1.0999999999999999E-4,-2.55692850029831
1.1999999999999999E-4,1.12E-4,-2.8913026887890494
1.1999999999999999E-4,1.1399999999999999E-4,-3.116018643772234
1.1999999999999999E-4,1.16E-4,-3.334690323261339
1.1999999999999999E-4,1.18E-4,-3.4568778571037098
1.1999999999999999E-4,1.1999999999999999E-4,-3.6080824191524163
1.1999999999999999E-4,1.22E-4,-3.782027273343668
1.1999999999999999E-4,1.24E-4,-3.9221549311793447
1.1999999999999999E-4,1.26E-4,-4.14857433214815
1.1999999999999999E-4,1.28E-4,-4.405409162677633
1.1999999999999999E-4,1.3E-4,-4.711551047447661
1.1999999999999999E-4,1.3199999999999998E-4,-5.054865545461861
1.1999999999999999E-4,1.34E-4,-5.449443248432654
1.1999999999999999E-4,1.36E-4,-5.941949019128719
1.1999999999999999E-4,1.38E-4,-6.0
1.1999999999999999E-4,1.4E-4,-6.0
1.1999999999999999E-4,1.4199999999999998E-4,-6.0
1.1999999999999999E-4,1.44E-4,-6.0
1.1999999999999999E-4,1.46E-4,-6.0
1.1999999999999999E-4,1.48E-4,-6.0
1.1999999999999999E-4,1.5E-4,-6.0
1.1999999999999999E-4,1.5199999999999998E-4,-6.0
1.1999999999999999E-4,1.54E-4,-6.0
1.1999999999999999E-4,1.56E-4,-6.0
1.1999999999999999E-4,1.58E-4,-6.0
1.1999999999999999E-4,1.5999999999999999E-4,-6.0
1.1999999999999999E-4,1.6199999999999998E-4,-6.0
1.1999999999999999E-4,1.64E-4,-6.0
1.1999999999999999E-4,1.66E-4,-6.0
1.1999999999999999E-4,1.68E-4,-6.0
1.1999999999999999E-4,1.6999999999999999E-4,-6.0
1.1999999999999999E-4,1.7199999999999998E-4,-6.0
1.1999999999999999E-4,1.74E-4,-6.0
1.1999999999999999E-4,1.76E-4,-6.0
1.1999999999999999E-4,1.78E-4,-6.0
1.22E-4,0.0,-6.0
1.22E-4,2.0E-6,-6.0
1.22E-4,4.0E-6,-6.0
1.22E-4,6.0E-6,-6.0
1.22E-4,8.0E-6,-6.0
1.22E-4,9.999999999999999E-6,-6.0
1.22E-4,1.2E-5,-6.0
1.22E-4,1.4E-5,-6.0
1.22E-4,1.6E-5,-6.0
1.22E-4,1.8E-5,-6.0
1.22E-4,1.9999999999999998E-5,-6.0
1.22E-4,2.2E-5,-6.0
1.22E-4,2.4E-5,-6.0
1.22E-4,2.6E-5,-6.0
1.22E-4,2.8E-5,-6.0
1.22E-4,2.9999999999999997E-5,-5.526633882261925
1.22E-4,3.2E-5,-5.116609011012217
1.22E-4,3.4E-5,-4.787542276574046
1.22E-4,3.6E-5,-4.511738177947341
1.22E-4,3.7999999999999995E-5,-4.328305992764148
1.22E-4,3.9999999999999996E-5,-4.258500438064751
1.22E-4,4.2E-5,-4.262851616219496
1.22E-4,4.4E-5,-4.319479747858207
1.22E-4,4.6E-5,-4.3781822834221185
1.22E-4,4.8E-5,-4.437267757570972
1.22E-4,4.9999999999999996E-5,-4.491662559210369
1.22E-4,5.2E-5,-4.539441720844635
1.22E-4,5.4E-5,-4.576892230626299
1.22E-4,5.6E-5,-4.606844554970828
1.22E-4,5.8E-5,-4.633431175735965
1.22E-4,5.9999999999999995E-5,-4.6514196827153125
1.22E-4,6.2E-5,-4.6548935352285685
1.22E-4,6.4E-5,-4.647329595535939
1.22E-4,6.599999999999999E-5,-4.626046112965996
1.22E-4,6.8E-5,-4.56436774687842
1.22E-4,7.0E-5,-4.452866217707232
1.22E-4,7.2E-5,-4.285089914897033
1.22E-4,7.4E-5,-3.956573040124094
1.22E-4,7.599999999999999E-5,-3.4248173222792846
1.22E-4,7.8E-5,-2.4444444444444446
1.22E-4,7.999999999999999E-5,-2.4444444444444446
1.22E-4,8.2E-5,-2.4444444444444446
1.22E-4,8.4E-5,-2.4444444444444446
1.22E-4,8.599999999999999E-5,-2.4444444444444446
1.22E-4,8.8E-5,-2.4444444444444446
1.22E-4,8.999999999999999E-5,-2.4444444444444446
1.22E-4,9.2E-5,-2.4444444444444446
1.22E-4,9.4E-5,-2.4444444444444446
1.22E-4,9.6E-5,-2.4444444444444446
1.22E-4,9.8E-5,-2.4444444444444446
1.22E-4,9.999999999999999E-5,-2.4444444444444446
1.22E-4,1.02E-4,-2.4444444444444446
1.22E-4,1.04E-4,-2.4444444444444446
1.22E-4,1.06E-4,-2.4444444444444446
1.22E-4,1.08E-4,-2.4444444444444446
1.22E-4,1.0999999999999999E-4,-2.4444444444444446
1.22E-4,1.12E-4,-2.4444444444444446
1.22E-4,1.1399999999999999E-4,-2.4444444444444446
1.22E-4,1.16E-4,-2.627463943016958
1.22E-4,1.18E-4,-2.9687702881655333
1.22E-4,1.1999999999999999E-4,-3.2603153414456094
1.22E-4,1.22E-4,-3.4869998665142723
1.22E-4,1.24E-4,-3.769940878352586
1.22E-4,1.26E-4,-4.050833083246785
1.22E-4,1.28E-4,-4.369396363258332
1.22E-4,1.3E-4,-4.7197153702738115
1.22E-4,1.3199999999999998E-4,-5.07396461348379
1.22E-4,1.34E-4,-5.490636891042437
1.22E-4,1.36E-4,-6.0
1.22E-4,1.38E-4,-6.0
1.22E-4,1.4E-4,-6.0
1.22E-4,1.4199999999999998E-4,-6.0
1.22E-4,1.44E-4,-6.0
1.22E-4,1.46E-4,-6.0
1.22E-4,1.48E-4,-6.0
1.22E-4,1.5E-4,-6.0
1.22E-4,1.5199999999999998E-4,-6.0
1.22E-4,1.54E-4,-6.0
1.22E-4,1.56E-4,-6.0
1.22E-4,1.58E-4,-6.0
1.22E-4,1.5999999999999999E-4,-6.0
1.22E-4,1.6199999999999998E-4,-6.0
1.22E-4,1.64E-4,-6.0
1.22E-4,1.66E-4,-6.0
1.22E-4,1.68E-4,-6.0
1.22E-4,1.6999999999999999E-4,-6.0
1.22E-4,1.7199999999999998E-4,-6.0
1.22E-4,1.74E-4,-6.0
1.22E-4,1.76E-4,-6.0
1.22E-4,1.78E-4,-6.0
1.24E-4,0.0,-6.0
1.24E-4,2.0E-6,-6.0
1.24E-4,4.0E-6,-6.0
1.24E-4,6.0E-6,-6.0
1.24E-4,8.0E-6,-6.0
1.24E-4,9.999999999999999E-6,-6.0
1.24E-4,1.2E-5,-6.0
1.24E-4,1.4E-5,-6.0
1.24E-4,1.6E-5,-6.0
1.24E-4,1.8E-5,-6.0
1.24E-4,1.9999999999999998E-5,-6.0
1.24E-4,2.2E-5,-6.0
1.24E-4,2.4E-5,-6.0
1.24E-4,2.6E-5,-6.0
1.24E-4,2.8E-5,-6.0
1.24E-4,2.9999999999999997E-5,-5.84978737625965
1.24E-4,3.2E-5,-5.400826311511812
1.24E-4,3.4E-5,-5.083103773081415
1.24E-4,3.6E-5,-4.837329876507962
1.24E-4,3.7999999999999995E-5,-4.674044487073546
1.24E-4,3.9999999999999996E-5,-4.590421858711007
1.24E-4,4.2E-5,-4.557626858006771
1.24E-4,4.4E-5,-4.56311303227983
1.24E-4,4.6E-5,-4.588243262627934
1.24E-4,4.8E-5,-4.614131037851629
1.24E-4,4.9999999999999996E-5,-4.636499234754857
1.24E-4,5.2E-5,-4.659849474450145
1.24E-4,5.4E-5,-4.682093926099268
1.24E-4,5.6E-5,-4.691307876051456
1.24E-4,5.8E-5,-4.698454909447425
1.24E-4,5.9999999999999995E-5,-4.705498560108766
1.24E-4,6.2E-5,-4.705218928629371
1.24E-4,6.4E-5,-4.695394015812759
1.24E-4,6.599999999999999E-5,-4.67054906647994
1.24E-4,6.8E-5,-4.616606680271257
1.24E-4,7.0E-5,-4.517677644134956
1.24E-4,7.2E-5,-4.348075187122022
1.24E-4,7.4E-5,-4.061583266728433
1.24E-4,7.599999999999999E-5,-3.631880666136867
1.24E-4,7.8E-5,-2.8014732523394756
1.24E-4,7.999999999999999E-5,-2.4444444444444446
1.24E-4,8.2E-5,-2.4444444444444446
1.24E-4,8.4E-5,-2.4444444444444446
1.24E-4,8.599999999999999E-5,-2.4444444444444446
1.24E-4,8.8E-5,-2.4444444444444446
1.24E-4,8.999999999999999E-5,-2.4444444444444446
1.24E-4,9.2E-5,-2.4444444444444446
1.24E-4,9.4E-5,-2.4444444444444446
1.24E-4,9.6E-5,-2.4444444444444446
1.24E-4,9.8E-5,-2.4444444444444446
1.24E-4,9.999999999999999E-5,-2.4444444444444446
1.24E-4,1.02E-4,-2.4444444444444446
1.24E-4,1.04E-4,-2.4444444444444446
1.24E-4,1.06E-4,-2.4444444444444446
1.24E-4,1.08E-4,-2.4444444444444446
1.24E-4,1.0999999999999999E-4,-2.4444444444444446
1.24E-4,1.12E-4,-2.4444444444444446
1.24E-4,1.1399999999999999E-4,-2.4444444444444446
1.24E-4,1.16E-4,-2.4444444444444446
1.24E-4,1.18E-4,-2.4444444444444446
1.24E-4,1.1999999999999999E-4,-2.584606393744795
1.24E-4,1.22E-4,-3.067197783297131
1.24E-4,1.24E-4,-3.5346309235540367
1.24E-4,1.26E-4,-3.955599950300309
1.24E-4,1.28E-4,-4.341423649653918
1.24E-4,1.3E-4,-4.730650617880872
1.24E-4,1.3199999999999998E-4,-5.103902725080515
1.24E-4,1.34E-4,-5.535244615441595
1.24E-4,1.36E-4,-6.0
1.24E-4,1.38E-4,-6.0
1.24E-4,1.4E-4,-6.0
1.24E-4,1.4199999999999998E-4,-6.0
1.24E-4,1.44E-4,-6.0
1.24E-4,1.46E-4,-6.0
1.24E-4,1.48E-4,-6.0
1.24E-4,1.5E-4,-6.0
1.24E-4,1.5199999999999998E-4,-6.0
1.24E-4,1.54E-4,-6.0
1.24E-4,1.56E-4,-6.0
1.24E-4,1.58E-4,-6.0
1.24E-4,1.5999999999999999E-4,-6.0
1.24E-4,1.6199999999999998E-4,-6.0
1.24E-4,1.64E-4,-6.0
1.24E-4,1.66E-4,-6.0
1.24E-4,1.68E-4,-6.0
1.24E-4,1.6999999999999999E-4,-6.0
1.24E-4,1.7199999999999998E-4,-6.0
1.24E-4,1.74E-4,-6.0
1.24E-4,1.76E-4,-6.0
1.24E-4,1.78E-4,-6.0
1.26E-4,0.0,-6.0
1.26E-4,2.0E-6,-6.0
1.26E-4,4.0E-6,-6.0
1.26E-4,6.0E-6,-6.0
1.26E-4,8.0E-6,-6.0
1.26E-4,9.999999999999999E-6,-6.0
1.26E-4,1.2E-5,-6.0
1.26E-4,1.4E-5,-6.0
1.26E-4,1.6E-5,-6.0
1.26E-4,1.8E-5,-6.0
1.26E-4,1.9999999999999998E-5,-6.0
1.26E-4,2.2E-5,-6.0
1.26E-4,2.4E-5,-6.0
1.26E-4,2.6E-5,-6.0
1.26E-4,2.8E-5,-6.0
1.26E-4,2.9999999999999997E-5,-6.0
1.26E-4,3.2E-5,-5.688109830930571
1.26E-4,3.4E-5,-5.366876506223333
1.26E-4,3.6E-5,-5.094111566610692
1.26E-4,3.7999999999999995E-5,-4.920858856548844
1.26E-4,3.9999999999999996E-5,-4.809612373492545
1.26E-4,4.2E-5,-4.743198782095766
1.26E-4,4.4E-5,-4.71566229498061
1.26E-4,4.6E-5,-4.711819200269043
1.26E-4,4.8E-5,-4.715122431853509
1.26E-4,4.9999999999999996E-5,-4.716683155330298
1.26E-4,5.2E-5,-4.724616016642234
1.26E-4,5.4E-5,-4.731839392075692
1.26E-4,5.6E-5,-4.7346814904661505
1.26E-4,5.8E-5,-4.736025756805489
1.26E-4,5.9999999999999995E-5,-4.734814775614379
1.26E-4,6.2E-5,-4.7289335034471085
1.26E-4,6.4E-5,-4.719236926771368
1.26E-4,6.599999999999999E-5,-4.69325529648484
1.26E-4,6.8E-5,-4.642762703057517
1.26E-4,7.0E-5,-4.546809453184958
1.26E-4,7.2E-5,-4.383396405861413
1.26E-4,7.4E-5,-4.11548339143544
1.26E-4,7.599999999999999E-5,-3.719275155078131
1.26E-4,7.8E-5,-2.968758392346008
1.26E-4,7.999999999999999E-5,-2.4444444444444446
1.26E-4,8.2E-5,-2.4444444444444446
1.26E-4,8.4E-5,-2.4444444444444446
1.26E-4,8.599999999999999E-5,-2.4444444444444446
1.26E-4,8.8E-5,-2.4444444444444446
1.26E-4,8.999999999999999E-5,-2.4444444444444446
1.26E-4,9.2E-5,-2.4444444444444446
1.26E-4,9.4E-5,-2.4444444444444446
1.26E-4,9.6E-5,-2.4444444444444446
1.26E-4,9.8E-5,-2.4444444444444446
1.26E-4,9.999999999999999E-5,-2.4444444444444446
1.26E-4,1.02E-4,-2.4444444444444446
1.26E-4,1.04E-4,-2.4444444444444446
1.26E-4,1.06E-4,-2.4444444444444446
1.26E-4,1.08E-4,-2.4444444444444446
1.26E-4,1.0999999999999999E-4,-2.4444444444444446
1.26E-4,1.12E-4,-2.4444444444444446
1.26E-4,1.1399999999999999E-4,-2.4444444444444446
1.26E-4,1.16E-4,-2.4444444444444446
1.26E-4,1.18E-4,-2.4444444444444446
1.26E-4,1.1999999999999999E-4,-2.4444444444444446
1.26E-4,1.22E-4,-2.5816742094119975
1.26E-4,1.24E-4,-3.3565080825243028
1.26E-4,1.26E-4,-3.897016587388082
1.26E-4,1.28E-4,-4.349430225334166
1.26E-4,1.3E-4,-4.767262950070473
1.26E-4,1.3199999999999998E-4,-5.171217297449151
1.26E-4,1.34E-4,-5.6247759723817
1.26E-4,1.36E-4,-6.0
1.26E-4,1.38E-4,-6.0
1.26E-4,1.4E-4,-6.0
1.26E-4,1.4199999999999998E-4,-6.0
1.26E-4,1.44E-4,-6.0
1.26E-4,1.46E-4,-6.0
1.26E-4,1.48E-4,-6.0
1.26E-4,1.5E-4,-6.0
1.26E-4,1.5199999999999998E-4,-6.0
1.26E-4,1.54E-4,-6.0
1.26E-4,1.56E-4,-6.0
1.26E-4,1.58E-4,-6.0
1.26E-4,1.5999999999999999E-4,-6.0
1.26E-4,1.6199999999999998E-4,-6.0
1.26E-4,1.64E-4,-6.0
1.26E-4,1.66E-4,-6.0
1.26E-4,1.68E-4,-6.0
1.26E-4,1.6999999999999999E-4,-6.0
1.26E-4,1.7199999999999998E-4,-6.0
1.26E-4,1.74E-4,-6.0
1.26E-4,1.76E-4,-6.0
1.26E-4,1.78E-4,-6.0
1.28E-4,0.0,-6.0
1.28E-4,2.0E-6,-6.0
1.28E-4,4.0E-6,-6.0
1.28E-4,6.0E-6,-6.0
1.28E-4,8.0E-6,-6.0
1.28E-4,9.999999999999999E-6,-6.0
1.28E-4,1.2E-5,-6.0
1.28E-4,1.4E-5,-6.0
1.28E-4,1.6E-5,-6.0
1.28E-4,1.8E-5,-6.0
1.28E-4,1.9999999999999998E-5,-6.0
1.28E-4,2.2E-5,-6.0
1.28E-4,2.4E-5,-6.0
1.28E-4,2.6E-5,-6.0
1.28E-4,2.8E-5,-6.0
1.28E-4,2.9999999999999997E-5,-6.0
1.28E-4,3.2E-5,-5.977340625890457
1.28E-4,3.4E-5,-5.5907752875881425
1.28E-4,3.6E-5,-5.325915272083886
1.28E-4,3.7999999999999995E-5,-5.100612720526067
1.28E-4,3.9999999999999996E-5,-4.958079544800718
1.28E-4,4.2E-5,-4.865629762527468
1.28E-4,4.4E-5,-4.804728407746954
1.28E-4,4.6E-5,-4.780075467582534
1.28E-4,4.8E-5,-4.768767323406678
1.28E-4,4.9999999999999996E-5,-4.762885328011754
1.28E-4,5.2E-5,-4.760159251021275
1.28E-4,5.4E-5,-4.758521156636153
1.28E-4,5.6E-5,-4.757230852004157
1.28E-4,5.8E-5,-4.754948164332616
1.28E-4,5.9999999999999995E-5,-4.750929267514236
1.28E-4,6.2E-5,-4.744565707382641
1.28E-4,6.4E-5,-4.731254432630864
1.28E-4,6.599999999999999E-5,-4.70854002918199
1.28E-4,6.8E-5,-4.659892816580725
1.28E-4,7.0E-5,-4.558078568713637
1.28E-4,7.2E-5,-4.395488024822272
1.28E-4,7.4E-5,-4.141756801244828
1.28E-4,7.599999999999999E-5,-3.759854254116797
1.28E-4,7.8E-5,-3.015942092315537
1.28E-4,7.999999999999999E-5,-2.4444444444444446
1.28E-4,8.2E-5,-2.4444444444444446
1.28E-4,8.4E-5,-2.4444444444444446
1.28E-4,8.599999999999999E-5,-2.4444444444444446
1.28E-4,8.8E-5,-2.4444444444444446
1.28E-4,8.999999999999999E-5,-2.4444444444444446
1.28E-4,9.2E-5,-2.4444444444444446
1.28E-4,9.4E-5,-2.4444444444444446
1.28E-4,9.6E-5,-2.4444444444444446
1.28E-4,9.8E-5,-2.4444444444444446
1.28E-4,9.999999999999999E-5,-2.4444444444444446
1.28E-4,1.02E-4,-2.4444444444444446
1.28E-4,1.04E-4,-2.4444444444444446
1.28E-4,1.06E-4,-2.4444444444444446
1.28E-4,1.08E-4,-2.4444444444444446
1.28E-4,1.0999999999999999E-4,-2.4444444444444446
1.28E-4,1.12E-4,-2.4444444444444446
1.28E-4,1.1399999999999999E-4,-2.4444444444444446
1.28E-4,1.16E-4,-2.4444444444444446
1.28E-4,1.18E-4,-2.4444444444444446
1.28E-4,1.1999999999999999E-4,-2.4444444444444446
1.28E-4,1.22E-4,-2.4444444444444446
1.28E-4,1.24E-4,-3.339163797957604
1.28E-4,1.26E-4,-3.933612940696807
1.28E-4,1.28E-4,-4.410573475245522
1.28E-4,1.3E-4,-4.832419399219249
1.28E-4,1.3199999999999998E-4,-5.258689980115084
1.28E-4,1.34E-4,-5.73740747842504
1.28E-4,1.36E-4,-6.0
1.28E-4,1.38E-4,-6.0
1.28E-4,1.4E-4,-6.0
1.28E-4,1.4199999999999998E-4,-6.0
1.28E-4,1.44E-4,-6.0
1.28E-4,1.46E-4,-6.0
1.28E-4,1.48E-4,-6.0
1.28E-4,1.5E-4,-6.0
1.28E-4,1.5199999999999998E-4,-6.0
1.28E-4,1.54E-4,-6.0
1.28E-4,1.56E-4,-6.0
1.28E-4,1.58E-4,-6.0
1.28E-4,1.5999999999999999E-4,-6.0
1.28E-4,1.6199999999999998E-4,-6.0
1.28E-4,1.64E-4,-6.0
1.28E-4,1.66E-4,-6.0
1.28E-4,1.68E-4,-6.0
1.28E-4,1.6999999999999999E-4,-6.0
1.28E-4,1.7199999999999998E-4,-6.0
1.28E-4,1.74E-4,-6.0
1.28E-4,1.76E-4,-6.0
1.28E-4,1.78E-4,-6.0
1.3E-4,0.0,-6.0
1.3E-4,2.0E-6,-6.0
1.3E-4,4.0E-6,-6.0
1.3E-4,6.0E-6,-6.0
1.3E-4,8.0E-6,-6.0
1.3E-4,9.999999999999999E-6,-6.0
1.3E-4,1.2E-5,-6.0
1.3E-4,1.4E-5,-6.0
1.3E-4,1.6E-5,-6.0
1.3E-4,1.8E-5,-6.0
1.3E-4,1.9999999999999998E-5,-6.0
1.3E-4,2.2E-5,-6.0
1.3E-4,2.4E-5,-6.0
1.3E-4,2.6E-5,-6.0
1.3E-4,2.8E-5,-6.0
1.3E-4,2.9999999999999997E-5,-6.0
1.3E-4,3.2E-5,-6.0
1.3E-4,3.4E-5,-5.848906662077182
1.3E-4,3.6E-5,-5.499178405317695
1.3E-4,3.7999999999999995E-5,-5.258760577374015
1.3E-4,3.9999999999999996E-5,-5.071197643310316
1.3E-4,4.2E-5,-4.9526522157557435
1.3E-4,4.4E-5,-4.87186415514546
1.3E-4,4.6E-5,-4.825550253926906
1.3E-4,4.8E-5,-4.802413125166893
1.3E-4,4.9999999999999996E-5,-4.789113867791833
1.3E-4,5.2E-5,-4.780408858806973
1.3E-4,5.4E-5,-4.775656316446547
1.3E-4,5.6E-5,-4.771166326523468
1.3E-4,5.8E-5,-4.767147531175149
1.3E-4,5.9999999999999995E-5,-4.761655535713487
1.3E-4,6.2E-5,-4.754079412349503
1.3E-4,6.4E-5,-4.741576437142552
1.3E-4,6.599999999999999E-5,-4.717127373134118
1.3E-4,6.8E-5,-4.6688072120358015
1.3E-4,7.0E-5,-4.568720651693328
1.3E-4,7.2E-5,-4.405483693447198
1.3E-4,7.4E-5,-4.150893721330931
1.3E-4,7.599999999999999E-5,-3.775171940317685
1.3E-4,7.8E-5,-3.0467328562456
1.3E-4,7.999999999999999E-5,-2.4444444444444446
1.3E-4,8.2E-5,-2.4444444444444446
1.3E-4,8.4E-5,-2.4444444444444446
1.3E-4,8.599999999999999E-5,-2.4444444444444446
1.3E-4,8.8E-5,-2.4444444444444446
1.3E-4,8.999999999999999E-5,-2.4444444444444446
1.3E-4,9.2E-5,-2.4444444444444446
1.3E-4,9.4E-5,-2.4444444444444446
1.3E-4,9.6E-5,-2.4444444444444446
1.3E-4,9.8E-5,-2.4444444444444446
1.3E-4,9.999999999999999E-5,-2.4444444444444446
1.3E-4,1.02E-4,-2.4444444444444446
1.3E-4,1.04E-4,-2.4444444444444446
1.3E-4,1.06E-4,-2.4444444444444446
1.3E-4,1.08E-4,-2.4444444444444446
1.3E-4,1.0999999999999999E-4,-2.4444444444444446
1.3E-4,1.12E-4,-2.4444444444444446
1.3E-4,1.1399999999999999E-4,-2.4444444444444446
1.3E-4,1.16E-4,-2.4444444444444446
1.3E-4,1.18E-4,-2.4444444444444446
1.3E-4,1.1999999999999999E-4,-2.4444444444444446
1.3E-4,1.22E-4,-2.4444444444444446
1.3E-4,1.24E-4,-3.439813617366476
1.3E-4,1.26E-4,-4.0530571311105446
1.3E-4,1.28E-4,-4.5198614519920035
1.3E-4,1.3E-4,-4.940961415989526
1.3E-4,1.3199999999999998E-4,-5.379549750856166
1.3E-4,1.34E-4,-5.905274107172205
1.3E-4,1.36E-4,-6.0
1.3E-4,1.38E-4,-6.0
1.3E-4,1.4E-4,-6.0
1.3E-4,1.4199999999999998E-4,-6.0
1.3E-4,1.44E-4,-6.0
1.3E-4,1.46E-4,-6.0
1.3E-4,1.48E-4,-6.0
1.3E-4,1.5E-4,-6.0
1.3E-4,1.5199999999999998E-4,-6.0
1.3E-4,1.54E-4,-6.0
1.3E-4,1.56E-4,-6.0
1.3E-4,1.58E-4,-6.0
1.3E-4,1.5999999999999999E-4,-6.0
1.3E-4,1.6199999999999998E-4,-6.0
1.3E-4,1.64E-4,-6.0
1.3E-4,1.66E-4,-6.0
1.3E-4,1.68E-4,-6.0
1.3E-4,1.6999999999999999E-4,-6.0
1.3E-4,1.7199999999999998E-4,-6.0
1.3E-4,1.74E-4,-6.0
1.3E-4,1.76E-4,-6.0
1.3E-4,1.78E-4,-6.0
1.3199999999999998E-4,0.0,-6.0
1.3199999999999998E-4,2.0E-6,-6.0
1.3199999999999998E-4,4.0E-6,-6.0
1.3199999999999998E-4,6.0E-6,-6.0
1.3199999999999998E-4,8.0E-6,-6.0
1.3199999999999998E-4,9.999999999999999E-6,-6.0
1.3199999999999998E-4,1.2E-5,-6.0
1.3199999999999998E-4,1.4E-5,-6.0
1.3199999999999998E-4,1.6E-5,-6.0
1.3199999999999998E-4,1.8E-5,-6.0
1.3199999999999998E-4,1.9999999999999998E-5,-6.0
1.3199999999999998E-4,2.2E-5,-6.0
1.3199999999999998E-4,2.4E-5,-6.0
1.3199999999999998E-4,2.6E-5,-6.0
1.3199999999999998E-4,2.8E-5,-6.0
1.3199999999999998E-4,2.9999999999999997E-5,-6.0
1.3199999999999998E-4,3.2E-5,-6.0
1.3199999999999998E-4,3.4E-5,-6.0
1.3199999999999998E-4,3.6E-5,-5.7020258460326705
1.3199999999999998E-4,3.7999999999999995E-5,-5.407288198425869
1.3199999999999998E-4,3.9999999999999996E-5,-5.188780021226748
1.3199999999999998E-4,4.2E-5,-5.029501922610823
1.3199999999999998E-4,4.4E-5,-4.931515628897875
1.3199999999999998E-4,4.6E-5,-4.867642370729436
1.3199999999999998E-4,4.8E-5,-4.830465475245283
1.3199999999999998E-4,4.9999999999999996E-5,-4.8102358129535165
1.3199999999999998E-4,5.2E-5,-4.796673197532202
1.3199999999999998E-4,5.4E-5,-4.78812936098891
1.3199999999999998E-4,5.6E-5,-4.7826148582818515
1.3199999999999998E-4,5.8E-5,-4.776153972394745
1.3199999999999998E-4,5.9999999999999995E-5,-4.770173067166413
1.3199999999999998E-4,6.2E-5,-4.761712936601754
1.3199999999999998E-4,6.4E-5,-4.74764547368898
1.3199999999999998E-4,6.599999999999999E-5,-4.723384100734388
1.3199999999999998E-4,6.8E-5,-4.6745695310311985
1.3199999999999998E-4,7.0E-5,-4.5746028781340975
1.3199999999999998E-4,7.2E-5,-4.410676402458266
1.3199999999999998E-4,7.4E-5,-4.159071560865756
1.3199999999999998E-4,7.599999999999999E-5,-3.784221782608019
1.3199999999999998E-4,7.8E-5,-3.062561859030188
1.3199999999999998E-4,7.999999999999999E-5,-2.4444444444444446
1.3199999999999998E-4,8.2E-5,-2.4444444444444446
1.3199999999999998E-4,8.4E-5,-2.4444444444444446
1.3199999999999998E-4,8.599999999999999E-5,-2.4444444444444446
1.3199999999999998E-4,8.8E-5,-2.4444444444444446
1.3199999999999998E-4,8.999999999999999E-5,-2.4444444444444446
1.3199999999999998E-4,9.2E-5,-2.4444444444444446
1.3199999999999998E-4,9.4E-5,-2.4444444444444446
1.3199999999999998E-4,9.6E-5,-2.4444444444444446
1.3199999999999998E-4,9.8E-5,-2.4444444444444446
1.3199999999999998E-4,9.999999999999999E-5,-2.4444444444444446
1.3199999999999998E-4,1.02E-4,-2.4444444444444446
1.3199999999999998E-4,1.04E-4,-2.4444444444444446
1.3199999999999998E-4,1.06E-4,-2.4444444444444446
1.3199999999999998E-4,1.08E-4,-2.4444444444444446
1.3199999999999998E-4,1.0999999999999999E-4,-2.4444444444444446
1.3199999999999998E-4,1.12E-4,-2.4444444444444446
1.3199999999999998E-4,1.1399999999999999E-4,-2.4444444444444446
1.3199999999999998E-4,1.16E-4,-2.4444444444444446
1.3199999999999998E-4,1.18E-4,-2.4444444444444446
1.3199999999999998E-4,1.1999999999999999E-4,-2.4444444444444446
1.3199999999999998E-4,1.22E-4,-2.8836563317535133
1.3199999999999998E-4,1.24E-4,-3.725508875430332
1.3199999999999998E-4,1.26E-4,-4.253822359840434
1.3199999999999998E-4,1.28E-4,-4.670842820883991
1.3199999999999998E-4,1.3E-4,-5.080693972948008
1.3199999999999998E-4,1.3199999999999998E-4,-5.52483782428712
1.3199999999999998E-4,1.34E-4,-6.0
1.3199999999999998E-4,1.36E-4,-6.0
1.3199999999999998E-4,1.38E-4,-6.0
1.3199999999999998E-4,1.4E-4,-6.0
1.3199999999999998E-4,1.4199999999999998E-4,-6.0
1.3199999999999998E-4,1.44E-4,-6.0
1.3199999999999998E-4,1.46E-4,-6.0
1.3199999999999998E-4,1.48E-4,-6.0
1.3199999999999998E-4,1.5E-4,-6.0
1.3199999999999998E-4,1.5199999999999998E-4,-6.0
1.3199999999999998E-4,1.54E-4,-6.0
1.3199999999999998E-4,1.56E-4,-6.0
1.3199999999999998E-4,1.58E-4,-6.0
1.3199999999999998E-4,1.5999999999999999E-4,-6.0
1.3199999999999998E-4,1.6199999999999998E-4,-6.0
1.3199999999999998E-4,1.64E-4,-6.0
1.3199999999999998E-4,1.66E-4,-6.0
1.3199999999999998E-4,1.68E-4,-6.0
1.3199999999999998E-4,1.6999999999999999E-4,-6.0
1.3199999999999998E-4,1.7199999999999998E-4,-6.0
1.3199999999999998E-4,1.74E-4,-6.0
1.3199999999999998E-4,1.76E-4,-6.0
1.3199999999999998E-4,1.78E-4,-6.0
1.34E-4,0.0,-6.0
1.34E-4,2.0E-6,-6.0
1.34E-4,4.0E-6,-6.0
1.34E-4,6.0E-6,-6.0
1.34E-4,8.0E-6,-6.0
1.34E-4,9.999999999999999E-6,-6.0
1.34E-4,1.2E-5,-6.0
1.34E-4,1.4E-5,-6.0
1.34E-4,1.6E-5,-6.0
1.34E-4,1.8E-5,-6.0
1.34E-4,1.9999999999999998E-5,-6.0
1.34E-4,2.2E-5,-6.0
1.34E-4,2.4E-5,-6.0
1.34E-4,2.6E-5,-6.0
1.34E-4,2.8E-5,-6.0
1.34E-4,2.9999999999999997E-5,-6.0
1.34E-4,3.2E-5,-6.0
1.34E-4,3.4E-5,-6.0
1.34E-4,3.6E-5,-5.919404345831577
1.34E-4,3.7999999999999995E-5,-5.5457105441142165
1.34E-4,3.9999999999999996E-5,-5.323184364197813
1.34E-4,4.2E-5,-5.118584944258412
1.34E-4,4.4E-5,-4.9982255475485005
1.34E-4,4.6E-5,-4.913005703934484
1.34E-4,4.8E-5,-4.862422843400867
1.34E-4,4.9999999999999996E-5,-4.830995787121733
1.34E-4,5.2E-5,-4.811961529735439
1.34E-4,5.4E-5,-4.800357027026954
1.34E-4,5.6E-5,-4.791384108925506
1.34E-4,5.8E-5,-4.784382509731717
1.34E-4,5.9999999999999995E-5,-4.7764420088459385
1.34E-4,6.2E-5,-4.7667163080381485
1.34E-4,6.4E-5,-4.7529745107500005
1.34E-4,6.599999999999999E-5,-4.728213508057367
1.34E-4,6.8E-5,-4.678871089607368
1.34E-4,7.0E-5,-4.57864959243203
1.34E-4,7.2E-5,-4.4149014308632895
1.34E-4,7.4E-5,-4.163862345162751
1.34E-4,7.599999999999999E-5,-3.7879087666948346
1.34E-4,7.8E-5,-3.0720504962915074
1.34E-4,7.999999999999999E-5,-2.4444444444444446
1.34E-4,8.2E-5,-2.4444444444444446
1.34E-4,8.4E-5,-2.4444444444444446
1.34E-4,8.599999999999999E-5,-2.4444444444444446
1.34E-4,8.8E-5,-2.4444444444444446
1.34E-4,8.999999999999999E-5,-2.4444444444444446
1.34E-4,9.2E-5,-2.4444444444444446
1.34E-4,9.4E-5,-2.4444444444444446
1.34E-4,9.6E-5,-2.4444444444444446
1.34E-4,9.8E-5,-2.4444444444444446
1.34E-4,9.999999999999999E-5,-2.4444444444444446
1.34E-4,1.02E-4,-2.4444444444444446
1.34E-4,1.04E-4,-2.4444444444444446
1.34E-4,1.06E-4,-2.4444444444444446
1.34E-4,1.08E-4,-2.4444444444444446
1.34E-4,1.0999999999999999E-4,-2.4444444444444446
1.34E-4,1.12E-4,-2.4444444444444446
1.34E-4,1.1399999999999999E-4,-2.4444444444444446
1.34E-4,1.16E-4,-2.4444444444444446
1.34E-4,1.18E-4,-2.4444444444444446
1.34E-4,1.1999999999999999E-4,-2.4444444444444446
1.34E-4,1.22E-4,-3.3943753868609114
1.34E-4,1.24E-4,-4.002675411797747
1.34E-4,1.26E-4,-4.451867710633928
1.34E-4,1.28E-4,-4.863508920332212
1.34E-4,1.3E-4,-5.2743126548762875
1.34E-4,1.3199999999999998E-4,-5.751596125793318
1.34E-4,1.34E-4,-6.0
1.34E-4,1.36E-4,-6.0
1.34E-4,1.38E-4,-6.0
1.34E-4,1.4E-4,-6.0
1.34E-4,1.4199999999999998E-4,-6.0
1.34E-4,1.44E-4,-6.0
1.34E-4,1.46E-4,-6.0
1.34E-4,1.48E-4,-6.0
1.34E-4,1.5E-4,-6.0
1.34E-4,1.5199999999999998E-4,-6.0
1.34E-4,1.54E-4,-6.0
1.34E-4,1.56E-4,-6.0
1.34E-4,1.58E-4,-6.0
1.34E-4,1.5999999999999999E-4,-6.0
1.34E-4,1.6199999999999998E-4,-6.0
1.34E-4,1.64E-4,-6.0
1.34E-4,1.66E-4,-6.0
1.34E-4,1.68E-4,-6.0
1.34E-4,1.6999999999999999E-4,-6.0
1.34E-4,1.7199999999999998E-4,-6.0
1.34E-4,1.74E-4,-6.0
1.34E-4,1.76E-4,-6.0
1.34E-4,1.78E-4,-6.0
1.36E-4,0.0,-6.0
1.36E-4,2.0E-6,-6.0
1.36E-4,4.0E-6,-6.0
1.36E-4,6.0E-6,-6.0
1.36E-4,8.0E-6,-6.0
1.36E-4,9.999999999999999E-6,-6.0
1.36E-4,1.2E-5,-6.0
1.36E-4,1.4E-5,-6.0
1.36E-4,1.6E-5,-6.0
1.36E-4,1.8E-5,-6.0
1.36E-4,1.9999999999999998E-5,-6.0
1.36E-4,2.2E-5,-6.0
1.36E-4,2.4E-5,-6.0
1.36E-4,2.6E-5,-6.0
1.36E-4,2.8E-5,-6.0
1.36E-4,2.9999999999999997E-5,-6.0
1.36E-4,3.2E-5,-6.0
1.36E-4,3.4E-5,-6.0
1.36E-4,3.6E-5,-6.0
1.36E-4,3.7999999999999995E-5,-5.763409596858958
1.36E-4,3.9999999999999996E-5,-5.461569650075413
1.36E-4,4.2E-5,-5.251340635943773
1.36E-4,4.4E-5,-5.076090408216983
1.36E-4,4.6E-5,-4.972492129156397
1.36E-4,4.8E-5,-4.901990118743946
1.36E-4,4.9999999999999996E-5,-4.8559195946459806
1.36E-4,5.2E-5,-4.830689283650696
1.36E-4,5.4E-5,-4.813337106799037
1.36E-4,5.6E-5,-4.801937536165261
1.36E-4,5.8E-5,-4.792369820444418
1.36E-4,5.9999999999999995E-5,-4.783406683149776
1.36E-4,6.2E-5,-4.773299041648013
1.36E-4,6.4E-5,-4.757809509777685
1.36E-4,6.599999999999999E-5,-4.732589518738038
1.36E-4,6.8E-5,-4.682707572544293
1.36E-4,7.0E-5,-4.582335997536795
1.36E-4,7.2E-5,-4.417966831740117
1.36E-4,7.4E-5,-4.167435395854389
1.36E-4,7.599999999999999E-5,-3.7911585730875648
1.36E-4,7.8E-5,-3.081255277043896
1.36E-4,7.999999999999999E-5,-2.4444444444444446
1.36E-4,8.2E-5,-2.4444444444444446
1.36E-4,8.4E-5,-2.4444444444444446
1.36E-4,8.599999999999999E-5,-2.4444444444444446
1.36E-4,8.8E-5,-2.4444444444444446
1.36E-4,8.999999999999999E-5,-2.4444444444444446
1.36E-4,9.2E-5,-2.4444444444444446
1.36E-4,9.4E-5,-2.4444444444444446
1.36E-4,9.6E-5,-2.4444444444444446
1.36E-4,9.8E-5,-2.4444444444444446
1.36E-4,9.999999999999999E-5,-2.4444444444444446
1.36E-4,1.02E-4,-2.4444444444444446
1.36E-4,1.04E-4,-2.4444444444444446
1.36E-4,1.06E-4,-2.4444444444444446
1.36E-4,1.08E-4,-2.4444444444444446
1.36E-4,1.0999999999999999E-4,-2.4444444444444446
1.36E-4,1.12E-4,-2.4444444444444446
1.36E-4,1.1399999999999999E-4,-2.4444444444444446
1.36E-4,1.16E-4,-2.4444444444444446
1.36E-4,1.18E-4,-2.4444444444444446
1.36E-4,1.1999999999999999E-4,-3.0468707145432585
1.36E-4,1.22E-4,-3.804612543219225
1.36E-4,1.24E-4,-4.274678909883568
1.36E-4,1.26E-4,-4.676099077269873
1.36E-4,1.28E-4,-5.0634605606198715
1.36E-4,1.3E-4,-5.481819515383559
1.36E-4,1.3199999999999998E-4,-6.0
1.36E-4,1.34E-4,-6.0
1.36E-4,1.36E-4,-6.0
1.36E-4,1.38E-4,-6.0
1.36E-4,1.4E-4,-6.0
1.36E-4,1.4199999999999998E-4,-6.0
1.36E-4,1.44E-4,-6.0
1.36E-4,1.46E-4,-6.0
1.36E-4,1.48E-4,-6.0
1.36E-4,1.5E-4,-6.0
1.36E-4,1.5199999999999998E-4,-6.0
1.36E-4,1.54E-4,-6.0
1.36E-4,1.56E-4,-6.0
1.36E-4,1.58E-4,-6.0
1.36E-4,1.5999999999999999E-4,-6.0
1.36E-4,1.6199999999999998E-4,-6.0
1.36E-4,1.64E-4,-6.0
1.36E-4,1.66E-4,-6.0
1.36E-4,1.68E-4,-6.0
1.36E-4,1.6999999999999999E-4,-6.0
1.36E-4,1.7199999999999998E-4,-6.0
1.36E-4,1.74E-4,-6.0
1.36E-4,1.76E-4,-6.0
1.36E-4,1.78E-4,-6.0
1.38E-4,0.0,-6.0
1.38E-4,2.0E-6,-6.0
1.38E-4,4.0E-6,-6.0
1.38E-4,6.0E-6,-6.0
1.38E-4,8.0E-6,-6.0
1.38E-4,9.999999999999999E-6,-6.0
1.38E-4,1.2E-5,-6.0
1.38E-4,1.4E-5,-6.0
1.38E-4,1.6E-5,-6.0
1.38E-4,1.8E-5,-6.0
1.38E-4,1.9999999999999998E-5,-6.0
1.38E-4,2.2E-5,-6.0
1.38E-4,2.4E-5,-6.0
1.38E-4,2.6E-5,-6.0
1.38E-4,2.8E-5,-6.0
1.38E-4,2.9999999999999997E-5,-6.0
1.38E-4,3.2E-5,-6.0
1.38E-4,3.4E-5,-6.0
1.38E-4,3.6E-5,-6.0
1.38E-4,3.7999999999999995E-5,-5.988902506246017
1.38E-4,3.9999999999999996E-5,-5.633358544778922
1.38E-4,4.2E-5,-5.393683681132497
1.38E-4,4.4E-5,-5.194430291443367
1.38E-4,4.6E-5,-5.048616209533614
1.38E-4,4.8E-5,-4.955189779597736
1.38E-4,4.9999999999999996E-5,-4.894960943285934
1.38E-4,5.2E-5,-4.854445867037155
1.38E-4,5.4E-5,-4.830485769910121
1.38E-4,5.6E-5,-4.814514281669541
1.38E-4,5.8E-5,-4.801896441701312
1.38E-4,5.9999999999999995E-5,-4.790765464836696
1.38E-4,6.2E-5,-4.77930736460419
1.38E-4,6.4E-5,-4.763326467210778
1.38E-4,6.599999999999999E-5,-4.737251220582092
1.38E-4,6.8E-5,-4.6867990450513535
1.38E-4,7.0E-5,-4.585728262726864
1.38E-4,7.2E-5,-4.420855055066852
1.38E-4,7.4E-5,-4.171375028901793
1.38E-4,7.599999999999999E-5,-3.7946006003531187
1.38E-4,7.8E-5,-3.0902426359799406
1.38E-4,7.999999999999999E-5,-2.4444444444444446
1.38E-4,8.2E-5,-2.4444444444444446
1.38E-4,8.4E-5,-2.4444444444444446
1.38E-4,8.599999999999999E-5,-2.4444444444444446
1.38E-4,8.8E-5,-2.4444444444444446
1.38E-4,8.999999999999999E-5,-2.4444444444444446
1.38E-4,9.2E-5,-2.4444444444444446
1.38E-4,9.4E-5,-2.4444444444444446
1.38E-4,9.6E-5,-2.4444444444444446
1.38E-4,9.8E-5,-2.4444444444444446
1.38E-4,9.999999999999999E-5,-2.4444444444444446
1.38E-4,1.02E-4,-2.4444444444444446
1.38E-4,1.04E-4,-2.4444444444444446
1.38E-4,1.06E-4,-2.4444444444444446
1.38E-4,1.08E-4,-2.4444444444444446
1.38E-4,1.0999999999999999E-4,-2.4444444444444446
1.38E-4,1.12E-4,-2.4444444444444446
1.38E-4,1.1399999999999999E-4,-2.4444444444444446
1.38E-4,1.16E-4,-2.4444444444444446
1.38E-4,1.18E-4,-2.7393228001138645
1.38E-4,1.1999999999999999E-4,-3.5890394764976343
1.38E-4,1.22E-4,-4.122379411887933
1.38E-4,1.24E-4,-4.526689103884392
1.38E-4,1.26E-4,-4.919678484175611
1.38E-4,1.28E-4,-5.307621773156892
1.38E-4,1.3E-4,-5.764969745647949
1.38E-4,1.3199999999999998E-4,-6.0
1.38E-4,1.34E-4,-6.0
1.38E-4,1.36E-4,-6.0
1.38E-4,1.38E-4,-6.0
1.38E-4,1.4E-4,-6.0
1.38E-4,1.4199999999999998E-4,-6.0
1.38E-4,1.44E-4,-6.0
1.38E-4,1.46E-4,-6.0
1.38E-4,1.48E-4,-6.0
1.38E-4,1.5E-4,-6.0
1.38E-4,1.5199999999999998E-4,-6.0
1.38E-4,1.54E-4,-6.0
1.38E-4,1.56E-4,-6.0
1.38E-4,1.58E-4,-6.0
1.38E-4,1.5999999999999999E-4,-6.0
1.38E-4,1.6199999999999998E-4,-6.0
1.38E-4,1.64E-4,-6.0
1.38E-4,1.66E-4,-6.0
1.38E-4,1.68E-4,-6.0
1.38E-4,1.6999999999999999E-4,-6.0
1.38E-4,1.7199999999999998E-4,-6.0
1.38E-4,1.74E-4,-6.0
1.38E-4,1.76E-4,-6.0
1.38E-4,1.78E-4,-6.0
1.4E-4,0.0,-6.0
1.4E-4,2.0E-6,-6.0
1.4E-4,4.0E-6,-6.0
1.4E-4,6.0E-6,-6.0
1.4E-4,8.0E-6,-6.0
1.4E-4,9.999999999999999E-6,-6.0
1.4E-4,1.2E-5,-6.0
1.4E-4,1.4E-5,-6.0
1.4E-4,1.6E-5,-6.0
1.4E-4,1.8E-5,-6.0
1.4E-4,1.9999999999999998E-5,-6.0
1.4E-4,2.2E-5,-6.0
1.4E-4,2.4E-5,-6.0
1.4E-4,2.6E-5,-6.0
1.4E-4,2.8E-5,-6.0
1.4E-4,2.9999999999999997E-5,-6.0
1.4E-4,3.2E-5,-6.0
1.4E-4,3.4E-5,-6.0
1.4E-4,3.6E-5,-6.0
1.4E-4,3.7999999999999995E-5,-6.0
1.4E-4,3.9999999999999996E-5,-5.880102368380637
1.4E-4,4.2E-5,-5.545224134577985
1.4E-4,4.4E-5,-5.344430022772711
1.4E-4,4.6E-5,-5.154901538678565
1.4E-4,4.8E-5,-5.0316814190827674
1.4E-4,4.9999999999999996E-5,-4.947208988880108
1.4E-4,5.2E-5,-4.89329902340101
1.4E-4,5.4E-5,-4.853537230760409
1.4E-4,5.6E-5,-4.8312450097890824
1.4E-4,5.8E-5,-4.814712212521749
1.4E-4,5.9999999999999995E-5,-4.801018239134445
1.4E-4,6.2E-5,-4.787407270283913
1.4E-4,6.4E-5,-4.769517963442624
1.4E-4,6.599999999999999E-5,-4.742692593366563
1.4E-4,6.8E-5,-4.691783940326566
1.4E-4,7.0E-5,-4.5899214514992455
1.4E-4,7.2E-5,-4.424387479039625
1.4E-4,7.4E-5,-4.175513738524173
1.4E-4,7.599999999999999E-5,-3.7977033630128343
1.4E-4,7.8E-5,-3.099505599600005
1.4E-4,7.999999999999999E-5,-2.4444444444444446
1.4E-4,8.2E-5,-2.4444444444444446
1.4E-4,8.4E-5,-2.4444444444444446
1.4E-4,8.599999999999999E-5,-2.4444444444444446
1.4E-4,8.8E-5,-2.4444444444444446
1.4E-4,8.999999999999999E-5,-2.4444444444444446
1.4E-4,9.2E-5,-2.4444444444444446
1.4E-4,9.4E-5,-2.4444444444444446
1.4E-4,9.6E-5,-2.4444444444444446
1.4E-4,9.8E-5,-2.4444444444444446
1.4E-4,9.999999999999999E-5,-2.4444444444444446
1.4E-4,1.02E-4,-2.4444444444444446
1.4E-4,1.04E-4,-2.4444444444444446
1.4E-4,1.06E-4,-2.4444444444444446
1.4E-4,1.08E-4,-2.4444444444444446
1.4E-4,1.0999999999999999E-4,-2.4444444444444446
1.4E-4,1.12E-4,-2.4444444444444446
1.4E-4,1.1399999999999999E-4,-2.4444444444444446
1.4E-4,1.16E-4,-2.5428507640189544
1.4E-4,1.18E-4,-3.464102778643767
1.4E-4,1.1999999999999999E-4,-4.00020091948738
1.4E-4,1.22E-4,-4.413654736685006
1.4E-4,1.24E-4,-4.790044104376122
1.4E-4,1.26E-4,-5.150621255156979
1.4E-4,1.28E-4,-5.555878268130431
1.4E-4,1.3E-4,-6.0
1.4E-4,1.3199999999999998E-4,-6.0
1.4E-4,1.34E-4,-6.0
1.4E-4,1.36E-4,-6.0
1.4E-4,1.38E-4,-6.0
1.4E-4,1.4E-4,-6.0
1.4E-4,1.4199999999999998E-4,-6.0
1.4E-4,1.44E-4,-6.0
1.4E-4,1.46E-4,-6.0
1.4E-4,1.48E-4,-6.0
1.4E-4,1.5E-4,-6.0
1.4E-4,1.5199999999999998E-4,-6.0
1.4E-4,1.54E-4,-6.0
1.4E-4,1.56E-4,-6.0
1.4E-4,1.58E-4,-6.0
1.4E-4,1.5999999999999999E-4,-6.0
1.4E-4,1.6199999999999998E-4,-6.0
1.4E-4,1.64E-4,-6.0
1.4E-4,1.66E-4,-6.0
1.4E-4,1.68E-4,-6.0
1.4E-4,1.6999999999999999E-4,-6.0
1.4E-4,1.7199999999999998E-4,-6.0
1.4E-4,1.74E-4,-6.0
1.4E-4,1.76E-4,-6.0
1.4E-4,1.78E-4,-6.0
1.4199999999999998E-4,0.0,-6.0
1.4199999999999998E-4,2.0E-6,-6.0
1.4199999999999998E-4,4.0E-6,-6.0
1.4199999999999998E-4,6.0E-6,-6.0
1.4199999999999998E-4,8.0E-6,-6.0
1.4199999999999998E-4,9.999999999999999E-6,-6.0
1.4199999999999998E-4,1.2E-5,-6.0
1.4199999999999998E-4,1.4E-5,-6.0
1.4199999999999998E-4,1.6E-5,-6.0
1.4199999999999998E-4,1.8E-5,-6.0
1.4199999999999998E-4,1.9999999999999998E-5,-6.0
1.4199999999999998E-4,2.2E-5,-6.0
1.4199999999999998E-4,2.4E-5,-6.0
1.4199999999999998E-4,2.6E-5,-6.0
1.4199999999999998E-4,2.8E-5,-6.0
1.4199999999999998E-4,2.9999999999999997E-5,-6.0
1.4199999999999998E-4,3.2E-5,-6.0
1.4199999999999998E-4,3.4E-5,-6.0
1.4199999999999998E-4,3.6E-5,-6.0
1.4199999999999998E-4,3.7999999999999995E-5,-6.0
1.4199999999999998E-4,3.9999999999999996E-5,-6.0
1.4199999999999998E-4,4.2E-5,-5.799704287559479
1.4199999999999998E-4,4.4E-5,-5.506297307334475
1.4199999999999998E-4,4.6E-5,-5.3125527982783485
1.4199999999999998E-4,4.8E-5,-5.139387104165465
1.4199999999999998E-4,4.9999999999999996E-5,-5.026051200058652
1.4199999999999998E-4,5.2E-5,-4.94667882586005
1.4199999999999998E-4,5.4E-5,-4.894559475857541
1.4199999999999998E-4,5.6E-5,-4.856857185271004
1.4199999999999998E-4,5.8E-5,-4.833377616780355
1.4199999999999998E-4,5.9999999999999995E-5,-4.814909113149589
1.4199999999999998E-4,6.2E-5,-4.798216677502154
1.4199999999999998E-4,6.4E-5,-4.7786847241258075
1.4199999999999998E-4,6.599999999999999E-5,-4.7495204973276985
1.4199999999999998E-4,6.8E-5,-4.69737529522305
1.4199999999999998E-4,7.0E-5,-4.594895658835552
1.4199999999999998E-4,7.2E-5,-4.428689350269281
1.4199999999999998E-4,7.4E-5,-4.180596969520706
1.4199999999999998E-4,7.599999999999999E-5,-3.801992039624824
1.4199999999999998E-4,7.8E-5,-3.110259902000532
1.4199999999999998E-4,7.999999999999999E-5,-2.4444444444444446
1.4199999999999998E-4,8.2E-5,-2.4444444444444446
1.4199999999999998E-4,8.4E-5,-2.4444444444444446
1.4199999999999998E-4,8.599999999999999E-5,-2.4444444444444446
1.4199999999999998E-4,8.8E-5,-2.4444444444444446
1.4199999999999998E-4,8.999999999999999E-5,-2.4444444444444446
1.4199999999999998E-4,9.2E-5,-2.4444444444444446
1.4199999999999998E-4,9.4E-5,-2.4444444444444446
1.4199999999999998E-4,9.6E-5,-2.4444444444444446
1.4199999999999998E-4,9.8E-5,-2.4444444444444446
1.4199999999999998E-4,9.999999999999999E-5,-2.4444444444444446
1.4199999999999998E-4,1.02E-4,-2.4444444444444446
1.4199999999999998E-4,1.04E-4,-2.4444444444444446
1.4199999999999998E-4,1.06E-4,-2.4444444444444446
1.4199999999999998E-4,1.08E-4,-2.4444444444444446
1.4199999999999998E-4,1.0999999999999999E-4,-2.4444444444444446
1.4199999999999998E-4,1.12E-4,-2.4444444444444446
1.4199999999999998E-4,1.1399999999999999E-4,-2.477472659736847
1.4199999999999998E-4,1.16E-4,-3.409643405945585
1.4199999999999998E-4,1.18E-4,-3.933306273486597
1.4199999999999998E-4,1.1999999999999999E-4,-4.338735861823115
1.4199999999999998E-4,1.22E-4,-4.710560872251067
1.4199999999999998E-4,1.24E-4,-5.050310206583967
1.4199999999999998E-4,1.26E-4,-5.439708525324168
1.4199999999999998E-4,1.28E-4,-5.897942727632925
1.4199999999999998E-4,1.3E-4,-6.0
1.4199999999999998E-4,1.3199999999999998E-4,-6.0
1.4199999999999998E-4,1.34E-4,-6.0
1.4199999999999998E-4,1.36E-4,-6.0
1.4199999999999998E-4,1.38E-4,-6.0
1.4199999999999998E-4,1.4E-4,-6.0
1.4199999999999998E-4,1.4199999999999998E-4,-6.0
1.4199999999999998E-4,1.44E-4,-6.0
1.4199999999999998E-4,1.46E-4,-6.0
1.4199999999999998E-4,1.48E-4,-6.0
1.4199999999999998E-4,1.5E-4,-6.0
1.4199999999999998E-4,1.5199999999999998E-4,-6.0
1.4199999999999998E-4,1.54E-4,-6.0
1.4199999999999998E-4,1.56E-4,-6.0
1.4199999999999998E-4,1.58E-4,-6.0
1.4199999999999998E-4,1.5999999999999999E-4,-6.0
1.4199999999999998E-4,1.6199999999999998E-4,-6.0
1.4199999999999998E-4,1.64E-4,-6.0
1.4199999999999998E-4,1.66E-4,-6.0
1.4199999999999998E-4,1.68E-4,-6.0
1.4199999999999998E-4,1.6999999999999999E-4,-6.0
1.4199999999999998E-4,1.7199999999999998E-4,-6.0
1.4199999999999998E-4,1.74E-4,-6.0
1.4199999999999998E-4,1.76E-4,-6.0
1.4199999999999998E-4,1.78E-4,-6.0
1.44E-4,0.0,-6.0
1.44E-4,2.0E-6,-6.0
1.44E-4,4.0E-6,-6.0
1.44E-4,6.0E-6,-6.0
1.44E-4,8.0E-6,-6.0
1.44E-4,9.999999999999999E-6,-6.0
1.44E-4,1.2E-5,-6.0
1.44E-4,1.4E-5,-6.0
1.44E-4,1.6E-5,-6.0
1.44E-4,1.8E-5,-6.0
1.44E-4,1.9999999999999998E-5,-6.0
1.44E-4,2.2E-5,-6.0
1.44E-4,2.4E-5,-6.0
1.44E-4,2.6E-5,-6.0
1.44E-4,2.8E-5,-6.0
1.44E-4,2.9999999999999997E-5,-6.0
1.44E-4,3.2E-5,-6.0
1.44E-4,3.4E-5,-6.0
1.44E-4,3.6E-5,-6.0
1.44E-4,3.7999999999999995E-5,-6.0
1.44E-4,3.9999999999999996E-5,-6.0
1.44E-4,4.2E-5,-6.0
1.44E-4,4.4E-5,-5.746687380182559
1.44E-4,4.6E-5,-5.481601278917912
1.44E-4,4.8E-5,-5.299801559733854
1.44E-4,4.9999999999999996E-5,-5.137030350632125
1.44E-4,5.2E-5,-5.027986317863555
1.44E-4,5.4E-5,-4.953103252488637
1.44E-4,5.6E-5,-4.9009521724241925
1.44E-4,5.8E-5,-4.862403227306881
1.44E-4,5.9999999999999995E-5,-4.836414343830227
1.44E-4,6.2E-5,-4.81442715158472
1.44E-4,6.4E-5,-4.791341419136258
1.44E-4,6.599999999999999E-5,-4.760128996628046
1.44E-4,6.8E-5,-4.706095352166035
1.44E-4,7.0E-5,-4.602256926703441
1.44E-4,7.2E-5,-4.4349239679697305
1.44E-4,7.4E-5,-4.187988411891046
1.44E-4,7.599999999999999E-5,-3.8082385849566767
1.44E-4,7.8E-5,-3.1275034055472712
1.44E-4,7.999999999999999E-5,-2.4444444444444446
1.44E-4,8.2E-5,-2.4444444444444446
1.44E-4,8.4E-5,-2.4444444444444446
1.44E-4,8.599999999999999E-5,-2.4444444444444446
1.44E-4,8.8E-5,-2.4444444444444446
1.44E-4,8.999999999999999E-5,-2.4444444444444446
1.44E-4,9.2E-5,-2.4444444444444446
1.44E-4,9.4E-5,-2.4444444444444446
1.44E-4,9.6E-5,-2.4444444444444446
1.44E-4,9.8E-5,-2.4444444444444446
1.44E-4,9.999999999999999E-5,-2.4444444444444446
1.44E-4,1.02E-4,-2.4444444444444446
1.44E-4,1.04E-4,-2.4444444444444446
1.44E-4,1.06E-4,-2.4444444444444446
1.44E-4,1.08E-4,-2.4444444444444446
1.44E-4,1.0999999999999999E-4,-2.4444444444444446
1.44E-4,1.12E-4,-2.54662646620317
1.44E-4,1.1399999999999999E-4,-3.4056259251701384
1.44E-4,1.16E-4,-3.9044036645823548
1.44E-4,1.18E-4,-4.304663691486748
1.44E-4,1.1999999999999999E-4,-4.65342029008038
1.44E-4,1.22E-4,-4.990571076661597
1.44E-4,1.24E-4,-5.355293182554927
1.44E-4,1.26E-4,-5.77130761943611
1.44E-4,1.28E-4,-6.0
1.44E-4,1.3E-4,-6.0
1.44E-4,1.3199999999999998E-4,-6.0
1.44E-4,1.34E-4,-6.0
1.44E-4,1.36E-4,-6.0
1.44E-4,1.38E-4,-6.0
1.44E-4,1.4E-4,-6.0
1.44E-4,1.4199999999999998E-4,-6.0
1.44E-4,1.44E-4,-6.0
1.44E-4,1.46E-4,-6.0
1.44E-4,1.48E-4,-6.0
1.44E-4,1.5E-4,-6.0
1.44E-4,1.5199999999999998E-4,-6.0
1.44E-4,1.54E-4,-6.0
1.44E-4,1.56E-4,-6.0
1.44E-4,1.58E-4,-6.0
1.44E-4,1.5999999999999999E-4,-6.0
1.44E-4,1.6199999999999998E-4,-6.0
1.44E-4,1.64E-4,-6.0
1.44E-4,1.66E-4,-6.0
1.44E-4,1.68E-4,-6.0
1.44E-4,1.6999999999999999E-4,-6.0
1.44E-4,1.7199999999999998E-4,-6.0
1.44E-4,1.74E-4,-6.0
1.44E-4,1.76E-4,-6.0
1.44E-4,1.78E-4,-6.0
1.46E-4,0.0,-6.0
1.46E-4,2.0E-6,-6.0
1.46E-4,4.0E-6,-6.0
1.46E-4,6.0E-6,-6.0
1.46E-4,8.0E-6,-6.0
1.46E-4,9.999999999999999E-6,-6.0
1.46E-4,1.2E-5,-6.0
1.46E-4,1.4E-5,-6.0
1.46E-4,1.6E-5,-6.0
1.46E-4,1.8E-5,-6.0
1.46E-4,1.9999999999999998E-5,-6.0
1.46E-4,2.2E-5,-6.0
1.46E-4,2.4E-5,-6.0
1.46E-4,2.6E-5,-6.0
1.46E-4,2.8E-5,-6.0
1.46E-4,2.9999999999999997E-5,-6.0
1.46E-4,3.2E-5,-6.0
1.46E-4,3.4E-5,-6.0
1.46E-4,3.6E-5,-6.0
1.46E-4,3.7999999999999995E-5,-6.0
1.46E-4,3.9999999999999996E-5,-6.0
1.46E-4,4.2E-5,-6.0
1.46E-4,4.4E-5,-6.0
1.46E-4,4.6E-5,-5.730905256848563
1.46E-4,4.8E-5,-5.477652031514662
1.46E-4,4.9999999999999996E-5,-5.302904357725675
1.46E-4,5.2E-5,-5.144916825683057
1.46E-4,5.4E-5,-5.041251470193372
1.46E-4,5.6E-5,-4.965570955964891
1.46E-4,5.8E-5,-4.913332576938356
1.46E-4,5.9999999999999995E-5,-4.872513965340352
1.46E-4,6.2E-5,-4.84126588529443
1.46E-4,6.4E-5,-4.8116831325789144
1.46E-4,6.599999999999999E-5,-4.775569563826909
1.46E-4,6.8E-5,-4.719056030535023
1.46E-4,7.0E-5,-4.61336226953764
1.46E-4,7.2E-5,-4.444179296957225
1.46E-4,7.4E-5,-4.199092131644359
1.46E-4,7.599999999999999E-5,-3.8180423513435064
1.46E-4,7.8E-5,-3.154147535321769
1.46E-4,7.999999999999999E-5,-2.4444444444444446
1.46E-4,8.2E-5,-2.4444444444444446
1.46E-4,8.4E-5,-2.4444444444444446
1.46E-4,8.599999999999999E-5,-2.4444444444444446
1.46E-4,8.8E-5,-2.4444444444444446
1.46E-4,8.999999999999999E-5,-2.4444444444444446
1.46E-4,9.2E-5,-2.4444444444444446
1.46E-4,9.4E-5,-2.4444444444444446
1.46E-4,9.6E-5,-2.4444444444444446
1.46E-4,9.8E-5,-2.4444444444444446
1.46E-4,9.999999999999999E-5,-2.4444444444444446
1.46E-4,1.02E-4,-2.4444444444444446
1.46E-4,1.04E-4,-2.4444444444444446
1.46E-4,1.06E-4,-2.4444444444444446
1.46E-4,1.08E-4,-2.4444444444444446
1.46E-4,1.0999999999999999E-4,-2.7574813325167713
1.46E-4,1.12E-4,-3.468774199543984
1.46E-4,1.1399999999999999E-4,-3.9174311981284937
1.46E-4,1.16E-4,-4.303444346309467
1.46E-4,1.18E-4,-4.634741215812614
1.46E-4,1.1999999999999999E-4,-4.956633217603954
1.46E-4,1.22E-4,-5.301676866995665
1.46E-4,1.24E-4,-5.67649179972763
1.46E-4,1.26E-4,-6.0
1.46E-4,1.28E-4,-6.0
1.46E-4,1.3E-4,-6.0
1.46E-4,1.3199999999999998E-4,-6.0
1.46E-4,1.34E-4,-6.0
1.46E-4,1.36E-4,-6.0
1.46E-4,1.38E-4,-6.0
1.46E-4,1.4E-4,-6.0
1.46E-4,1.4199999999999998E-4,-6.0
1.46E-4,1.44E-4,-6.0
1.46E-4,1.46E-4,-6.0
1.46E-4,1.48E-4,-6.0
1.46E-4,1.5E-4,-6.0
1.46E-4,1.5199999999999998E-4,-6.0
1.46E-4,1.54E-4,-6.0
1.46E-4,1.56E-4,-6.0
1.46E-4,1.58E-4,-6.0
1.46E-4,1.5999999999999999E-4,-6.0
1.46E-4,1.6199999999999998E-4,-6.0
1.46E-4,1.64E-4,-6.0
1.46E-4,1.66E-4,-6.0
1.46E-4,1.68E-4,-6.0
1.46E-4,1.6999999999999999E-4,-6.0
1.46E-4,1.7199999999999998E-4,-6.0
1.46E-4,1.74E-4,-6.0
1.46E-4,1.76E-4,-6.0
1.46E-4,1.78E-4,-6.0
1.48E-4,0.0,-6.0
1.48E-4,2.0E-6,-6.0
1.48E-4,4.0E-6,-6.0
1.48E-4,6.0E-6,-6.0
1.48E-4,8.0E-6,-6.0
1.48E-4,9.999999999999999E-6,-6.0
1.48E-4,1.2E-5,-6.0
1.48E-4,1.4E-5,-6.0
1.48E-4,1.6E-5,-6.0
1.48E-4,1.8E-5,-6.0
1.48E-4,1.9999999999999998E-5,-6.0
1.48E-4,2.2E-5,-6.0
1.48E-4,2.4E-5,-6.0
1.48E-4,2.6E-5,-6.0
1.48E-4,2.8E-5,-6.0
1.48E-4,2.9999999999999997E-5,-6.0
1.48E-4,3.2E-5,-6.0
1.48E-4,3.4E-5,-6.0
1.48E-4,3.6E-5,-6.0
1.48E-4,3.7999999999999995E-5,-6.0
1.48E-4,3.9999999999999996E-5,-6.0
1.48E-4,4.2E-5,-6.0
1.48E-4,4.4E-5,-6.0
1.48E-4,4.6E-5,-6.0
1.48E-4,4.8E-5,-5.745156736625805
1.48E-4,4.9999999999999996E-5,-5.492771024836954
1.48E-4,5.2E-5,-5.32455583707832
1.48E-4,5.4E-5,-5.176644300060828
1.48E-4,5.6E-5,-5.06686486141707
1.48E-4,5.8E-5,-4.988411039145049
1.48E-4,5.9999999999999995E-5,-4.931002370797934
1.48E-4,6.2E-5,-4.886990422974237
1.48E-4,6.4E-5,-4.845480489312898
1.48E-4,6.599999999999999E-5,-4.8028074681301405
1.48E-4,6.8E-5,-4.741020806572886
1.48E-4,7.0E-5,-4.631130819847214
1.48E-4,7.2E-5,-4.4594779577869215
1.48E-4,7.4E-5,-4.217793701684877
1.48E-4,7.599999999999999E-5,-3.8340668437600733
1.48E-4,7.8E-5,-3.198794998867888
1.48E-4,7.999999999999999E-5,-2.4444444444444446
1.48E-4,8.2E-5,-2.4444444444444446
1.48E-4,8.4E-5,-2.4444444444444446
1.48E-4,8.599999999999999E-5,-2.4444444444444446
1.48E-4,8.8E-5,-2.4444444444444446
1.48E-4,8.999999999999999E-5,-2.4444444444444446
1.48E-4,9.2E-5,-2.4444444444444446
1.48E-4,9.4E-5,-2.4444444444444446
1.48E-4,9.6E-5,-2.4444444444444446
1.48E-4,9.8E-5,-2.4444444444444446
1.48E-4,9.999999999999999E-5,-2.4444444444444446
1.48E-4,1.02E-4,-2.4444444444444446
1.48E-4,1.04E-4,-2.4444444444444446
1.48E-4,1.06E-4,-2.4444444444444446
1.48E-4,1.08E-4,-3.0458184104357007
1.48E-4,1.0999999999999999E-4,-3.5945854263580177
1.48E-4,1.12E-4,-3.9848575739402996
1.48E-4,1.1399999999999999E-4,-4.338814286140899
1.48E-4,1.16E-4,-4.651557666516709
1.48E-4,1.18E-4,-4.956792044358261
1.48E-4,1.1999999999999999E-4,-5.288518936477693
1.48E-4,1.22E-4,-5.630885963785368
1.48E-4,1.24E-4,-6.0
1.48E-4,1.26E-4,-6.0
1.48E-4,1.28E-4,-6.0
1.48E-4,1.3E-4,-6.0
1.48E-4,1.3199999999999998E-4,-6.0
1.48E-4,1.34E-4,-6.0
1.48E-4,1.36E-4,-6.0
1.48E-4,1.38E-4,-6.0
1.48E-4,1.4E-4,-6.0
1.48E-4,1.4199999999999998E-4,-6.0
1.48E-4,1.44E-4,-6.0
1.48E-4,1.46E-4,-6.0
1.48E-4,1.48E-4,-6.0
1.48E-4,1.5E-4,-6.0
1.48E-4,1.5199999999999998E-4,-6.0
1.48E-4,1.54E-4,-6.0
1.48E-4,1.56E-4,-6.0
1.48E-4,1.58E-4,-6.0
1.48E-4,1.5999999999999999E-4,-6.0
1.48E-4,1.6199999999999998E-4,-6.0
1.48E-4,1.64E-4,-6.0
1.48E-4,1.66E-4,-6.0
1.48E-4,1.68E-4,-6.0
1.48E-4,1.6999999999999999E-4,-6.0
1.48E-4,1.7199999999999998E-4,-6.0
1.48E-4,1.74E-4,-6.0
1.48E-4,1.76E-4,-6.0
1.48E-4,1.78E-4,-6.0
1.5E-4,0.0,-6.0
1.5E-4,2.0E-6,-6.0
1.5E-4,4.0E-6,-6.0
1.5E-4,6.0E-6,-6.0
1.5E-4,8.0E-6,-6.0
1.5E-4,9.999999999999999E-6,-6.0
1.5E-4,1.2E-5,-6.0
1.5E-4,1.4E-5,-6.0
1.5E-4,1.6E-5,-6.0
1.5E-4,1.8E-5,-6.0
1.5E-4,1.9999999999999998E-5,-6.0
1.5E-4,2.2E-5,-6.0
1.5E-4,2.4E-5,-6.0
1.5E-4,2.6E-5,-6.0
1.5E-4,2.8E-5,-6.0
1.5E-4,2.9999999999999997E-5,-6.0
1.5E-4,3.2E-5,-6.0
1.5E-4,3.4E-5,-6.0
1.5E-4,3.6E-5,-6.0
1.5E-4,3.7999999999999995E-5,-6.0
1.5E-4,3.9999999999999996E-5,-6.0
1.5E-4,4.2E-5,-6.0
1.5E-4,4.4E-5,-6.0
1.5E-4,4.6E-5,-6.0
1.5E-4,4.8E-5,-6.0
1.5E-4,4.9999999999999996E-5,-5.781982940435009
1.5E-4,5.2E-5,-5.524499263715164
1.5E-4,5.4E-5,-5.366907943211609
1.5E-4,5.6E-5,-5.224449124948491
1.5E-4,5.8E-5,-5.103992095821015
1.5E-4,5.9999999999999995E-5,-5.024549766100312
1.5E-4,6.2E-5,-4.958690406655034
1.5E-4,6.4E-5,-4.906979879187087
1.5E-4,6.599999999999999E-5,-4.851480863170267
1.5E-4,6.8E-5,-4.777473327353751
1.5E-4,7.0E-5,-4.66468739152628
1.5E-4,7.2E-5,-4.487294161757425
1.5E-4,7.4E-5,-4.24297460835207
1.5E-4,7.599999999999999E-5,-3.865339478958374
1.5E-4,7.8E-5,-3.287766515299694
1.5E-4,7.999999999999999E-5,-2.4444444444444446
1.5E-4,8.2E-5,-2.4444444444444446
1.5E-4,8.4E-5,-2.4444444444444446
1.5E-4,8.599999999999999E-5,-2.4444444444444446
1.5E-4,8.8E-5,-2.4444444444444446
1.5E-4,8.999999999999999E-5,-2.4444444444444446
1.5E-4,9.2E-5,-2.4444444444444446
1.5E-4,9.4E-5,-2.4444444444444446
1.5E-4,9.6E-5,-2.4444444444444446
1.5E-4,9.8E-5,-2.4444444444444446
1.5E-4,9.999999999999999E-5,-2.4444444444444446
1.5E-4,1.02E-4,-2.4444444444444446
1.5E-4,1.04E-4,-2.7799725366259036
1.5E-4,1.06E-4,-3.3697611727900227
1.5E-4,1.08E-4,-3.7894058184196604
1.5E-4,1.0999999999999999E-4,-4.114367435047239
1.5E-4,1.12E-4,-4.404225982379325
1.5E-4,1.1399999999999999E-4,-4.701091756943924
1.5E-4,1.16E-4,-4.9885632823902615
1.5E-4,1.18E-4,-5.300334996089648
1.5E-4,1.1999999999999999E-4,-5.6345186337147535
1.5E-4,1.22E-4,-6.0
1.5E-4,1.24E-4,-6.0
1.5E-4,1.26E-4,-6.0
1.5E-4,1.28E-4,-6.0
1.5E-4,1.3E-4,-6.0
1.5E-4,1.3199999999999998E-4,-6.0
1.5E-4,1.34E-4,-6.0
1.5E-4,1.36E-4,-6.0
1.5E-4,1.38E-4,-6.0
1.5E-4,1.4E-4,-6.0
1.5E-4,1.4199999999999998E-4,-6.0
1.5E-4,1.44E-4,-6.0
1.5E-4,1.46E-4,-6.0
1.5E-4,1.48E-4,-6.0
1.5E-4,1.5E-4,-6.0
1.5E-4,1.5199999999999998E-4,-6.0
1.5E-4,1.54E-4,-6.0
1.5E-4,1.56E-4,-6.0
1.5E-4,1.58E-4,-6.0
1.5E-4,1.5999999999999999E-4,-6.0
1.5E-4,1.6199999999999998E-4,-6.0
1.5E-4,1.64E-4,-6.0
1.5E-4,1.66E-4,-6.0
1.5E-4,1.68E-4,-6.0
1.5E-4,1.6999999999999999E-4,-6.0
1.5E-4,1.7199999999999998E-4,-6.0
1.5E-4,1.74E-4,-6.0
1.5E-4,1.76E-4,-6.0
1.5E-4,1.78E-4,-6.0
1.5199999999999998E-4,0.0,-6.0
1.5199999999999998E-4,2.0E-6,-6.0
1.5199999999999998E-4,4.0E-6,-6.0
1.5199999999999998E-4,6.0E-6,-6.0
1.5199999999999998E-4,8.0E-6,-6.0
1.5199999999999998E-4,9.999999999999999E-6,-6.0
1.5199999999999998E-4,1.2E-5,-6.0
1.5199999999999998E-4,1.4E-5,-6.0
1.5199999999999998E-4,1.6E-5,-6.0
1.5199999999999998E-4,1.8E-5,-6.0
1.5199999999999998E-4,1.9999999999999998E-5,-6.0
1.5199999999999998E-4,2.2E-5,-6.0
1.5199999999999998E-4,2.4E-5,-6.0
1.5199999999999998E-4,2.6E-5,-6.0
1.5199999999999998E-4,2.8E-5,-6.0
1.5199999999999998E-4,2.9999999999999997E-5,-6.0
1.5199999999999998E-4,3.2E-5,-6.0
1.5199999999999998E-4,3.4E-5,-6.0
1.5199999999999998E-4,3.6E-5,-6.0
1.5199999999999998E-4,3.7999999999999995E-5,-6.0
1.5199999999999998E-4,3.9999999999999996E-5,-6.0
1.5199999999999998E-4,4.2E-5,-6.0
1.5199999999999998E-4,4.4E-5,-6.0
1.5199999999999998E-4,4.6E-5,-6.0
1.5199999999999998E-4,4.8E-5,-6.0
1.5199999999999998E-4,4.9999999999999996E-5,-6.0
1.5199999999999998E-4,5.2E-5,-5.850531068204566
1.5199999999999998E-4,5.4E-5,-5.597941135830867
1.5199999999999998E-4,5.6E-5,-5.427649049335621
1.5199999999999998E-4,5.8E-5,-5.295490511822591
1.5199999999999998E-4,5.9999999999999995E-5,-5.173161005475933
1.5199999999999998E-4,6.2E-5,-5.073851430661445
1.5199999999999998E-4,6.4E-5,-5.001931468101634
1.5199999999999998E-4,6.599999999999999E-5,-4.930498791370555
1.5199999999999998E-4,6.8E-5,-4.845833287634942
1.5199999999999998E-4,7.0E-5,-4.725116957831479
1.5199999999999998E-4,7.2E-5,-4.538858014408635
1.5199999999999998E-4,7.4E-5,-4.289788301677789
1.5199999999999998E-4,7.599999999999999E-5,-3.9295226135099712
1.5199999999999998E-4,7.8E-5,-3.413407079522268
1.5199999999999998E-4,7.999999999999999E-5,-2.5200420703288455
1.5199999999999998E-4,8.2E-5,-2.4444444444444446
1.5199999999999998E-4,8.4E-5,-2.4444444444444446
1.5199999999999998E-4,8.599999999999999E-5,-2.4444444444444446
1.5199999999999998E-4,8.8E-5,-2.4444444444444446
1.5199999999999998E-4,8.999999999999999E-5,-2.4444444444444446
1.5199999999999998E-4,9.2E-5,-2.4444444444444446
1.5199999999999998E-4,9.4E-5,-2.4444444444444446
1.5199999999999998E-4,9.6E-5,-2.4444444444444446
1.5199999999999998E-4,9.8E-5,-2.4444444444444446
1.5199999999999998E-4,9.999999999999999E-5,-2.8256406263944864
1.5199999999999998E-4,1.02E-4,-3.2973080025885877
1.5199999999999998E-4,1.04E-4,-3.673678404625691
1.5199999999999998E-4,1.06E-4,-3.969773981026003
1.5199999999999998E-4,1.08E-4,-4.272573965659375
1.5199999999999998E-4,1.0999999999999999E-4,-4.515465987799219
1.5199999999999998E-4,1.12E-4,-4.787238651214087
1.5199999999999998E-4,1.1399999999999999E-4,-5.047740573559462
1.5199999999999998E-4,1.16E-4,-5.352122010669612
1.5199999999999998E-4,1.18E-4,-5.683344071570667
1.5199999999999998E-4,1.1999999999999999E-4,-6.0
1.5199999999999998E-4,1.22E-4,-6.0
1.5199999999999998E-4,1.24E-4,-6.0
1.5199999999999998E-4,1.26E-4,-6.0
1.5199999999999998E-4,1.28E-4,-6.0
1.5199999999999998E-4,1.3E-4,-6.0
1.5199999999999998E-4,1.3199999999999998E-4,-6.0
1.5199999999999998E-4,1.34E-4,-6.0
1.5199999999999998E-4,1.36E-4,-6.0
1.5199999999999998E-4,1.38E-4,-6.0
1.5199999999999998E-4,1.4E-4,-6.0
1.5199999999999998E-4,1.4199999999999998E-4,-6.0
1.5199999999999998E-4,1.44E-4,-6.0
1.5199999999999998E-4,1.46E-4,-6.0
1.5199999999999998E-4,1.48E-4,-6.0
1.5199999999999998E-4,1.5E-4,-6.0
1.5199999999999998E-4,1.5199999999999998E-4,-6.0
1.5199999999999998E-4,1.54E-4,-6.0
1.5199999999999998E-4,1.56E-4,-6.0
1.5199999999999998E-4,1.58E-4,-6.0
1.5199999999999998E-4,1.5999999999999999E-4,-6.0
1.5199999999999998E-4,1.6199999999999998E-4,-6.0
1.5199999999999998E-4,1.64E-4,-6.0
1.5199999999999998E-4,1.66E-4,-6.0
1.5199999999999998E-4,1.68E-4,-6.0
1.5199999999999998E-4,1.6999999999999999E-4,-6.0
1.5199999999999998E-4,1.7199999999999998E-4,-6.0
1.5199999999999998E-4,1.74E-4,-6.0
1.5199999999999998E-4,1.76E-4,-6.0
1.5199999999999998E-4,1.78E-4,-6.0
1.54E-4,0.0,-6.0
1.54E-4,2.0E-6,-6.0
1.54E-4,4.0E-6,-6.0
1.54E-4,6.0E-6,-6.0
1.54E-4,8.0E-6,-6.0
1.54E-4,9.999999999999999E-6,-6.0
1.54E-4,1.2E-5,-6.0
1.54E-4,1.4E-5,-6.0
1.54E-4,1.6E-5,-6.0
1.54E-4,1.8E-5,-6.0
1.54E-4,1.9999999999999998E-5,-6.0
1.54E-4,2.2E-5,-6.0
1.54E-4,2.4E-5,-6.0
1.54E-4,2.6E-5,-6.0
1.54E-4,2.8E-5,-6.0
1.54E-4,2.9999999999999997E-5,-6.0
1.54E-4,3.2E-5,-6.0
1.54E-4,3.4E-5,-6.0
1.54E-4,3.6E-5,-6.0
1.54E-4,3.7999999999999995E-5,-6.0
1.54E-4,3.9999999999999996E-5,-6.0
1.54E-4,4.2E-5,-6.0
1.54E-4,4.4E-5,-6.0
1.54E-4,4.6E-5,-6.0
1.54E-4,4.8E-5,-6.0
1.54E-4,4.9999999999999996E-5,-6.0
1.54E-4,5.2E-5,-6.0
1.54E-4,5.4E-5,-5.95027318962292
1.54E-4,5.6E-5,-5.721168366458162
1.54E-4,5.8E-5,-5.514427987009471
1.54E-4,5.9999999999999995E-5,-5.385941906167231
1.54E-4,6.2E-5,-5.263426514756339
1.54E-4,6.4E-5,-5.152626865011536
1.54E-4,6.599999999999999E-5,-5.0558763515556935
1.54E-4,6.8E-5,-4.958084811482224
1.54E-4,7.0E-5,-4.822962300537557
1.54E-4,7.2E-5,-4.636528649187465
1.54E-4,7.4E-5,-4.386968636554791
1.54E-4,7.599999999999999E-5,-4.060384784793035
1.54E-4,7.8E-5,-3.6442774312590407
1.54E-4,7.999999999999999E-5,-3.064692328600547
1.54E-4,8.2E-5,-2.4444444444444446
1.54E-4,8.4E-5,-2.4444444444444446
1.54E-4,8.599999999999999E-5,-2.4444444444444446
1.54E-4,8.8E-5,-2.4444444444444446
1.54E-4,8.999999999999999E-5,-2.4444444444444446
1.54E-4,9.2E-5,-2.4735322388839496
1.54E-4,9.4E-5,-2.835803085154123
1.54E-4,9.6E-5,-3.1725531756110517
1.54E-4,9.8E-5,-3.458794280399678
1.54E-4,9.999999999999999E-5,-3.7202386826578446
1.54E-4,1.02E-4,-3.967032879274038
1.54E-4,1.04E-4,-4.227451357373837
1.54E-4,1.06E-4,-4.438250843344008
1.54E-4,1.08E-4,-4.664231479647862
1.54E-4,1.0999999999999999E-4,-4.9151668873826875
1.54E-4,1.12E-4,-5.139527758504301
1.54E-4,1.1399999999999999E-4,-5.433671927498457
1.54E-4,1.16E-4,-5.777698877321137
1.54E-4,1.18E-4,-6.0
1.54E-4,1.1999999999999999E-4,-6.0
1.54E-4,1.22E-4,-6.0
1.54E-4,1.24E-4,-6.0
1.54E-4,1.26E-4,-6.0
1.54E-4,1.28E-4,-6.0
1.54E-4,1.3E-4,-6.0
1.54E-4,1.3199999999999998E-4,-6.0
1.54E-4,1.34E-4,-6.0
1.54E-4,1.36E-4,-6.0
1.54E-4,1.38E-4,-6.0
1.54E-4,1.4E-4,-6.0
1.54E-4,1.4199999999999998E-4,-6.0
1.54E-4,1.44E-4,-6.0
1.54E-4,1.46E-4,-6.0
1.54E-4,1.48E-4,-6.0
1.54E-4,1.5E-4,-6.0
1.54E-4,1.5199999999999998E-4,-6.0
1.54E-4,1.54E-4,-6.0
1.54E-4,1.56E-4,-6.0
1.54E-4,1.58E-4,-6.0
1.54E-4,1.5999999999999999E-4,-6.0
1.54E-4,1.6199999999999998E-4,-6.0
1.54E-4,1.64E-4,-6.0
1.54E-4,1.66E-4,-6.0
1.54E-4,1.68E-4,-6.0
1.54E-4,1.6999999999999999E-4,-6.0
1.54E-4,1.7199999999999998E-4,-6.0
1.54E-4,1.74E-4,-6.0
1.54E-4,1.76E-4,-6.0
1.54E-4,1.78E-4,-6.0
1.56E-4,0.0,-6.0
1.56E-4,2.0E-6,-6.0
1.56E-4,4.0E-6,-6.0
1.56E-4,6.0E-6,-6.0
1.56E-4,8.0E-6,-6.0
1.56E-4,9.999999999999999E-6,-6.0
1.56E-4,1.2E-5,-6.0
1.56E-4,1.4E-5,-6.0
1.56E-4,1.6E-5,-6.0
1.56E-4,1.8E-5,-6.0
1.56E-4,1.9999999999999998E-5,-6.0
1.56E-4,2.2E-5,-6.0
1.56E-4,2.4E-5,-6.0
1.56E-4,2.6E-5,-6.0
1.56E-4,2.8E-5,-6.0
1.56E-4,2.9999999999999997E-5,-6.0
1.56E-4,3.2E-5,-6.0
1.56E-4,3.4E-5,-6.0
1.56E-4,3.6E-5,-6.0
1.56E-4,3.7999999999999995E-5,-6.0
1.56E-4,3.9999999999999996E-5,-6.0
1.56E-4,4.2E-5,-6.0
1.56E-4,4.4E-5,-6.0
1.56E-4,4.6E-5,-6.0
1.56E-4,4.8E-5,-6.0
1.56E-4,4.9999999999999996E-5,-6.0
1.56E-4,5.2E-5,-6.0
1.56E-4,5.4E-5,-6.0
1.56E-4,5.6E-5,-6.0
1.56E-4,5.8E-5,-5.869198427276607
1.56E-4,5.9999999999999995E-5,-5.6621964316329905
1.56E-4,6.2E-5,-5.494246573785019
1.56E-4,6.4E-5,-5.378890522974949
1.56E-4,6.599999999999999E-5,-5.26168500857348
1.56E-4,6.8E-5,-5.123649540898499
1.56E-4,7.0E-5,-4.976442110054843
1.56E-4,7.2E-5,-4.790119370161945
1.56E-4,7.4E-5,-4.54731877250601
1.56E-4,7.599999999999999E-5,-4.279386708219082
1.56E-4,7.8E-5,-3.9553638527774035
1.56E-4,7.999999999999999E-5,-3.6416567575698395
1.56E-4,8.2E-5,-3.389377772311022
1.56E-4,8.4E-5,-3.2457788928500158
1.56E-4,8.599999999999999E-5,-3.2395140794936683
1.56E-4,8.8E-5,-3.327593436939118
1.56E-4,8.999999999999999E-5,-3.4305331366358462
1.56E-4,9.2E-5,-3.579770162427419
1.56E-4,9.4E-5,-3.7754389766053236
1.56E-4,9.6E-5,-3.9162491176129963
1.56E-4,9.8E-5,-4.102498559035575
1.56E-4,9.999999999999999E-5,-4.2782267492012584
1.56E-4,1.02E-4,-4.446473834875221
1.56E-4,1.04E-4,-4.638234634696348
1.56E-4,1.06E-4,-4.846996013748209
1.56E-4,1.08E-4,-5.051925799844702
1.56E-4,1.0999999999999999E-4,-5.3032333964636855
1.56E-4,1.12E-4,-5.545832036885601
1.56E-4,1.1399999999999999E-4,-5.913513340863924
1.56E-4,1.16E-4,-6.0
1.56E-4,1.18E-4,-6.0
1.56E-4,1.1999999999999999E-4,-6.0
1.56E-4,1.22E-4,-6.0
1.56E-4,1.24E-4,-6.0
1.56E-4,1.26E-4,-6.0
1.56E-4,1.28E-4,-6.0
1.56E-4,1.3E-4,-6.0
1.56E-4,1.3199999999999998E-4,-6.0
1.56E-4,1.34E-4,-6.0
1.56E-4,1.36E-4,-6.0
1.56E-4,1.38E-4,-6.0
1.56E-4,1.4E-4,-6.0
1.56E-4,1.4199999999999998E-4,-6.0
1.56E-4,1.44E-4,-6.0
1.56E-4,1.46E-4,-6.0
1.56E-4,1.48E-4,-6.0
1.56E-4,1.5E-4,-6.0
1.56E-4,1.5199999999999998E-4,-6.0
1.56E-4,1.54E-4,-6.0
1.56E-4,1.56E-4,-6.0
1.56E-4,1.58E-4,-6.0
1.56E-4,1.5999999999999999E-4,-6.0
1.56E-4,1.6199999999999998E-4,-6.0
1.56E-4,1.64E-4,-6.0
1.56E-4,1.66E-4,-6.0
1.56E-4,1.68E-4,-6.0
1.56E-4,1.6999999999999999E-4,-6.0
1.56E-4,1.7199999999999998E-4,-6.0
1.56E-4,1.74E-4,-6.0
1.56E-4,1.76E-4,-6.0
1.56E-4,1.78E-4,-6.0
1.58E-4,0.0,-6.0
1.58E-4,2.0E-6,-6.0
1.58E-4,4.0E-6,-6.0
1.58E-4,6.0E-6,-6.0
1.58E-4,8.0E-6,-6.0
1.58E-4,9.999999999999999E-6,-6.0
1.58E-4,1.2E-5,-6.0
1.58E-4,1.4E-5,-6.0
1.58E-4,1.6E-5,-6.0
1.58E-4,1.8E-5,-6.0
1.58E-4,1.9999999999999998E-5,-6.0
1.58E-4,2.2E-5,-6.0
1.58E-4,2.4E-5,-6.0
1.58E-4,2.6E-5,-6.0
1.58E-4,2.8E-5,-6.0
1.58E-4,2.9999999999999997E-5,-6.0
1.58E-4,3.2E-5,-6.0
1.58E-4,3.4E-5,-6.0
1.58E-4,3.6E-5,-6.0
1.58E-4,3.7999999999999995E-5,-6.0
1.58E-4,3.9999999999999996E-5,-6.0
1.58E-4,4.2E-5,-6.0
1.58E-4,4.4E-5,-6.0
1.58E-4,4.6E-5,-6.0
1.58E-4,4.8E-5,-6.0
1.58E-4,4.9999999999999996E-5,-6.0
1.58E-4,5.2E-5,-6.0
1.58E-4,5.4E-5,-6.0
1.58E-4,5.6E-5,-6.0
1.58E-4,5.8E-5,-6.0
1.58E-4,5.9999999999999995E-5,-6.0
1.58E-4,6.2E-5,-5.856081078427544
1.58E-4,6.4E-5,-5.66922991397542
1.58E-4,6.599999999999999E-5,-5.505095662617613
1.58E-4,6.8E-5,-5.371366381547205
1.58E-4,7.0E-5,-5.200353374896976
1.58E-4,7.2E-5,-5.004305562727501
1.58E-4,7.4E-5,-4.784510099229363
1.58E-4,7.599999999999999E-5,-4.548695237268397
1.58E-4,7.8E-5,-4.329077452948843
1.58E-4,7.999999999999999E-5,-4.145927249659938
1.58E-4,8.2E-5,-4.011226152645588
1.58E-4,8.4E-5,-3.9589094592455343
1.58E-4,8.599999999999999E-5,-3.971194058939891
1.58E-4,8.8E-5,-4.017933783643229
1.58E-4,8.999999999999999E-5,-4.101510037624187
1.58E-4,9.2E-5,-4.211603635266053
1.58E-4,9.4E-5,-4.309623176483782
1.58E-4,9.6E-5,-4.42743103213555
1.58E-4,9.8E-5,-4.568226789450917
1.58E-4,9.999999999999999E-5,-4.714628808210755
1.58E-4,1.02E-4,-4.873616187912721
1.58E-4,1.04E-4,-5.050586108923989
1.58E-4,1.06E-4,-5.247870525821951
1.58E-4,1.08E-4,-5.480621611231298
1.58E-4,1.0999999999999999E-4,-5.74782833267221
1.58E-4,1.12E-4,-6.0
1.58E-4,1.1399999999999999E-4,-6.0
1.58E-4,1.16E-4,-6.0
1.58E-4,1.18E-4,-6.0
1.58E-4,1.1999999999999999E-4,-6.0
1.58E-4,1.22E-4,-6.0
1.58E-4,1.24E-4,-6.0
1.58E-4,1.26E-4,-6.0
1.58E-4,1.28E-4,-6.0
1.58E-4,1.3E-4,-6.0
1.58E-4,1.3199999999999998E-4,-6.0
1.58E-4,1.34E-4,-6.0
1.58E-4,1.36E-4,-6.0
1.58E-4,1.38E-4,-6.0
1.58E-4,1.4E-4,-6.0
1.58E-4,1.4199999999999998E-4,-6.0
1.58E-4,1.44E-4,-6.0
1.58E-4,1.46E-4,-6.0
1.58E-4,1.48E-4,-6.0
1.58E-4,1.5E-4,-6.0
1.58E-4,1.5199999999999998E-4,-6.0
1.58E-4,1.54E-4,-6.0
1.58E-4,1.56E-4,-6.0
1.58E-4,1.58E-4,-6.0
1.58E-4,1.5999999999999999E-4,-6.0
1.58E-4,1.6199999999999998E-4,-6.0
1.58E-4,1.64E-4,-6.0
1.58E-4,1.66E-4,-6.0
1.58E-4,1.68E-4,-6.0
1.58E-4,1.6999999999999999E-4,-6.0
1.58E-4,1.7199999999999998E-4,-6.0
1.58E-4,1.74E-4,-6.0
1.58E-4,1.76E-4,-6.0
1.58E-4,1.78E-4,-6.0
1.5999999999999999E-4,0.0,-6.0
1.5999999999999999E-4,2.0E-6,-6.0
1.5999999999999999E-4,4.0E-6,-6.0
1.5999999999999999E-4,6.0E-6,-6.0
1.5999999999999999E-4,8.0E-6,-6.0
1.5999999999999999E-4,9.999999999999999E-6,-6.0
1.5999999999999999E-4,1.2E-5,-6.0
1.5999999999999999E-4,1.4E-5,-6.0
1.5999999999999999E-4,1.6E-5,-6.0
1.5999999999999999E-4,1.8E-5,-6.0
1.5999999999999999E-4,1.9999999999999998E-5,-6.0
1.5999999999999999E-4,2.2E-5,-6.0
1.5999999999999999E-4,2.4E-5,-6.0
1.5999999999999999E-4,2.6E-5,-6.0
1.5999999999999999E-4,2.8E-5,-6.0
1.5999999999999999E-4,2.9999999999999997E-5,-6.0
1.5999999999999999E-4,3.2E-5,-6.0
1.5999999999999999E-4,3.4E-5,-6.0
1.5999999999999999E-4,3.6E-5,-6.0
1.5999999999999999E-4,3.7999999999999995E-5,-6.0
1.5999999999999999E-4,3.9999999999999996E-5,-6.0
1.5999999999999999E-4,4.2E-5,-6.0
1.5999999999999999E-4,4.4E-5,-6.0
1.5999999999999999E-4,4.6E-5,-6.0
1.5999999999999999E-4,4.8E-5,-6.0
1.5999999999999999E-4,4.9999999999999996E-5,-6.0
1.5999999999999999E-4,5.2E-5,-6.0
1.5999999999999999E-4,5.4E-5,-6.0
1.5999999999999999E-4,5.6E-5,-6.0
1.5999999999999999E-4,5.8E-5,-6.0
1.5999999999999999E-4,5.9999999999999995E-5,-6.0
1.5999999999999999E-4,6.2E-5,-6.0
1.5999999999999999E-4,6.4E-5,-6.0
1.5999999999999999E-4,6.599999999999999E-5,-5.892593024338791
1.5999999999999999E-4,6.8E-5,-5.696799514676536
1.5999999999999999E-4,7.0E-5,-5.482962430860317
1.5999999999999999E-4,7.2E-5,-5.287416766368533
1.5999999999999999E-4,7.4E-5,-5.067092268571132
1.5999999999999999E-4,7.599999999999999E-5,-4.880304792667293
1.5999999999999999E-4,7.8E-5,-4.709291367829334
1.5999999999999999E-4,7.999999999999999E-5,-4.58182431797582
1.5999999999999999E-4,8.2E-5,-4.504972044459086
1.5999999999999999E-4,8.4E-5,-4.472845009939844
1.5999999999999999E-4,8.599999999999999E-5,-4.488344892101809
1.5999999999999999E-4,8.8E-5,-4.527546473932388
1.5999999999999999E-4,8.999999999999999E-5,-4.58317241630512
1.5999999999999999E-4,9.2E-5,-4.666379461474776
1.5999999999999999E-4,9.4E-5,-4.76279897960251
1.5999999999999999E-4,9.6E-5,-4.874723485793645
1.5999999999999999E-4,9.8E-5,-5.000149868794259
1.5999999999999999E-4,9.999999999999999E-5,-5.132932067038126
1.5999999999999999E-4,1.02E-4,-5.307392347193732
1.5999999999999999E-4,1.04E-4,-5.491911974780644
1.5999999999999999E-4,1.06E-4,-5.72891766706771
1.5999999999999999E-4,1.08E-4,-5.979374638353729
1.5999999999999999E-4,1.0999999999999999E-4,-6.0
1.5999999999999999E-4,1.12E-4,-6.0
1.5999999999999999E-4,1.1399999999999999E-4,-6.0
1.5999999999999999E-4,1.16E-4,-6.0
1.5999999999999999E-4,1.18E-4,-6.0
1.5999999999999999E-4,1.1999999999999999E-4,-6.0
1.5999999999999999E-4,1.22E-4,-6.0
1.5999999999999999E-4,1.24E-4,-6.0
1.5999999999999999E-4,1.26E-4,-6.0
1.5999999999999999E-4,1.28E-4,-6.0
1.5999999999999999E-4,1.3E-4,-6.0
1.5999999999999999E-4,1.3199999999999998E-4,-6.0
1.5999999999999999E-4,1.34E-4,-6.0
1.5999999999999999E-4,1.36E-4,-6.0
1.5999999999999999E-4,1.38E-4,-6.0
1.5999999999999999E-4,1.4E-4,-6.0
1.5999999999999999E-4,1.4199999999999998E-4,-6.0
1.5999999999999999E-4,1.44E-4,-6.0
1.5999999999999999E-4,1.46E-4,-6.0
1.5999999999999999E-4,1.48E-4,-6.0
1.5999999999999999E-4,1.5E-4,-6.0
1.5999999999999999E-4,1.5199999999999998E-4,-6.0
1.5999999999999999E-4,1.54E-4,-6.0
1.5999999999999999E-4,1.56E-4,-6.0
1.5999999999999999E-4,1.58E-4,-6.0
1.5999999999999999E-4,1.5999999999999999E-4,-6.0
1.5999999999999999E-4,1.6199999999999998E-4,-6.0
1.5999999999999999E-4,1.64E-4,-6.0
1.5999999999999999E-4,1.66E-4,-6.0
1.5999999999999999E-4,1.68E-4,-6.0
1.5999999999999999E-4,1.6999999999999999E-4,-6.0
1.5999999999999999E-4,1.7199999999999998E-4,-6.0
1.5999999999999999E-4,1.74E-4,-6.0
1.5999999999999999E-4,1.76E-4,-6.0
1.5999999999999999E-4,1.78E-4,-6.0
1.6199999999999998E-4,0.0,-6.0
1.6199999999999998E-4,2.0E-6,-6.0
1.6199999999999998E-4,4.0E-6,-6.0
1.6199999999999998E-4,6.0E-6,-6.0
1.6199999999999998E-4,8.0E-6,-6.0
1.6199999999999998E-4,9.999999999999999E-6,-6.0
1.6199999999999998E-4,1.2E-5,-6.0
1.6199999999999998E-4,1.4E-5,-6.0
1.6199999999999998E-4,1.6E-5,-6.0
1.6199999999999998E-4,1.8E-5,-6.0
1.6199999999999998E-4,1.9999999999999998E-5,-6.0
1.6199999999999998E-4,2.2E-5,-6.0
1.6199999999999998E-4,2.4E-5,-6.0
1.6199999999999998E-4,2.6E-5,-6.0
1.6199999999999998E-4,2.8E-5,-6.0
1.6199999999999998E-4,2.9999999999999997E-5,-6.0
1.6199999999999998E-4,3.2E-5,-6.0
1.6199999999999998E-4,3.4E-5,-6.0
1.6199999999999998E-4,3.6E-5,-6.0
1.6199999999999998E-4,3.7999999999999995E-5,-6.0
1.6199999999999998E-4,3.9999999999999996E-5,-6.0
1.6199999999999998E-4,4.2E-5,-6.0
1.6199999999999998E-4,4.4E-5,-6.0
1.6199999999999998E-4,4.6E-5,-6.0
1.6199999999999998E-4,4.8E-5,-6.0
1.6199999999999998E-4,4.9999999999999996E-5,-6.0
1.6199999999999998E-4,5.2E-5,-6.0
1.6199999999999998E-4,5.4E-5,-6.0
1.6199999999999998E-4,5.6E-5,-6.0
1.6199999999999998E-4,5.8E-5,-6.0
1.6199999999999998E-4,5.9999999999999995E-5,-6.0
1.6199999999999998E-4,6.2E-5,-6.0
1.6199999999999998E-4,6.4E-5,-6.0
1.6199999999999998E-4,6.599999999999999E-5,-6.0
1.6199999999999998E-4,6.8E-5,-6.0
1.6199999999999998E-4,7.0E-5,-5.89897219267709
1.6199999999999998E-4,7.2E-5,-5.656422448487568
1.6199999999999998E-4,7.4E-5,-5.434612310184027
1.6199999999999998E-4,7.599999999999999E-5,-5.251679827320743
1.6199999999999998E-4,7.8E-5,-5.091661488883798
1.6199999999999998E-4,7.999999999999999E-5,-5.000124478042625
1.6199999999999998E-4,8.2E-5,-4.94770909069147
1.6199999999999998E-4,8.4E-5,-4.929987238191946
1.6199999999999998E-4,8.599999999999999E-5,-4.942102732302104
1.6199999999999998E-4,8.8E-5,-4.982029695052329
1.6199999999999998E-4,8.999999999999999E-5,-5.035150421323346
1.6199999999999998E-4,9.2E-5,-5.1054236476057975
1.6199999999999998E-4,9.4E-5,-5.210698615590077
1.6199999999999998E-4,9.6E-5,-5.32996460941086
1.6199999999999998E-4,9.8E-5,-5.449666318287212
1.6199999999999998E-4,9.999999999999999E-5,-5.613945338322402
1.6199999999999998E-4,1.02E-4,-5.8199794884315255
1.6199999999999998E-4,1.04E-4,-5.997512701568532
1.6199999999999998E-4,1.06E-4,-6.0
1.6199999999999998E-4,1.08E-4,-6.0
1.6199999999999998E-4,1.0999999999999999E-4,-6.0
1.6199999999999998E-4,1.12E-4,-6.0
1.6199999999999998E-4,1.1399999999999999E-4,-6.0
1.6199999999999998E-4,1.16E-4,-6.0
1.6199999999999998E-4,1.18E-4,-6.0
1.6199999999999998E-4,1.1999999999999999E-4,-6.0
1.6199999999999998E-4,1.22E-4,-6.0
1.6199999999999998E-4,1.24E-4,-6.0
1.6199999999999998E-4,1.26E-4,-6.0
1.6199999999999998E-4,1.28E-4,-6.0
1.6199999999999998E-4,1.3E-4,-6.0
1.6199999999999998E-4,1.3199999999999998E-4,-6.0
1.6199999999999998E-4,1.34E-4,-6.0
1.6199999999999998E-4,1.36E-4,-6.0
1.6199999999999998E-4,1.38E-4,-6.0
1.6199999999999998E-4,1.4E-4,-6.0
1.6199999999999998E-4,1.4199999999999998E-4,-6.0
1.6199999999999998E-4,1.44E-4,-6.0
1.6199999999999998E-4,1.46E-4,-6.0
1.6199999999999998E-4,1.48E-4,-6.0
1.6199999999999998E-4,1.5E-4,-6.0
1.6199999999999998E-4,1.5199999999999998E-4,-6.0
1.6199999999999998E-4,1.54E-4,-6.0
1.6199999999999998E-4,1.56E-4,-6.0
1.6199999999999998E-4,1.58E-4,-6.0
1.6199999999999998E-4,1.5999999999999999E-4,-6.0
1.6199999999999998E-4,1.6199999999999998E-4,-6.0
1.6199999999999998E-4,1.64E-4,-6.0
1.6199999999999998E-4,1.66E-4,-6.0
1.6199999999999998E-4,1.68E-4,-6.0
1.6199999999999998E-4,1.6999999999999999E-4,-6.0
1.6199999999999998E-4,1.7199999999999998E-4,-6.0
1.6199999999999998E-4,1.74E-4,-6.0
1.6199999999999998E-4,1.76E-4,-6.0
1.6199999999999998E-4,1.78E-4,-6.0
1.64E-4,0.0,-6.0
1.64E-4,2.0E-6,-6.0
1.64E-4,4.0E-6,-6.0
1.64E-4,6.0E-6,-6.0
1.64E-4,8.0E-6,-6.0
1.64E-4,9.999999999999999E-6,-6.0
1.64E-4,1.2E-5,-6.0
1.64E-4,1.4E-5,-6.0
1.64E-4,1.6E-5,-6.0
1.64E-4,1.8E-5,-6.0
1.64E-4,1.9999999999999998E-5,-6.0
1.64E-4,2.2E-5,-6.0
1.64E-4,2.4E-5,-6.0
1.64E-4,2.6E-5,-6.0
1.64E-4,2.8E-5,-6.0
1.64E-4,2.9999999999999997E-5,-6.0
1.64E-4,3.2E-5,-6.0
1.64E-4,3.4E-5,-6.0
1.64E-4,3.6E-5,-6.0
1.64E-4,3.7999999999999995E-5,-6.0
1.64E-4,3.9999999999999996E-5,-6.0
1.64E-4,4.2E-5,-6.0
1.64E-4,4.4E-5,-6.0
1.64E-4,4.6E-5,-6.0
1.64E-4,4.8E-5,-6.0
1.64E-4,4.9999999999999996E-5,-6.0
1.64E-4,5.2E-5,-6.0
1.64E-4,5.4E-5,-6.0
1.64E-4,5.6E-5,-6.0
1.64E-4,5.8E-5,-6.0
1.64E-4,5.9999999999999995E-5,-6.0
1.64E-4,6.2E-5,-6.0
1.64E-4,6.4E-5,-6.0
1.64E-4,6.599999999999999E-5,-6.0
1.64E-4,6.8E-5,-6.0
1.64E-4,7.0E-5,-6.0
1.64E-4,7.2E-5,-6.0
1.64E-4,7.4E-5,-5.917799119047318
1.64E-4,7.599999999999999E-5,-5.705870681534005
1.64E-4,7.8E-5,-5.537792943171156
1.64E-4,7.999999999999999E-5,-5.462878986675329
1.64E-4,8.2E-5,-5.416841629396547
1.64E-4,8.4E-5,-5.399580826766732
1.64E-4,8.599999999999999E-5,-5.4167085131935195
1.64E-4,8.8E-5,-5.449414380213985
1.64E-4,8.999999999999999E-5,-5.510431792065401
1.64E-4,9.2E-5,-5.584748395861796
1.64E-4,9.4E-5,-5.7077346880054165
1.64E-4,9.6E-5,-5.850364240085181
1.64E-4,9.8E-5,-5.986040673340221
1.64E-4,9.999999999999999E-5,-6.0
1.64E-4,1.02E-4,-6.0
1.64E-4,1.04E-4,-6.0
1.64E-4,1.06E-4,-6.0
1.64E-4,1.08E-4,-6.0
1.64E-4,1.0999999999999999E-4,-6.0
1.64E-4,1.12E-4,-6.0
1.64E-4,1.1399999999999999E-4,-6.0
1.64E-4,1.16E-4,-6.0
1.64E-4,1.18E-4,-6.0
1.64E-4,1.1999999999999999E-4,-6.0
1.64E-4,1.22E-4,-6.0
1.64E-4,1.24E-4,-6.0
1.64E-4,1.26E-4,-6.0
1.64E-4,1.28E-4,-6.0
1.64E-4,1.3E-4,-6.0
1.64E-4,1.3199999999999998E-4,-6.0
1.64E-4,1.34E-4,-6.0
1.64E-4,1.36E-4,-6.0
1.64E-4,1.38E-4,-6.0
1.64E-4,1.4E-4,-6.0
1.64E-4,1.4199999999999998E-4,-6.0
1.64E-4,1.44E-4,-6.0
1.64E-4,1.46E-4,-6.0
1.64E-4,1.48E-4,-6.0
1.64E-4,1.5E-4,-6.0
1.64E-4,1.5199999999999998E-4,-6.0
1.64E-4,1.54E-4,-6.0
1.64E-4,1.56E-4,-6.0
1.64E-4,1.58E-4,-6.0
1.64E-4,1.5999999999999999E-4,-6.0
1.64E-4,1.6199999999999998E-4,-6.0
1.64E-4,1.64E-4,-6.0
1.64E-4,1.66E-4,-6.0
1.64E-4,1.68E-4,-6.0
1.64E-4,1.6999999999999999E-4,-6.0
1.64E-4,1.7199999999999998E-4,-6.0
1.64E-4,1.74E-4,-6.0
1.64E-4,1.76E-4,-6.0
1.64E-4,1.78E-4,-6.0
1.66E-4,0.0,-6.0
1.66E-4,2.0E-6,-6.0
1.66E-4,4.0E-6,-6.0
1.66E-4,6.0E-6,-6.0
1.66E-4,8.0E-6,-6.0
1.66E-4,9.999999999999999E-6,-6.0
1.66E-4,1.2E-5,-6.0
1.66E-4,1.4E-5,-6.0
1.66E-4,1.6E-5,-6.0
1.66E-4,1.8E-5,-6.0
1.66E-4,1.9999999999999998E-5,-6.0
1.66E-4,2.2E-5,-6.0
1.66E-4,2.4E-5,-6.0
1.66E-4,2.6E-5,-6.0
1.66E-4,2.8E-5,-6.0
1.66E-4,2.9999999999999997E-5,-6.0
1.66E-4,3.2E-5,-6.0
1.66E-4,3.4E-5,-6.0
1.66E-4,3.6E-5,-6.0
1.66E-4,3.7999999999999995E-5,-6.0
1.66E-4,3.9999999999999996E-5,-6.0
1.66E-4,4.2E-5,-6.0
1.66E-4,4.4E-5,-6.0
1.66E-4,4.6E-5,-6.0
1.66E-4,4.8E-5,-6.0
1.66E-4,4.9999999999999996E-5,-6.0
1.66E-4,5.2E-5,-6.0
1.66E-4,5.4E-5,-6.0
1.66E-4,5.6E-5,-6.0
1.66E-4,5.8E-5,-6.0
1.66E-4,5.9999999999999995E-5,-6.0
1.66E-4,6.2E-5,-6.0
1.66E-4,6.4E-5,-6.0
1.66E-4,6.599999999999999E-5,-6.0
1.66E-4,6.8E-5,-6.0
1.66E-4,7.0E-5,-6.0
1.66E-4,7.2E-5,-6.0
1.66E-4,7.4E-5,-6.0
1.66E-4,7.599999999999999E-5,-6.0
1.66E-4,7.8E-5,-6.0
1.66E-4,7.999999999999999E-5,-6.0
1.66E-4,8.2E-5,-5.9888347059459015
1.66E-4,8.4E-5,-5.975360579158777
1.66E-4,8.599999999999999E-5,-5.989468785172777
1.66E-4,8.8E-5,-6.0
1.66E-4,8.999999999999999E-5,-6.0
1.66E-4,9.2E-5,-6.0
1.66E-4,9.4E-5,-6.0
1.66E-4,9.6E-5,-6.0
1.66E-4,9.8E-5,-6.0
1.66E-4,9.999999999999999E-5,-6.0
1.66E-4,1.02E-4,-6.0
1.66E-4,1.04E-4,-6.0
1.66E-4,1.06E-4,-6.0
1.66E-4,1.08E-4,-6.0
1.66E-4,1.0999999999999999E-4,-6.0
1.66E-4,1.12E-4,-6.0
1.66E-4,1.1399999999999999E-4,-6.0
1.66E-4,1.16E-4,-6.0
1.66E-4,1.18E-4,-6.0
1.66E-4,1.1999999999999999E-4,-6.0
1.66E-4,1.22E-4,-6.0
1.66E-4,1.24E-4,-6.0
1.66E-4,1.26E-4,-6.0
1.66E-4,1.28E-4,-6.0
1.66E-4,1.3E-4,-6.0
1.66E-4,1.3199999999999998E-4,-6.0
1.66E-4,1.34E-4,-6.0
1.66E-4,1.36E-4,-6.0
1.66E-4,1.38E-4,-6.0
1.66E-4,1.4E-4,-6.0
1.66E-4,1.4199999999999998E-4,-6.0
1.66E-4,1.44E-4,-6.0
1.66E-4,1.46E-4,-6.0
1.66E-4,1.48E-4,-6.0
1.66E-4,1.5E-4,-6.0
1.66E-4,1.5199999999999998E-4,-6.0
1.66E-4,1.54E-4,-6.0
1.66E-4,1.56E-4,-6.0
1.66E-4,1.58E-4,-6.0
1.66E-4,1.5999999999999999E-4,-6.0
1.66E-4,1.6199999999999998E-4,-6.0
1.66E-4,1.64E-4,-6.0
1.66E-4,1.66E-4,-6.0
1.66E-4,1.68E-4,-6.0
1.66E-4,1.6999999999999999E-4,-6.0
1.66E-4,1.7199999999999998E-4,-6.0
1.66E-4,1.74E-4,-6.0
1.66E-4,1.76E-4,-6.0
1.66E-4,1.78E-4,-6.0
1.68E-4,0.0,-6.0
1.68E-4,2.0E-6,-6.0
1.68E-4,4.0E-6,-6.0
1.68E-4,6.0E-6,-6.0
1.68E-4,8.0E-6,-6.0
1.68E-4,9.999999999999999E-6,-6.0
1.68E-4,1.2E-5,-6.0
1.68E-4,1.4E-5,-6.0
1.68E-4,1.6E-5,-6.0
1.68E-4,1.8E-5,-6.0
1.68E-4,1.9999999999999998E-5,-6.0
1.68E-4,2.2E-5,-6.0
1.68E-4,2.4E-5,-6.0
1.68E-4,2.6E-5,-6.0
1.68E-4,2.8E-5,-6.0
1.68E-4,2.9999999999999997E-5,-6.0
1.68E-4,3.2E-5,-6.0
1.68E-4,3.4E-5,-6.0
1.68E-4,3.6E-5,-6.0
1.68E-4,3.7999999999999995E-5,-6.0
1.68E-4,3.9999999999999996E-5,-6.0
1.68E-4,4.2E-5,-6.0
1.68E-4,4.4E-5,-6.0
1.68E-4,4.6E-5,-6.0
1.68E-4,4.8E-5,-6.0
1.68E-4,4.9999999999999996E-5,-6.0
1.68E-4,5.2E-5,-6.0
1.68E-4,5.4E-5,-6.0
1.68E-4,5.6E-5,-6.0
1.68E-4,5.8E-5,-6.0
1.68E-4,5.9999999999999995E-5,-6.0
1.68E-4,6.2E-5,-6.0
1.68E-4,6.4E-5,-6.0
1.68E-4,6.599999999999999E-5,-6.0
1.68E-4,6.8E-5,-6.0
1.68E-4,7.0E-5,-6.0
1.68E-4,7.2E-5,-6.0
1.68E-4,7.4E-5,-6.0
1.68E-4,7.599999999999999E-5,-6.0
1.68E-4,7.8E-5,-6.0
1.68E-4,7.999999999999999E-5,-6.0
1.68E-4,8.2E-5,-6.0
1.68E-4,8.4E-5,-6.0
1.68E-4,8.599999999999999E-5,-6.0
1.68E-4,8.8E-5,-6.0
1.68E-4,8.999999999999999E-5,-6.0
1.68E-4,9.2E-5,-6.0
1.68E-4,9.4E-5,-6.0
1.68E-4,9.6E-5,-6.0
1.68E-4,9.8E-5,-6.0
1.68E-4,9.999999999999999E-5,-6.0
1.68E-4,1.02E-4,-6.0
1.68E-4,1.04E-4,-6.0
1.68E-4,1.06E-4,-6.0
1.68E-4,1.08E-4,-6.0
1.68E-4,1.0999999999999999E-4,-6.0
1.68E-4,1.12E-4,-6.0
1.68E-4,1.1399999999999999E-4,-6.0
1.68E-4,1.16E-4,-6.0
1.68E-4,1.18E-4,-6.0
1.68E-4,1.1999999999999999E-4,-6.0
1.68E-4,1.22E-4,-6.0
1.68E-4,1.24E-4,-6.0
1.68E-4,1.26E-4,-6.0
1.68E-4,1.28E-4,-6.0
1.68E-4,1.3E-4,-6.0
1.68E-4,1.3199999999999998E-4,-6.0
1.68E-4,1.34E-4,-6.0
1.68E-4,1.36E-4,-6.0
1.68E-4,1.38E-4,-6.0
1.68E-4,1.4E-4,-6.0
1.68E-4,1.4199999999999998E-4,-6.0
1.68E-4,1.44E-4,-6.0
1.68E-4,1.46E-4,-6.0
1.68E-4,1.48E-4,-6.0
1.68E-4,1.5E-4,-6.0
1.68E-4,1.5199999999999998E-4,-6.0
1.68E-4,1.54E-4,-6.0
1.68E-4,1.56E-4,-6.0
1.68E-4,1.58E-4,-6.0
1.68E-4,1.5999999999999999E-4,-6.0
1.68E-4,1.6199999999999998E-4,-6.0
1.68E-4,1.64E-4,-6.0
1.68E-4,1.66E-4,-6.0
1.68E-4,1.68E-4,-6.0
1.68E-4,1.6999999999999999E-4,-6.0
1.68E-4,1.7199999999999998E-4,-6.0
1.68E-4,1.74E-4,-6.0
1.68E-4,1.76E-4,-6.0
1.68E-4,1.78E-4,-6.0
1.6999999999999999E-4,0.0,-6.0
1.6999999999999999E-4,2.0E-6,-6.0
1.6999999999999999E-4,4.0E-6,-6.0
1.6999999999999999E-4,6.0E-6,-6.0
1.6999999999999999E-4,8.0E-6,-6.0
1.6999999999999999E-4,9.999999999999999E-6,-6.0
1.6999999999999999E-4,1.2E-5,-6.0
1.6999999999999999E-4,1.4E-5,-6.0
1.6999999999999999E-4,1.6E-5,-6.0
1.6999999999999999E-4,1.8E-5,-6.0
1.6999999999999999E-4,1.9999999999999998E-5,-6.0
1.6999999999999999E-4,2.2E-5,-6.0
1.6999999999999999E-4,2.4E-5,-6.0
1.6999999999999999E-4,2.6E-5,-6.0
1.6999999999999999E-4,2.8E-5,-6.0
1.6999999999999999E-4,2.9999999999999997E-5,-6.0
1.6999999999999999E-4,3.2E-5,-6.0
1.6999999999999999E-4,3.4E-5,-6.0
1.6999999999999999E-4,3.6E-5,-6.0
1.6999999999999999E-4,3.7999999999999995E-5,-6.0
1.6999999999999999E-4,3.9999999999999996E-5,-6.0
1.6999999999999999E-4,4.2E-5,-6.0
1.6999999999999999E-4,4.4E-5,-6.0
1.6999999999999999E-4,4.6E-5,-6.0
1.6999999999999999E-4,4.8E-5,-6.0
1.6999999999999999E-4,4.9999999999999996E-5,-6.0
1.6999999999999999E-4,5.2E-5,-6.0
1.6999999999999999E-4,5.4E-5,-6.0
1.6999999999999999E-4,5.6E-5,-6.0
1.6999999999999999E-4,5.8E-5,-6.0
1.6999999999999999E-4,5.9999999999999995E-5,-6.0
1.6999999999999999E-4,6.2E-5,-6.0
1.6999999999999999E-4,6.4E-5,-6.0
1.6999999999999999E-4,6.599999999999999E-5,-6.0
1.6999999999999999E-4,6.8E-5,-6.0
1.6999999999999999E-4,7.0E-5,-6.0
1.6999999999999999E-4,7.2E-5,-6.0
1.6999999999999999E-4,7.4E-5,-6.0
1.6999999999999999E-4,7.599999999999999E-5,-6.0
1.6999999999999999E-4,7.8E-5,-6.0
1.6999999999999999E-4,7.999999999999999E-5,-6.0
1.6999999999999999E-4,8.2E-5,-6.0
1.6999999999999999E-4,8.4E-5,-6.0
1.6999999999999999E-4,8.599999999999999E-5,-6.0
1.6999999999999999E-4,8.8E-5,-6.0
1.6999999999999999E-4,8.999999999999999E-5,-6.0
1.6999999999999999E-4,9.2E-5,-6.0
1.6999999999999999E-4,9.4E-5,-6.0
1.6999999999999999E-4,9.6E-5,-6.0
1.6999999999999999E-4,9.8E-5,-6.0
1.6999999999999999E-4,9.999999999999999E-5,-6.0
1.6999999999999999E-4,1.02E-4,-6.0
1.6999999999999999E-4,1.04E-4,-6.0
1.6999999999999999E-4,1.06E-4,-6.0
1.6999999999999999E-4,1.08E-4,-6.0
1.6999999999999999E-4,1.0999999999999999E-4,-6.0
1.6999999999999999E-4,1.12E-4,-6.0
1.6999999999999999E-4,1.1399999999999999E-4,-6.0
1.6999999999999999E-4,1.16E-4,-6.0
1.6999999999999999E-4,1.18E-4,-6.0
1.6999999999999999E-4,1.1999999999999999E-4,-6.0
1.6999999999999999E-4,1.22E-4,-6.0
1.6999999999999999E-4,1.24E-4,-6.0
1.6999999999999999E-4,1.26E-4,-6.0
1.6999999999999999E-4,1.28E-4,-6.0
1.6999999999999999E-4,1.3E-4,-6.0
1.6999999999999999E-4,1.3199999999999998E-4,-6.0
1.6999999999999999E-4,1.34E-4,-6.0
1.6999999999999999E-4,1.36E-4,-6.0
1.6999999999999999E-4,1.38E-4,-6.0
1.6999999999999999E-4,1.4E-4,-6.0
1.6999999999999999E-4,1.4199999999999998E-4,-6.0
1.6999999999999999E-4,1.44E-4,-6.0
1.6999999999999999E-4,1.46E-4,-6.0
1.6999999999999999E-4,1.48E-4,-6.0
1.6999999999999999E-4,1.5E-4,-6.0
1.6999999999999999E-4,1.5199999999999998E-4,-6.0
1.6999999999999999E-4,1.54E-4,-6.0
1.6999999999999999E-4,1.56E-4,-6.0
1.6999999999999999E-4,1.58E-4,-6.0
1.6999999999999999E-4,1.5999999999999999E-4,-6.0
1.6999999999999999E-4,1.6199999999999998E-4,-6.0
1.6999999999999999E-4,1.64E-4,-6.0
1.6999999999999999E-4,1.66E-4,-6.0
1.6999999999999999E-4,1.68E-4,-6.0
1.6999999999999999E-4,1.6999999999999999E-4,-6.0
1.6999999999999999E-4,1.7199999999999998E-4,-6.0
1.6999999999999999E-4,1.74E-4,-6.0
1.6999999999999999E-4,1.76E-4,-6.0
1.6999999999999999E-4,1.78E-4,-6.0
1.7199999999999998E-4,0.0,-6.0
1.7199999999999998E-4,2.0E-6,-6.0
1.7199999999999998E-4,4.0E-6,-6.0
1.7199999999999998E-4,6.0E-6,-6.0
1.7199999999999998E-4,8.0E-6,-6.0
1.7199999999999998E-4,9.999999999999999E-6,-6.0
1.7199999999999998E-4,1.2E-5,-6.0
1.7199999999999998E-4,1.4E-5,-6.0
1.7199999999999998E-4,1.6E-5,-6.0
1.7199999999999998E-4,1.8E-5,-6.0
1.7199999999999998E-4,1.9999999999999998E-5,-6.0
1.7199999999999998E-4,2.2E-5,-6.0
1.7199999999999998E-4,2.4E-5,-6.0
1.7199999999999998E-4,2.6E-5,-6.0
1.7199999999999998E-4,2.8E-5,-6.0
1.7199999999999998E-4,2.9999999999999997E-5,-6.0
1.7199999999999998E-4,3.2E-5,-6.0
1.7199999999999998E-4,3.4E-5,-6.0
1.7199999999999998E-4,3.6E-5,-6.0
1.7199999999999998E-4,3.7999999999999995E-5,-6.0
1.7199999999999998E-4,3.9999999999999996E-5,-6.0
1.7199999999999998E-4,4.2E-5,-6.0
1.7199999999999998E-4,4.4E-5,-6.0
1.7199999999999998E-4,4.6E-5,-6.0
1.7199999999999998E-4,4.8E-5,-6.0
1.7199999999999998E-4,4.9999999999999996E-5,-6.0
1.7199999999999998E-4,5.2E-5,-6.0
1.7199999999999998E-4,5.4E-5,-6.0
1.7199999999999998E-4,5.6E-5,-6.0
1.7199999999999998E-4,5.8E-5,-6.0
1.7199999999999998E-4,5.9999999999999995E-5,-6.0
1.7199999999999998E-4,6.2E-5,-6.0
1.7199999999999998E-4,6.4E-5,-6.0
1.7199999999999998E-4,6.599999999999999E-5,-6.0
1.7199999999999998E-4,6.8E-5,-6.0
1.7199999999999998E-4,7.0E-5,-6.0
1.7199999999999998E-4,7.2E-5,-6.0
1.7199999999999998E-4,7.4E-5,-6.0
1.7199999999999998E-4,7.599999999999999E-5,-6.0
1.7199999999999998E-4,7.8E-5,-6.0
1.7199999999999998E-4,7.999999999999999E-5,-6.0
1.7199999999999998E-4,8.2E-5,-6.0
1.7199999999999998E-4,8.4E-5,-6.0
1.7199999999999998E-4,8.599999999999999E-5,-6.0
1.7199999999999998E-4,8.8E-5,-6.0
1.7199999999999998E-4,8.999999999999999E-5,-6.0
1.7199999999999998E-4,9.2E-5,-6.0
1.7199999999999998E-4,9.4E-5,-6.0
1.7199999999999998E-4,9.6E-5,-6.0
1.7199999999999998E-4,9.8E-5,-6.0
1.7199999999999998E-4,9.999999999999999E-5,-6.0
1.7199999999999998E-4,1.02E-4,-6.0
1.7199999999999998E-4,1.04E-4,-6.0
1.7199999999999998E-4,1.06E-4,-6.0
1.7199999999999998E-4,1.08E-4,-6.0
1.7199999999999998E-4,1.0999999999999999E-4,-6.0
1.7199999999999998E-4,1.12E-4,-6.0
1.7199999999999998E-4,1.1399999999999999E-4,-6.0
1.7199999999999998E-4,1.16E-4,-6.0
1.7199999999999998E-4,1.18E-4,-6.0
1.7199999999999998E-4,1.1999999999999999E-4,-6.0
1.7199999999999998E-4,1.22E-4,-6.0
1.7199999999999998E-4,1.24E-4,-6.0
1.7199999999999998E-4,1.26E-4,-6.0
1.7199999999999998E-4,1.28E-4,-6.0
1.7199999999999998E-4,1.3E-4,-6.0
1.7199999999999998E-4,1.3199999999999998E-4,-6.0
1.7199999999999998E-4,1.34E-4,-6.0
1.7199999999999998E-4,1.36E-4,-6.0
1.7199999999999998E-4,1.38E-4,-6.0
1.7199999999999998E-4,1.4E-4,-6.0
1.7199999999999998E-4,1.4199999999999998E-4,-6.0
1.7199999999999998E-4,1.44E-4,-6.0
1.7199999999999998E-4,1.46E-4,-6.0
1.7199999999999998E-4,1.48E-4,-6.0
1.7199999999999998E-4,1.5E-4,-6.0
1.7199999999999998E-4,1.5199999999999998E-4,-6.0
1.7199999999999998E-4,1.54E-4,-6.0
1.7199999999999998E-4,1.56E-4,-6.0
1.7199999999999998E-4,1.58E-4,-6.0
1.7199999999999998E-4,1.5999999999999999E-4,-6.0
1.7199999999999998E-4,1.6199999999999998E-4,-6.0
1.7199999999999998E-4,1.64E-4,-6.0
1.7199999999999998E-4,1.66E-4,-6.0
1.7199999999999998E-4,1.68E-4,-6.0
1.7199999999999998E-4,1.6999999999999999E-4,-6.0
1.7199999999999998E-4,1.7199999999999998E-4,-6.0
1.7199999999999998E-4,1.74E-4,-6.0
1.7199999999999998E-4,1.76E-4,-6.0
1.7199999999999998E-4,1.78E-4,-6.0
1.74E-4,0.0,-6.0
1.74E-4,2.0E-6,-6.0
1.74E-4,4.0E-6,-6.0
1.74E-4,6.0E-6,-6.0
1.74E-4,8.0E-6,-6.0
1.74E-4,9.999999999999999E-6,-6.0
1.74E-4,1.2E-5,-6.0
1.74E-4,1.4E-5,-6.0
1.74E-4,1.6E-5,-6.0
1.74E-4,1.8E-5,-6.0
1.74E-4,1.9999999999999998E-5,-6.0
1.74E-4,2.2E-5,-6.0
1.74E-4,2.4E-5,-6.0
1.74E-4,2.6E-5,-6.0
1.74E-4,2.8E-5,-6.0
1.74E-4,2.9999999999999997E-5,-6.0
1.74E-4,3.2E-5,-6.0
1.74E-4,3.4E-5,-6.0
1.74E-4,3.6E-5,-6.0
1.74E-4,3.7999999999999995E-5,-6.0
1.74E-4,3.9999999999999996E-5,-6.0
1.74E-4,4.2E-5,-6.0
1.74E-4,4.4E-5,-6.0
1.74E-4,4.6E-5,-6.0
1.74E-4,4.8E-5,-6.0
1.74E-4,4.9999999999999996E-5,-6.0
1.74E-4,5.2E-5,-6.0
1.74E-4,5.4E-5,-6.0
1.74E-4,5.6E-5,-6.0
1.74E-4,5.8E-5,-6.0
1.74E-4,5.9999999999999995E-5,-6.0
1.74E-4,6.2E-5,-6.0
1.74E-4,6.4E-5,-6.0
1.74E-4,6.599999999999999E-5,-6.0
1.74E-4,6.8E-5,-6.0
1.74E-4,7.0E-5,-6.0
1.74E-4,7.2E-5,-6.0
1.74E-4,7.4E-5,-6.0
1.74E-4,7.599999999999999E-5,-6.0
1.74E-4,7.8E-5,-6.0
1.74E-4,7.999999999999999E-5,-6.0
1.74E-4,8.2E-5,-6.0
1.74E-4,8.4E-5,-6.0
1.74E-4,8.599999999999999E-5,-6.0
1.74E-4,8.8E-5,-6.0
1.74E-4,8.999999999999999E-5,-6.0
1.74E-4,9.2E-5,-6.0
1.74E-4,9.4E-5,-6.0
1.74E-4,9.6E-5,-6.0
1.74E-4,9.8E-5,-6.0
1.74E-4,9.999999999999999E-5,-6.0
1.74E-4,1.02E-4,-6.0
1.74E-4,1.04E-4,-6.0
1.74E-4,1.06E-4,-6.0
1.74E-4,1.08E-4,-6.0
1.74E-4,1.0999999999999999E-4,-6.0
1.74E-4,1.12E-4,-6.0
1.74E-4,1.1399999999999999E-4,-6.0
1.74E-4,1.16E-4,-6.0
1.74E-4,1.18E-4,-6.0
1.74E-4,1.1999999999999999E-4,-6.0
1.74E-4,1.22E-4,-6.0
1.74E-4,1.24E-4,-6.0
1.74E-4,1.26E-4,-6.0
1.74E-4,1.28E-4,-6.0
1.74E-4,1.3E-4,-6.0
1.74E-4,1.3199999999999998E-4,-6.0
1.74E-4,1.34E-4,-6.0
1.74E-4,1.36E-4,-6.0
1.74E-4,1.38E-4,-6.0
1.74E-4,1.4E-4,-6.0
1.74E-4,1.4199999999999998E-4,-6.0
1.74E-4,1.44E-4,-6.0
1.74E-4,1.46E-4,-6.0
1.74E-4,1.48E-4,-6.0
1.74E-4,1.5E-4,-6.0
1.74E-4,1.5199999999999998E-4,-6.0
1.74E-4,1.54E-4,-6.0
1.74E-4,1.56E-4,-6.0
1.74E-4,1.58E-4,-6.0
1.74E-4,1.5999999999999999E-4,-6.0
1.74E-4,1.6199999999999998E-4,-6.0
1.74E-4,1.64E-4,-6.0
1.74E-4,1.66E-4,-6.0
1.74E-4,1.68E-4,-6.0
1.74E-4,1.6999999999999999E-4,-6.0
1.74E-4,1.7199999999999998E-4,-6.0
1.74E-4,1.74E-4,-6.0
1.74E-4,1.76E-4,-6.0
1.74E-4,1.78E-4,-6.0
1.76E-4,0.0,-6.0
1.76E-4,2.0E-6,-6.0
1.76E-4,4.0E-6,-6.0
1.76E-4,6.0E-6,-6.0
1.76E-4,8.0E-6,-6.0
1.76E-4,9.999999999999999E-6,-6.0
1.76E-4,1.2E-5,-6.0
1.76E-4,1.4E-5,-6.0
1.76E-4,1.6E-5,-6.0
1.76E-4,1.8E-5,-6.0
1.76E-4,1.9999999999999998E-5,-6.0
1.76E-4,2.2E-5,-6.0
1.76E-4,2.4E-5,-6.0
1.76E-4,2.6E-5,-6.0
1.76E-4,2.8E-5,-6.0
1.76E-4,2.9999999999999997E-5,-6.0
1.76E-4,3.2E-5,-6.0
1.76E-4,3.4E-5,-6.0
1.76E-4,3.6E-5,-6.0
1.76E-4,3.7999999999999995E-5,-6.0
1.76E-4,3.9999999999999996E-5,-6.0
1.76E-4,4.2E-5,-6.0
1.76E-4,4.4E-5,-6.0
1.76E-4,4.6E-5,-6.0
1.76E-4,4.8E-5,-6.0
1.76E-4,4.9999999999999996E-5,-6.0
1.76E-4,5.2E-5,-6.0
1.76E-4,5.4E-5,-6.0
1.76E-4,5.6E-5,-6.0
1.76E-4,5.8E-5,-6.0
1.76E-4,5.9999999999999995E-5,-6.0
1.76E-4,6.2E-5,-6.0
1.76E-4,6.4E-5,-6.0
1.76E-4,6.599999999999999E-5,-6.0
1.76E-4,6.8E-5,-6.0
1.76E-4,7.0E-5,-6.0
1.76E-4,7.2E-5,-6.0
1.76E-4,7.4E-5,-6.0
1.76E-4,7.599999999999999E-5,-6.0
1.76E-4,7.8E-5,-6.0
1.76E-4,7.999999999999999E-5,-6.0
1.76E-4,8.2E-5,-6.0
1.76E-4,8.4E-5,-6.0
1.76E-4,8.599999999999999E-5,-6.0
1.76E-4,8.8E-5,-6.0
1.76E-4,8.999999999999999E-5,-6.0
1.76E-4,9.2E-5,-6.0
1.76E-4,9.4E-5,-6.0
1.76E-4,9.6E-5,-6.0
1.76E-4,9.8E-5,-6.0
1.76E-4,9.999999999999999E-5,-6.0
1.76E-4,1.02E-4,-6.0
1.76E-4,1.04E-4,-6.0
1.76E-4,1.06E-4,-6.0
1.76E-4,1.08E-4,-6.0
1.76E-4,1.0999999999999999E-4,-6.0
1.76E-4,1.12E-4,-6.0
1.76E-4,1.1399999999999999E-4,-6.0
1.76E-4,1.16E-4,-6.0
1.76E-4,1.18E-4,-6.0
1.76E-4,1.1999999999999999E-4,-6.0
1.76E-4,1.22E-4,-6.0
1.76E-4,1.24E-4,-6.0
1.76E-4,1.26E-4,-6.0
1.76E-4,1.28E-4,-6.0
1.76E-4,1.3E-4,-6.0
1.76E-4,1.3199999999999998E-4,-6.0
1.76E-4,1.34E-4,-6.0
1.76E-4,1.36E-4,-6.0
1.76E-4,1.38E-4,-6.0
1.76E-4,1.4E-4,-6.0
1.76E-4,1.4199999999999998E-4,-6.0
1.76E-4,1.44E-4,-6.0
1.76E-4,1.46E-4,-6.0
1.76E-4,1.48E-4,-6.0
1.76E-4,1.5E-4,-6.0
1.76E-4,1.5199999999999998E-4,-6.0
1.76E-4,1.54E-4,-6.0
1.76E-4,1.56E-4,-6.0
1.76E-4,1.58E-4,-6.0
1.76E-4,1.5999999999999999E-4,-6.0
1.76E-4,1.6199999999999998E-4,-6.0
1.76E-4,1.64E-4,-6.0
1.76E-4,1.66E-4,-6.0
1.76E-4,1.68E-4,-6.0
1.76E-4,1.6999999999999999E-4,-6.0
1.76E-4,1.7199999999999998E-4,-6.0
1.76E-4,1.74E-4,-6.0
1.76E-4,1.76E-4,-6.0
1.76E-4,1.78E-4,-6.0
1.78E-4,0.0,-6.0
1.78E-4,2.0E-6,-6.0
1.78E-4,4.0E-6,-6.0
1.78E-4,6.0E-6,-6.0
1.78E-4,8.0E-6,-6.0
1.78E-4,9.999999999999999E-6,-6.0
1.78E-4,1.2E-5,-6.0
1.78E-4,1.4E-5,-6.0
1.78E-4,1.6E-5,-6.0
1.78E-4,1.8E-5,-6.0
1.78E-4,1.9999999999999998E-5,-6.0
1.78E-4,2.2E-5,-6.0
1.78E-4,2.4E-5,-6.0
1.78E-4,2.6E-5,-6.0
1.78E-4,2.8E-5,-6.0
1.78E-4,2.9999999999999997E-5,-6.0
1.78E-4,3.2E-5,-6.0
1.78E-4,3.4E-5,-6.0
1.78E-4,3.6E-5,-6.0
1.78E-4,3.7999999999999995E-5,-6.0
1.78E-4,3.9999999999999996E-5,-6.0
1.78E-4,4.2E-5,-6.0
1.78E-4,4.4E-5,-6.0
1.78E-4,4.6E-5,-6.0
1.78E-4,4.8E-5,-6.0
1.78E-4,4.9999999999999996E-5,-6.0
1.78E-4,5.2E-5,-6.0
1.78E-4,5.4E-5,-6.0
1.78E-4,5.6E-5,-6.0
1.78E-4,5.8E-5,-6.0
1.78E-4,5.9999999999999995E-5,-6.0
1.78E-4,6.2E-5,-6.0
1.78E-4,6.4E-5,-6.0
1.78E-4,6.599999999999999E-5,-6.0
1.78E-4,6.8E-5,-6.0
1.78E-4,7.0E-5,-6.0
1.78E-4,7.2E-5,-6.0
1.78E-4,7.4E-5,-6.0
1.78E-4,7.599999999999999E-5,-6.0
1.78E-4,7.8E-5,-6.0
1.78E-4,7.999999999999999E-5,-6.0
1.78E-4,8.2E-5,-6.0
1.78E-4,8.4E-5,-6.0
1.78E-4,8.599999999999999E-5,-6.0
1.78E-4,8.8E-5,-6.0
1.78E-4,8.999999999999999E-5,-6.0
1.78E-4,9.2E-5,-6.0
1.78E-4,9.4E-5,-6.0
1.78E-4,9.6E-5,-6.0
1.78E-4,9.8E-5,-6.0
1.78E-4,9.999999999999999E-5,-6.0
1.78E-4,1.02E-4,-6.0
1.78E-4,1.04E-4,-6.0
1.78E-4,1.06E-4,-6.0
1.78E-4,1.08E-4,-6.0
1.78E-4,1.0999999999999999E-4,-6.0
1.78E-4,1.12E-4,-6.0
1.78E-4,1.1399999999999999E-4,-6.0
1.78E-4,1.16E-4,-6.0
1.78E-4,1.18E-4,-6.0
1.78E-4,1.1999999999999999E-4,-6.0
1.78E-4,1.22E-4,-6.0
1.78E-4,1.24E-4,-6.0
1.78E-4,1.26E-4,-6.0
1.78E-4,1.28E-4,-6.0
1.78E-4,1.3E-4,-6.0
1.78E-4,1.3199999999999998E-4,-6.0
1.78E-4,1.34E-4,-6.0
1.78E-4,1.36E-4,-6.0
1.78E-4,1.38E-4,-6.0
1.78E-4,1.4E-4,-6.0
1.78E-4,1.4199999999999998E-4,-6.0
1.78E-4,1.44E-4,-6.0
1.78E-4,1.46E-4,-6.0
1.78E-4,1.48E-4,-6.0
1.78E-4,1.5E-4,-6.0
1.78E-4,1.5199999999999998E-4,-6.0
1.78E-4,1.54E-4,-6.0
1.78E-4,1.56E-4,-6.0
1.78E-4,1.58E-4,-6.0
1.78E-4,1.5999999999999999E-4,-6.0
1.78E-4,1.6199999999999998E-4,-6.0
1.78E-4,1.64E-4,-6.0
1.78E-4,1.66E-4,-6.0
1.78E-4,1.68E-4,-6.0
1.78E-4,1.6999999999999999E-4,-6.0
1.78E-4,1.7199999999999998E-4,-6.0
1.78E-4,1.74E-4,-6.0
1.78E-4,1.76E-4,-6.0
1.78E-4,1.78E-4,-6.0
1.7999999999999998E-4,0.0,-6.0
1.7999999999999998E-4,2.0E-6,-6.0
1.7999999999999998E-4,4.0E-6,-6.0
1.7999999999999998E-4,6.0E-6,-6.0
1.7999999999999998E-4,8.0E-6,-6.0
1.7999999999999998E-4,9.999999999999999E-6,-6.0
1.7999999999999998E-4,1.2E-5,-6.0
1.7999999999999998E-4,1.4E-5,-6.0
1.7999999999999998E-4,1.6E-5,-6.0
1.7999999999999998E-4,1.8E-5,-6.0
1.7999999999999998E-4,1.9999999999999998E-5,-6.0
1.7999999999999998E-4,2.2E-5,-6.0
1.7999999999999998E-4,2.4E-5,-6.0
1.7999999999999998E-4,2.6E-5,-6.0
1.7999999999999998E-4,2.8E-5,-6.0
1.7999999999999998E-4,2.9999999999999997E-5,-6.0
1.7999999999999998E-4,3.2E-5,-6.0
1.7999999999999998E-4,3.4E-5,-6.0
1.7999999999999998E-4,3.6E-5,-6.0
1.7999999999999998E-4,3.7999999999999995E-5,-6.0
1.7999999999999998E-4,3.9999999999999996E-5,-6.0
1.7999999999999998E-4,4.2E-5,-6.0
1.7999999999999998E-4,4.4E-5,-6.0
1.7999999999999998E-4,4.6E-5,-6.0
1.7999999999999998E-4,4.8E-5,-6.0
1.7999999999999998E-4,4.9999999999999996E-5,-6.0
1.7999999999999998E-4,5.2E-5,-6.0
1.7999999999999998E-4,5.4E-5,-6.0
1.7999999999999998E-4,5.6E-5,-6.0
1.7999999999999998E-4,5.8E-5,-6.0
1.7999999999999998E-4,5.9999999999999995E-5,-6.0
1.7999999999999998E-4,6.2E-5,-6.0
1.7999999999999998E-4,6.4E-5,-6.0
1.7999999999999998E-4,6.599999999999999E-5,-6.0
1.7999999999999998E-4,6.8E-5,-6.0
1.7999999999999998E-4,7.0E-5,-6.0
1.7999999999999998E-4,7.2E-5,-6.0
1.7999999999999998E-4,7.4E-5,-6.0
1.7999999999999998E-4,7.599999999999999E-5,-6.0
1.7999999999999998E-4,7.8E-5,-6.0
1.7999999999999998E-4,7.999999999999999E-5,-6.0
1.7999999999999998E-4,8.2E-5,-6.0
1.7999999999999998E-4,8.4E-5,-6.0
1.7999999999999998E-4,8.599999999999999E-5,-6.0
1.7999999999999998E-4,8.8E-5,-6.0
1.7999999999999998E-4,8.999999999999999E-5,-6.0
1.7999999999999998E-4,9.2E-5,-6.0
1.7999999999999998E-4,9.4E-5,-6.0
1.7999999999999998E-4,9.6E-5,-6.0
1.7999999999999998E-4,9.8E-5,-6.0
1.7999999999999998E-4,9.999999999999999E-5,-6.0
1.7999999999999998E-4,1.02E-4,-6.0
1.7999999999999998E-4,1.04E-4,-6.0
1.7999999999999998E-4,1.06E-4,-6.0
1.7999999999999998E-4,1.08E-4,-6.0
1.7999999999999998E-4,1.0999999999999999E-4,-6.0
1.7999999999999998E-4,1.12E-4,-6.0
1.7999999999999998E-4,1.1399999999999999E-4,-6.0
1.7999999999999998E-4,1.16E-4,-6.0
1.7999999999999998E-4,1.18E-4,-6.0
1.7999999999999998E-4,1.1999999999999999E-4,-6.0
1.7999999999999998E-4,1.22E-4,-6.0
1.7999999999999998E-4,1.24E-4,-6.0
1.7999999999999998E-4,1.26E-4,-6.0
1.7999999999999998E-4,1.28E-4,-6.0
1.7999999999999998E-4,1.3E-4,-6.0
1.7999999999999998E-4,1.3199999999999998E-4,-6.0
1.7999999999999998E-4,1.34E-4,-6.0
1.7999999999999998E-4,1.36E-4,-6.0
1.7999999999999998E-4,1.38E-4,-6.0
1.7999999999999998E-4,1.4E-4,-6.0
1.7999999999999998E-4,1.4199999999999998E-4,-6.0
1.7999999999999998E-4,1.44E-4,-6.0
1.7999999999999998E-4,1.46E-4,-6.0
1.7999999999999998E-4,1.48E-4,-6.0
1.7999999999999998E-4,1.5E-4,-6.0
1.7999999999999998E-4,1.5199999999999998E-4,-6.0
1.7999999999999998E-4,1.54E-4,-6.0
1.7999999999999998E-4,1.56E-4,-6.0
1.7999999999999998E-4,1.58E-4,-6.0
1.7999999999999998E-4,1.5999999999999999E-4,-6.0
1.7999999999999998E-4,1.6199999999999998E-4,-6.0
1.7999999999999998E-4,1.64E-4,-6.0
1.7999999999999998E-4,1.66E-4,-6.0
1.7999999999999998E-4,1.68E-4,-6.0
1.7999999999999998E-4,1.6999999999999999E-4,-6.0
1.7999999999999998E-4,1.7199999999999998E-4,-6.0
1.7999999999999998E-4,1.74E-4,-6.0
1.7999999999999998E-4,1.76E-4,-6.0
1.7999999999999998E-4,1.78E-4,-6.0
1.8199999999999998E-4,0.0,-6.0
1.8199999999999998E-4,2.0E-6,-6.0
1.8199999999999998E-4,4.0E-6,-6.0
1.8199999999999998E-4,6.0E-6,-6.0
1.8199999999999998E-4,8.0E-6,-6.0
1.8199999999999998E-4,9.999999999999999E-6,-6.0
1.8199999999999998E-4,1.2E-5,-6.0
1.8199999999999998E-4,1.4E-5,-6.0
1.8199999999999998E-4,1.6E-5,-6.0
1.8199999999999998E-4,1.8E-5,-6.0
1.8199999999999998E-4,1.9999999999999998E-5,-6.0
1.8199999999999998E-4,2.2E-5,-6.0
1.8199999999999998E-4,2.4E-5,-6.0
1.8199999999999998E-4,2.6E-5,-6.0
1.8199999999999998E-4,2.8E-5,-6.0
1.8199999999999998E-4,2.9999999999999997E-5,-6.0
1.8199999999999998E-4,3.2E-5,-6.0
1.8199999999999998E-4,3.4E-5,-6.0
1.8199999999999998E-4,3.6E-5,-6.0
1.8199999999999998E-4,3.7999999999999995E-5,-6.0
1.8199999999999998E-4,3.9999999999999996E-5,-6.0
1.8199999999999998E-4,4.2E-5,-6.0
1.8199999999999998E-4,4.4E-5,-6.0
1.8199999999999998E-4,4.6E-5,-6.0
1.8199999999999998E-4,4.8E-5,-6.0
1.8199999999999998E-4,4.9999999999999996E-5,-6.0
1.8199999999999998E-4,5.2E-5,-6.0
1.8199999999999998E-4,5.4E-5,-6.0
1.8199999999999998E-4,5.6E-5,-6.0
1.8199999999999998E-4,5.8E-5,-6.0
1.8199999999999998E-4,5.9999999999999995E-5,-6.0
1.8199999999999998E-4,6.2E-5,-6.0
1.8199999999999998E-4,6.4E-5,-6.0
1.8199999999999998E-4,6.599999999999999E-5,-6.0
1.8199999999999998E-4,6.8E-5,-6.0
1.8199999999999998E-4,7.0E-5,-6.0
1.8199999999999998E-4,7.2E-5,-6.0
1.8199999999999998E-4,7.4E-5,-6.0
1.8199999999999998E-4,7.599999999999999E-5,-6.0
1.8199999999999998E-4,7.8E-5,-6.0
1.8199999999999998E-4,7.999999999999999E-5,-6.0
1.8199999999999998E-4,8.2E-5,-6.0
1.8199999999999998E-4,8.4E-5,-6.0
1.8199999999999998E-4,8.599999999999999E-5,-6.0
1.8199999999999998E-4,8.8E-5,-6.0
1.8199999999999998E-4,8.999999999999999E-5,-6.0
1.8199999999999998E-4,9.2E-5,-6.0
1.8199999999999998E-4,9.4E-5,-6.0
1.8199999999999998E-4,9.6E-5,-6.0
1.8199999999999998E-4,9.8E-5,-6.0
1.8199999999999998E-4,9.999999999999999E-5,-6.0
1.8199999999999998E-4,1.02E-4,-6.0
1.8199999999999998E-4,1.04E-4,-6.0
1.8199999999999998E-4,1.06E-4,-6.0
1.8199999999999998E-4,1.08E-4,-6.0
1.8199999999999998E-4,1.0999999999999999E-4,-6.0
1.8199999999999998E-4,1.12E-4,-6.0
1.8199999999999998E-4,1.1399999999999999E-4,-6.0
1.8199999999999998E-4,1.16E-4,-6.0
1.8199999999999998E-4,1.18E-4,-6.0
1.8199999999999998E-4,1.1999999999999999E-4,-6.0
1.8199999999999998E-4,1.22E-4,-6.0
1.8199999999999998E-4,1.24E-4,-6.0
1.8199999999999998E-4,1.26E-4,-6.0
1.8199999999999998E-4,1.28E-4,-6.0
1.8199999999999998E-4,1.3E-4,-6.0
1.8199999999999998E-4,1.3199999999999998E-4,-6.0
1.8199999999999998E-4,1.34E-4,-6.0
1.8199999999999998E-4,1.36E-4,-6.0
1.8199999999999998E-4,1.38E-4,-6.0
1.8199999999999998E-4,1.4E-4,-6.0
1.8199999999999998E-4,1.4199999999999998E-4,-6.0
1.8199999999999998E-4,1.44E-4,-6.0
1.8199999999999998E-4,1.46E-4,-6.0
1.8199999999999998E-4,1.48E-4,-6.0
1.8199999999999998E-4,1.5E-4,-6.0
1.8199999999999998E-4,1.5199999999999998E-4,-6.0
1.8199999999999998E-4,1.54E-4,-6.0
1.8199999999999998E-4,1.56E-4,-6.0
1.8199999999999998E-4,1.58E-4,-6.0
1.8199999999999998E-4,1.5999999999999999E-4,-6.0
1.8199999999999998E-4,1.6199999999999998E-4,-6.0
1.8199999999999998E-4,1.64E-4,-6.0
1.8199999999999998E-4,1.66E-4,-6.0
1.8199999999999998E-4,1.68E-4,-6.0
1.8199999999999998E-4,1.6999999999999999E-4,-6.0
1.8199999999999998E-4,1.7199999999999998E-4,-6.0
1.8199999999999998E-4,1.74E-4,-6.0
1.8199999999999998E-4,1.76E-4,-6.0
1.8199999999999998E-4,1.78E-4,-6.0
1.84E-4,0.0,-6.0
1.84E-4,2.0E-6,-6.0
1.84E-4,4.0E-6,-6.0
1.84E-4,6.0E-6,-6.0
1.84E-4,8.0E-6,-6.0
1.84E-4,9.999999999999999E-6,-6.0
1.84E-4,1.2E-5,-6.0
1.84E-4,1.4E-5,-6.0
1.84E-4,1.6E-5,-6.0
1.84E-4,1.8E-5,-6.0
1.84E-4,1.9999999999999998E-5,-6.0
1.84E-4,2.2E-5,-6.0
1.84E-4,2.4E-5,-6.0
1.84E-4,2.6E-5,-6.0
1.84E-4,2.8E-5,-6.0
1.84E-4,2.9999999999999997E-5,-6.0
1.84E-4,3.2E-5,-6.0
1.84E-4,3.4E-5,-6.0
1.84E-4,3.6E-5,-6.0
1.84E-4,3.7999999999999995E-5,-6.0
1.84E-4,3.9999999999999996E-5,-6.0
1.84E-4,4.2E-5,-6.0
1.84E-4,4.4E-5,-6.0
1.84E-4,4.6E-5,-6.0
1.84E-4,4.8E-5,-6.0
1.84E-4,4.9999999999999996E-5,-6.0
1.84E-4,5.2E-5,-6.0
1.84E-4,5.4E-5,-6.0
1.84E-4,5.6E-5,-6.0
1.84E-4,5.8E-5,-6.0
1.84E-4,5.9999999999999995E-5,-6.0
1.84E-4,6.2E-5,-6.0
1.84E-4,6.4E-5,-6.0
1.84E-4,6.599999999999999E-5,-6.0
1.84E-4,6.8E-5,-6.0
1.84E-4,7.0E-5,-6.0
1.84E-4,7.2E-5,-6.0
1.84E-4,7.4E-5,-6.0
1.84E-4,7.599999999999999E-5,-6.0
1.84E-4,7.8E-5,-6.0
1.84E-4,7.999999999999999E-5,-6.0
1.84E-4,8.2E-5,-6.0
1.84E-4,8.4E-5,-6.0
1.84E-4,8.599999999999999E-5,-6.0
1.84E-4,8.8E-5,-6.0
1.84E-4,8.999999999999999E-5,-6.0
1.84E-4,9.2E-5,-6.0
1.84E-4,9.4E-5,-6.0
1.84E-4,9.6E-5,-6.0
1.84E-4,9.8E-5,-6.0
1.84E-4,9.999999999999999E-5,-6.0
1.84E-4,1.02E-4,-6.0
1.84E-4,1.04E-4,-6.0
1.84E-4,1.06E-4,-6.0
1.84E-4,1.08E-4,-6.0
1.84E-4,1.0999999999999999E-4,-6.0
1.84E-4,1.12E-4,-6.0
1.84E-4,1.1399999999999999E-4,-6.0
1.84E-4,1.16E-4,-6.0
1.84E-4,1.18E-4,-6.0
1.84E-4,1.1999999999999999E-4,-6.0
1.84E-4,1.22E-4,-6.0
1.84E-4,1.24E-4,-6.0
1.84E-4,1.26E-4,-6.0
1.84E-4,1.28E-4,-6.0
1.84E-4,1.3E-4,-6.0
1.84E-4,1.3199999999999998E-4,-6.0
1.84E-4,1.34E-4,-6.0
1.84E-4,1.36E-4,-6.0
1.84E-4,1.38E-4,-6.0
1.84E-4,1.4E-4,-6.0
1.84E-4,1.4199999999999998E-4,-6.0
1.84E-4,1.44E-4,-6.0
1.84E-4,1.46E-4,-6.0
1.84E-4,1.48E-4,-6.0
1.84E-4,1.5E-4,-6.0
1.84E-4,1.5199999999999998E-4,-6.0
1.84E-4,1.54E-4,-6.0
1.84E-4,1.56E-4,-6.0
1.84E-4,1.58E-4,-6.0
1.84E-4,1.5999999999999999E-4,-6.0
1.84E-4,1.6199999999999998E-4,-6.0
1.84E-4,1.64E-4,-6.0
1.84E-4,1.66E-4,-6.0
1.84E-4,1.68E-4,-6.0
1.84E-4,1.6999999999999999E-4,-6.0
1.84E-4,1.7199999999999998E-4,-6.0
1.84E-4,1.74E-4,-6.0
1.84E-4,1.76E-4,-6.0
1.84E-4,1.78E-4,-6.0
1.86E-4,0.0,-6.0
1.86E-4,2.0E-6,-6.0
1.86E-4,4.0E-6,-6.0
1.86E-4,6.0E-6,-6.0
1.86E-4,8.0E-6,-6.0
1.86E-4,9.999999999999999E-6,-6.0
1.86E-4,1.2E-5,-6.0
1.86E-4,1.4E-5,-6.0
1.86E-4,1.6E-5,-6.0
1.86E-4,1.8E-5,-6.0
1.86E-4,1.9999999999999998E-5,-6.0
1.86E-4,2.2E-5,-6.0
1.86E-4,2.4E-5,-6.0
1.86E-4,2.6E-5,-6.0
1.86E-4,2.8E-5,-6.0
1.86E-4,2.9999999999999997E-5,-6.0
1.86E-4,3.2E-5,-6.0
1.86E-4,3.4E-5,-6.0
1.86E-4,3.6E-5,-6.0
1.86E-4,3.7999999999999995E-5,-6.0
1.86E-4,3.9999999999999996E-5,-6.0
1.86E-4,4.2E-5,-6.0
1.86E-4,4.4E-5,-6.0
1.86E-4,4.6E-5,-6.0
1.86E-4,4.8E-5,-6.0
1.86E-4,4.9999999999999996E-5,-6.0
1.86E-4,5.2E-5,-6.0
1.86E-4,5.4E-5,-6.0
1.86E-4,5.6E-5,-6.0
1.86E-4,5.8E-5,-6.0
1.86E-4,5.9999999999999995E-5,-6.0
1.86E-4,6.2E-5,-6.0
1.86E-4,6.4E-5,-6.0
1.86E-4,6.599999999999999E-5,-6.0
1.86E-4,6.8E-5,-6.0
1.86E-4,7.0E-5,-6.0
1.86E-4,7.2E-5,-6.0
1.86E-4,7.4E-5,-6.0
1.86E-4,7.599999999999999E-5,-6.0
1.86E-4,7.8E-5,-6.0
1.86E-4,7.999999999999999E-5,-6.0
1.86E-4,8.2E-5,-6.0
1.86E-4,8.4E-5,-6.0
1.86E-4,8.599999999999999E-5,-6.0
1.86E-4,8.8E-5,-6.0
1.86E-4,8.999999999999999E-5,-6.0
1.86E-4,9.2E-5,-6.0
1.86E-4,9.4E-5,-6.0
1.86E-4,9.6E-5,-6.0
1.86E-4,9.8E-5,-6.0
1.86E-4,9.999999999999999E-5,-6.0
1.86E-4,1.02E-4,-6.0
1.86E-4,1.04E-4,-6.0
1.86E-4,1.06E-4,-6.0
1.86E-4,1.08E-4,-6.0
1.86E-4,1.0999999999999999E-4,-6.0
1.86E-4,1.12E-4,-6.0
1.86E-4,1.1399999999999999E-4,-6.0
1.86E-4,1.16E-4,-6.0
1.86E-4,1.18E-4,-6.0
1.86E-4,1.1999999999999999E-4,-6.0
1.86E-4,1.22E-4,-6.0
1.86E-4,1.24E-4,-6.0
1.86E-4,1.26E-4,-6.0
1.86E-4,1.28E-4,-6.0
1.86E-4,1.3E-4,-6.0
1.86E-4,1.3199999999999998E-4,-6.0
1.86E-4,1.34E-4,-6.0
1.86E-4,1.36E-4,-6.0
1.86E-4,1.38E-4,-6.0
1.86E-4,1.4E-4,-6.0
1.86E-4,1.4199999999999998E-4,-6.0
1.86E-4,1.44E-4,-6.0
1.86E-4,1.46E-4,-6.0
1.86E-4,1.48E-4,-6.0
1.86E-4,1.5E-4,-6.0
1.86E-4,1.5199999999999998E-4,-6.0
1.86E-4,1.54E-4,-6.0
1.86E-4,1.56E-4,-6.0
1.86E-4,1.58E-4,-6.0
1.86E-4,1.5999999999999999E-4,-6.0
1.86E-4,1.6199999999999998E-4,-6.0
1.86E-4,1.64E-4,-6.0
1.86E-4,1.66E-4,-6.0
1.86E-4,1.68E-4,-6.0
1.86E-4,1.6999999999999999E-4,-6.0
1.86E-4,1.7199999999999998E-4,-6.0
1.86E-4,1.74E-4,-6.0
1.86E-4,1.76E-4,-6.0
1.86E-4,1.78E-4,-6.0
1.88E-4,0.0,-6.0
1.88E-4,2.0E-6,-6.0
1.88E-4,4.0E-6,-6.0
1.88E-4,6.0E-6,-6.0
1.88E-4,8.0E-6,-6.0
1.88E-4,9.999999999999999E-6,-6.0
1.88E-4,1.2E-5,-6.0
1.88E-4,1.4E-5,-6.0
1.88E-4,1.6E-5,-6.0
1.88E-4,1.8E-5,-6.0
1.88E-4,1.9999999999999998E-5,-6.0
1.88E-4,2.2E-5,-6.0
1.88E-4,2.4E-5,-6.0
1.88E-4,2.6E-5,-6.0
1.88E-4,2.8E-5,-6.0
1.88E-4,2.9999999999999997E-5,-6.0
1.88E-4,3.2E-5,-6.0
1.88E-4,3.4E-5,-6.0
1.88E-4,3.6E-5,-6.0
1.88E-4,3.7999999999999995E-5,-6.0
1.88E-4,3.9999999999999996E-5,-6.0
1.88E-4,4.2E-5,-6.0
1.88E-4,4.4E-5,-6.0
1.88E-4,4.6E-5,-6.0
1.88E-4,4.8E-5,-6.0
1.88E-4,4.9999999999999996E-5,-6.0
1.88E-4,5.2E-5,-6.0
1.88E-4,5.4E-5,-6.0
1.88E-4,5.6E-5,-6.0
1.88E-4,5.8E-5,-6.0
1.88E-4,5.9999999999999995E-5,-6.0
1.88E-4,6.2E-5,-6.0
1.88E-4,6.4E-5,-6.0
1.88E-4,6.599999999999999E-5,-6.0
1.88E-4,6.8E-5,-6.0
1.88E-4,7.0E-5,-6.0
1.88E-4,7.2E-5,-6.0
1.88E-4,7.4E-5,-6.0
1.88E-4,7.599999999999999E-5,-6.0
1.88E-4,7.8E-5,-6.0
1.88E-4,7.999999999999999E-5,-6.0
1.88E-4,8.2E-5,-6.0
1.88E-4,8.4E-5,-6.0
1.88E-4,8.599999999999999E-5,-6.0
1.88E-4,8.8E-5,-6.0
1.88E-4,8.999999999999999E-5,-6.0
1.88E-4,9.2E-5,-6.0
1.88E-4,9.4E-5,-6.0
1.88E-4,9.6E-5,-6.0
1.88E-4,9.8E-5,-6.0
1.88E-4,9.999999999999999E-5,-6.0
1.88E-4,1.02E-4,-6.0
1.88E-4,1.04E-4,-6.0
1.88E-4,1.06E-4,-6.0
1.88E-4,1.08E-4,-6.0
1.88E-4,1.0999999999999999E-4,-6.0
1.88E-4,1.12E-4,-6.0
1.88E-4,1.1399999999999999E-4,-6.0
1.88E-4,1.16E-4,-6.0
1.88E-4,1.18E-4,-6.0
1.88E-4,1.1999999999999999E-4,-6.0
1.88E-4,1.22E-4,-6.0
1.88E-4,1.24E-4,-6.0
1.88E-4,1.26E-4,-6.0
1.88E-4,1.28E-4,-6.0
1.88E-4,1.3E-4,-6.0
1.88E-4,1.3199999999999998E-4,-6.0
1.88E-4,1.34E-4,-6.0
1.88E-4,1.36E-4,-6.0
1.88E-4,1.38E-4,-6.0
1.88E-4,1.4E-4,-6.0
1.88E-4,1.4199999999999998E-4,-6.0
1.88E-4,1.44E-4,-6.0
1.88E-4,1.46E-4,-6.0
1.88E-4,1.48E-4,-6.0
1.88E-4,1.5E-4,-6.0
1.88E-4,1.5199999999999998E-4,-6.0
1.88E-4,1.54E-4,-6.0
1.88E-4,1.56E-4,-6.0
1.88E-4,1.58E-4,-6.0
1.88E-4,1.5999999999999999E-4,-6.0
1.88E-4,1.6199999999999998E-4,-6.0
1.88E-4,1.64E-4,-6.0
1.88E-4,1.66E-4,-6.0
1.88E-4,1.68E-4,-6.0
1.88E-4,1.6999999999999999E-4,-6.0
1.88E-4,1.7199999999999998E-4,-6.0
1.88E-4,1.74E-4,-6.0
1.88E-4,1.76E-4,-6.0
1.88E-4,1.78E-4,-6.0
1.8999999999999998E-4,0.0,-6.0
1.8999999999999998E-4,2.0E-6,-6.0
1.8999999999999998E-4,4.0E-6,-6.0
1.8999999999999998E-4,6.0E-6,-6.0
1.8999999999999998E-4,8.0E-6,-6.0
1.8999999999999998E-4,9.999999999999999E-6,-6.0
1.8999999999999998E-4,1.2E-5,-6.0
1.8999999999999998E-4,1.4E-5,-6.0
1.8999999999999998E-4,1.6E-5,-6.0
1.8999999999999998E-4,1.8E-5,-6.0
1.8999999999999998E-4,1.9999999999999998E-5,-6.0
1.8999999999999998E-4,2.2E-5,-6.0
1.8999999999999998E-4,2.4E-5,-6.0
1.8999999999999998E-4,2.6E-5,-6.0
1.8999999999999998E-4,2.8E-5,-6.0
1.8999999999999998E-4,2.9999999999999997E-5,-6.0
1.8999999999999998E-4,3.2E-5,-6.0
1.8999999999999998E-4,3.4E-5,-6.0
1.8999999999999998E-4,3.6E-5,-6.0
1.8999999999999998E-4,3.7999999999999995E-5,-6.0
1.8999999999999998E-4,3.9999999999999996E-5,-6.0
1.8999999999999998E-4,4.2E-5,-6.0
1.8999999999999998E-4,4.4E-5,-6.0
1.8999999999999998E-4,4.6E-5,-6.0
1.8999999999999998E-4,4.8E-5,-6.0
1.8999999999999998E-4,4.9999999999999996E-5,-6.0
1.8999999999999998E-4,5.2E-5,-6.0
1.8999999999999998E-4,5.4E-5,-6.0
1.8999999999999998E-4,5.6E-5,-6.0
1.8999999999999998E-4,5.8E-5,-6.0
1.8999999999999998E-4,5.9999999999999995E-5,-6.0
1.8999999999999998E-4,6.2E-5,-6.0
1.8999999999999998E-4,6.4E-5,-6.0
1.8999999999999998E-4,6.599999999999999E-5,-6.0
1.8999999999999998E-4,6.8E-5,-6.0
1.8999999999999998E-4,7.0E-5,-6.0
1.8999999999999998E-4,7.2E-5,-6.0
1.8999999999999998E-4,7.4E-5,-6.0
1.8999999999999998E-4,7.599999999999999E-5,-6.0
1.8999999999999998E-4,7.8E-5,-6.0
1.8999999999999998E-4,7.999999999999999E-5,-6.0
1.8999999999999998E-4,8.2E-5,-6.0
1.8999999999999998E-4,8.4E-5,-6.0
1.8999999999999998E-4,8.599999999999999E-5,-6.0
1.8999999999999998E-4,8.8E-5,-6.0
1.8999999999999998E-4,8.999999999999999E-5,-6.0
1.8999999999999998E-4,9.2E-5,-6.0
1.8999999999999998E-4,9.4E-5,-6.0
1.8999999999999998E-4,9.6E-5,-6.0
1.8999999999999998E-4,9.8E-5,-6.0
1.8999999999999998E-4,9.999999999999999E-5,-6.0
1.8999999999999998E-4,1.02E-4,-6.0
1.8999999999999998E-4,1.04E-4,-6.0
1.8999999999999998E-4,1.06E-4,-6.0
1.8999999999999998E-4,1.08E-4,-6.0
1.8999999999999998E-4,1.0999999999999999E-4,-6.0
1.8999999999999998E-4,1.12E-4,-6.0
1.8999999999999998E-4,1.1399999999999999E-4,-6.0
1.8999999999999998E-4,1.16E-4,-6.0
1.8999999999999998E-4,1.18E-4,-6.0
1.8999999999999998E-4,1.1999999999999999E-4,-6.0
1.8999999999999998E-4,1.22E-4,-6.0
1.8999999999999998E-4,1.24E-4,-6.0
1.8999999999999998E-4,1.26E-4,-6.0
1.8999999999999998E-4,1.28E-4,-6.0
1.8999999999999998E-4,1.3E-4,-6.0
1.8999999999999998E-4,1.3199999999999998E-4,-6.0
1.8999999999999998E-4,1.34E-4,-6.0
1.8999999999999998E-4,1.36E-4,-6.0
1.8999999999999998E-4,1.38E-4,-6.0
1.8999999999999998E-4,1.4E-4,-6.0
1.8999999999999998E-4,1.4199999999999998E-4,-6.0
1.8999999999999998E-4,1.44E-4,-6.0
1.8999999999999998E-4,1.46E-4,-6.0
1.8999999999999998E-4,1.48E-4,-6.0
1.8999999999999998E-4,1.5E-4,-6.0
1.8999999999999998E-4,1.5199999999999998E-4,-6.0
1.8999999999999998E-4,1.54E-4,-6.0
1.8999999999999998E-4,1.56E-4,-6.0
1.8999999999999998E-4,1.58E-4,-6.0
1.8999999999999998E-4,1.5999999999999999E-4,-6.0
1.8999999999999998E-4,1.6199999999999998E-4,-6.0
1.8999999999999998E-4,1.64E-4,-6.0
1.8999999999999998E-4,1.66E-4,-6.0
1.8999999999999998E-4,1.68E-4,-6.0
1.8999999999999998E-4,1.6999999999999999E-4,-6.0
1.8999999999999998E-4,1.7199999999999998E-4,-6.0
1.8999999999999998E-4,1.74E-4,-6.0
1.8999999999999998E-4,1.76E-4,-6.0
1.8999999999999998E-4,1.78E-4,-6.0
1.92E-4,0.0,-6.0
1.92E-4,2.0E-6,-6.0
1.92E-4,4.0E-6,-6.0
1.92E-4,6.0E-6,-6.0
1.92E-4,8.0E-6,-6.0
1.92E-4,9.999999999999999E-6,-6.0
1.92E-4,1.2E-5,-6.0
1.92E-4,1.4E-5,-6.0
1.92E-4,1.6E-5,-6.0
1.92E-4,1.8E-5,-6.0
1.92E-4,1.9999999999999998E-5,-6.0
1.92E-4,2.2E-5,-6.0
1.92E-4,2.4E-5,-6.0
1.92E-4,2.6E-5,-6.0
1.92E-4,2.8E-5,-6.0
1.92E-4,2.9999999999999997E-5,-6.0
1.92E-4,3.2E-5,-6.0
1.92E-4,3.4E-5,-6.0
1.92E-4,3.6E-5,-6.0
1.92E-4,3.7999999999999995E-5,-6.0
1.92E-4,3.9999999999999996E-5,-6.0
1.92E-4,4.2E-5,-6.0
1.92E-4,4.4E-5,-6.0
1.92E-4,4.6E-5,-6.0
1.92E-4,4.8E-5,-6.0
1.92E-4,4.9999999999999996E-5,-6.0
1.92E-4,5.2E-5,-6.0
1.92E-4,5.4E-5,-6.0
1.92E-4,5.6E-5,-6.0
1.92E-4,5.8E-5,-6.0
1.92E-4,5.9999999999999995E-5,-6.0
1.92E-4,6.2E-5,-6.0
1.92E-4,6.4E-5,-6.0
1.92E-4,6.599999999999999E-5,-6.0
1.92E-4,6.8E-5,-6.0
1.92E-4,7.0E-5,-6.0
1.92E-4,7.2E-5,-6.0
1.92E-4,7.4E-5,-6.0
1.92E-4,7.599999999999999E-5,-6.0
1.92E-4,7.8E-5,-6.0
1.92E-4,7.999999999999999E-5,-6.0
1.92E-4,8.2E-5,-6.0
1.92E-4,8.4E-5,-6.0
1.92E-4,8.599999999999999E-5,-6.0
1.92E-4,8.8E-5,-6.0
1.92E-4,8.999999999999999E-5,-6.0
1.92E-4,9.2E-5,-6.0
1.92E-4,9.4E-5,-6.0
1.92E-4,9.6E-5,-6.0
1.92E-4,9.8E-5,-6.0
1.92E-4,9.999999999999999E-5,-6.0
1.92E-4,1.02E-4,-6.0
1.92E-4,1.04E-4,-6.0
1.92E-4,1.06E-4,-6.0
1.92E-4,1.08E-4,-6.0
1.92E-4,1.0999999999999999E-4,-6.0
1.92E-4,1.12E-4,-6.0
1.92E-4,1.1399999999999999E-4,-6.0
1.92E-4,1.16E-4,-6.0
1.92E-4,1.18E-4,-6.0
1.92E-4,1.1999999999999999E-4,-6.0
1.92E-4,1.22E-4,-6.0
1.92E-4,1.24E-4,-6.0
1.92E-4,1.26E-4,-6.0
1.92E-4,1.28E-4,-6.0
1.92E-4,1.3E-4,-6.0
1.92E-4,1.3199999999999998E-4,-6.0
1.92E-4,1.34E-4,-6.0
1.92E-4,1.36E-4,-6.0
1.92E-4,1.38E-4,-6.0
1.92E-4,1.4E-4,-6.0
1.92E-4,1.4199999999999998E-4,-6.0
1.92E-4,1.44E-4,-6.0
1.92E-4,1.46E-4,-6.0
1.92E-4,1.48E-4,-6.0
1.92E-4,1.5E-4,-6.0
1.92E-4,1.5199999999999998E-4,-6.0
1.92E-4,1.54E-4,-6.0
1.92E-4,1.56E-4,-6.0
1.92E-4,1.58E-4,-6.0
1.92E-4,1.5999999999999999E-4,-6.0
1.92E-4,1.6199999999999998E-4,-6.0
1.92E-4,1.64E-4,-6.0
1.92E-4,1.66E-4,-6.0
1.92E-4,1.68E-4,-6.0
1.92E-4,1.6999999999999999E-4,-6.0
1.92E-4,1.7199999999999998E-4,-6.0
1.92E-4,1.74E-4,-6.0
1.92E-4,1.76E-4,-6.0
1.92E-4,1.78E-4,-6.0
1.94E-4,0.0,-6.0
1.94E-4,2.0E-6,-6.0
1.94E-4,4.0E-6,-6.0
1.94E-4,6.0E-6,-6.0
1.94E-4,8.0E-6,-6.0
1.94E-4,9.999999999999999E-6,-6.0
1.94E-4,1.2E-5,-6.0
1.94E-4,1.4E-5,-6.0
1.94E-4,1.6E-5,-6.0
1.94E-4,1.8E-5,-6.0
1.94E-4,1.9999999999999998E-5,-6.0
1.94E-4,2.2E-5,-6.0
1.94E-4,2.4E-5,-6.0
1.94E-4,2.6E-5,-6.0
1.94E-4,2.8E-5,-6.0
1.94E-4,2.9999999999999997E-5,-6.0
1.94E-4,3.2E-5,-6.0
1.94E-4,3.4E-5,-6.0
1.94E-4,3.6E-5,-6.0
1.94E-4,3.7999999999999995E-5,-6.0
1.94E-4,3.9999999999999996E-5,-6.0
1.94E-4,4.2E-5,-6.0
1.94E-4,4.4E-5,-6.0
1.94E-4,4.6E-5,-6.0
1.94E-4,4.8E-5,-6.0
1.94E-4,4.9999999999999996E-5,-6.0
1.94E-4,5.2E-5,-6.0
1.94E-4,5.4E-5,-6.0
1.94E-4,5.6E-5,-6.0
1.94E-4,5.8E-5,-6.0
1.94E-4,5.9999999999999995E-5,-6.0
1.94E-4,6.2E-5,-6.0
1.94E-4,6.4E-5,-6.0
1.94E-4,6.599999999999999E-5,-6.0
1.94E-4,6.8E-5,-6.0
1.94E-4,7.0E-5,-6.0
1.94E-4,7.2E-5,-6.0
1.94E-4,7.4E-5,-6.0
1.94E-4,7.599999999999999E-5,-6.0
1.94E-4,7.8E-5,-6.0
1.94E-4,7.999999999999999E-5,-6.0
1.94E-4,8.2E-5,-6.0
1.94E-4,8.4E-5,-6.0
1.94E-4,8.599999999999999E-5,-6.0
1.94E-4,8.8E-5,-6.0
1.94E-4,8.999999999999999E-5,-6.0
1.94E-4,9.2E-5,-6.0
1.94E-4,9.4E-5,-6.0
1.94E-4,9.6E-5,-6.0
1.94E-4,9.8E-5,-6.0
1.94E-4,9.999999999999999E-5,-6.0
1.94E-4,1.02E-4,-6.0
1.94E-4,1.04E-4,-6.0
1.94E-4,1.06E-4,-6.0
1.94E-4,1.08E-4,-6.0
1.94E-4,1.0999999999999999E-4,-6.0
1.94E-4,1.12E-4,-6.0
1.94E-4,1.1399999999999999E-4,-6.0
1.94E-4,1.16E-4,-6.0
1.94E-4,1.18E-4,-6.0
1.94E-4,1.1999999999999999E-4,-6.0
1.94E-4,1.22E-4,-6.0
1.94E-4,1.24E-4,-6.0
1.94E-4,1.26E-4,-6.0
1.94E-4,1.28E-4,-6.0
1.94E-4,1.3E-4,-6.0
1.94E-4,1.3199999999999998E-4,-6.0
1.94E-4,1.34E-4,-6.0
1.94E-4,1.36E-4,-6.0
1.94E-4,1.38E-4,-6.0
1.94E-4,1.4E-4,-6.0
1.94E-4,1.4199999999999998E-4,-6.0
1.94E-4,1.44E-4,-6.0
1.94E-4,1.46E-4,-6.0
1.94E-4,1.48E-4,-6.0
1.94E-4,1.5E-4,-6.0
1.94E-4,1.5199999999999998E-4,-6.0
1.94E-4,1.54E-4,-6.0
1.94E-4,1.56E-4,-6.0
1.94E-4,1.58E-4,-6.0
1.94E-4,1.5999999999999999E-4,-6.0
1.94E-4,1.6199999999999998E-4,-6.0
1.94E-4,1.64E-4,-6.0
1.94E-4,1.66E-4,-6.0
1.94E-4,1.68E-4,-6.0
1.94E-4,1.6999999999999999E-4,-6.0
1.94E-4,1.7199999999999998E-4,-6.0
1.94E-4,1.74E-4,-6.0
1.94E-4,1.76E-4,-6.0
1.94E-4,1.78E-4,-6.0
1.96E-4,0.0,-6.0
1.96E-4,2.0E-6,-6.0
1.96E-4,4.0E-6,-6.0
1.96E-4,6.0E-6,-6.0
1.96E-4,8.0E-6,-6.0
1.96E-4,9.999999999999999E-6,-6.0
1.96E-4,1.2E-5,-6.0
1.96E-4,1.4E-5,-6.0
1.96E-4,1.6E-5,-6.0
1.96E-4,1.8E-5,-6.0
1.96E-4,1.9999999999999998E-5,-6.0
1.96E-4,2.2E-5,-6.0
1.96E-4,2.4E-5,-6.0
1.96E-4,2.6E-5,-6.0
1.96E-4,2.8E-5,-6.0
1.96E-4,2.9999999999999997E-5,-6.0
1.96E-4,3.2E-5,-6.0
1.96E-4,3.4E-5,-6.0
1.96E-4,3.6E-5,-6.0
1.96E-4,3.7999999999999995E-5,-6.0
1.96E-4,3.9999999999999996E-5,-6.0
1.96E-4,4.2E-5,-6.0
1.96E-4,4.4E-5,-6.0
1.96E-4,4.6E-5,-6.0
1.96E-4,4.8E-5,-6.0
1.96E-4,4.9999999999999996E-5,-6.0
1.96E-4,5.2E-5,-6.0
1.96E-4,5.4E-5,-6.0
1.96E-4,5.6E-5,-6.0
1.96E-4,5.8E-5,-6.0
1.96E-4,5.9999999999999995E-5,-6.0
1.96E-4,6.2E-5,-6.0
1.96E-4,6.4E-5,-6.0
1.96E-4,6.599999999999999E-5,-6.0
1.96E-4,6.8E-5,-6.0
1.96E-4,7.0E-5,-6.0
1.96E-4,7.2E-5,-6.0
1.96E-4,7.4E-5,-6.0
1.96E-4,7.599999999999999E-5,-6.0
1.96E-4,7.8E-5,-6.0
1.96E-4,7.999999999999999E-5,-6.0
1.96E-4,8.2E-5,-6.0
1.96E-4,8.4E-5,-6.0
1.96E-4,8.599999999999999E-5,-6.0
1.96E-4,8.8E-5,-6.0
1.96E-4,8.999999999999999E-5,-6.0
1.96E-4,9.2E-5,-6.0
1.96E-4,9.4E-5,-6.0
1.96E-4,9.6E-5,-6.0
1.96E-4,9.8E-5,-6.0
1.96E-4,9.999999999999999E-5,-6.0
1.96E-4,1.02E-4,-6.0
1.96E-4,1.04E-4,-6.0
1.96E-4,1.06E-4,-6.0
1.96E-4,1.08E-4,-6.0
1.96E-4,1.0999999999999999E-4,-6.0
1.96E-4,1.12E-4,-6.0
1.96E-4,1.1399999999999999E-4,-6.0
1.96E-4,1.16E-4,-6.0
1.96E-4,1.18E-4,-6.0
1.96E-4,1.1999999999999999E-4,-6.0
1.96E-4,1.22E-4,-6.0
1.96E-4,1.24E-4,-6.0
1.96E-4,1.26E-4,-6.0
1.96E-4,1.28E-4,-6.0
1.96E-4,1.3E-4,-6.0
1.96E-4,1.3199999999999998E-4,-6.0
1.96E-4,1.34E-4,-6.0
1.96E-4,1.36E-4,-6.0
1.96E-4,1.38E-4,-6.0
1.96E-4,1.4E-4,-6.0
1.96E-4,1.4199999999999998E-4,-6.0
1.96E-4,1.44E-4,-6.0
1.96E-4,1.46E-4,-6.0
1.96E-4,1.48E-4,-6.0
1.96E-4,1.5E-4,-6.0
1.96E-4,1.5199999999999998E-4,-6.0
1.96E-4,1.54E-4,-6.0
1.96E-4,1.56E-4,-6.0
1.96E-4,1.58E-4,-6.0
1.96E-4,1.5999999999999999E-4,-6.0
1.96E-4,1.6199999999999998E-4,-6.0
1.96E-4,1.64E-4,-6.0
1.96E-4,1.66E-4,-6.0
1.96E-4,1.68E-4,-6.0
1.96E-4,1.6999999999999999E-4,-6.0
1.96E-4,1.7199999999999998E-4,-6.0
1.96E-4,1.74E-4,-6.0
1.96E-4,1.76E-4,-6.0
1.96E-4,1.78E-4,-6.0
1.98E-4,0.0,-6.0
1.98E-4,2.0E-6,-6.0
1.98E-4,4.0E-6,-6.0
1.98E-4,6.0E-6,-6.0
1.98E-4,8.0E-6,-6.0
1.98E-4,9.999999999999999E-6,-6.0
1.98E-4,1.2E-5,-6.0
1.98E-4,1.4E-5,-6.0
1.98E-4,1.6E-5,-6.0
1.98E-4,1.8E-5,-6.0
1.98E-4,1.9999999999999998E-5,-6.0
1.98E-4,2.2E-5,-6.0
1.98E-4,2.4E-5,-6.0
1.98E-4,2.6E-5,-6.0
1.98E-4,2.8E-5,-6.0
1.98E-4,2.9999999999999997E-5,-6.0
1.98E-4,3.2E-5,-6.0
1.98E-4,3.4E-5,-6.0
1.98E-4,3.6E-5,-6.0
1.98E-4,3.7999999999999995E-5,-6.0
1.98E-4,3.9999999999999996E-5,-6.0
1.98E-4,4.2E-5,-6.0
1.98E-4,4.4E-5,-6.0
1.98E-4,4.6E-5,-6.0
1.98E-4,4.8E-5,-6.0
1.98E-4,4.9999999999999996E-5,-6.0
1.98E-4,5.2E-5,-6.0
1.98E-4,5.4E-5,-6.0
1.98E-4,5.6E-5,-6.0
1.98E-4,5.8E-5,-6.0
1.98E-4,5.9999999999999995E-5,-6.0
1.98E-4,6.2E-5,-6.0
1.98E-4,6.4E-5,-6.0
1.98E-4,6.599999999999999E-5,-6.0
1.98E-4,6.8E-5,-6.0
1.98E-4,7.0E-5,-6.0
1.98E-4,7.2E-5,-6.0
1.98E-4,7.4E-5,-6.0
1.98E-4,7.599999999999999E-5,-6.0
1.98E-4,7.8E-5,-6.0
1.98E-4,7.999999999999999E-5,-6.0
1.98E-4,8.2E-5,-6.0
1.98E-4,8.4E-5,-6.0
1.98E-4,8.599999999999999E-5,-6.0
1.98E-4,8.8E-5,-6.0
1.98E-4,8.999999999999999E-5,-6.0
1.98E-4,9.2E-5,-6.0
1.98E-4,9.4E-5,-6.0
1.98E-4,9.6E-5,-6.0
1.98E-4,9.8E-5,-6.0
1.98E-4,9.999999999999999E-5,-6.0
1.98E-4,1.02E-4,-6.0
1.98E-4,1.04E-4,-6.0
1.98E-4,1.06E-4,-6.0
1.98E-4,1.08E-4,-6.0
1.98E-4,1.0999999999999999E-4,-6.0
1.98E-4,1.12E-4,-6.0
1.98E-4,1.1399999999999999E-4,-6.0
1.98E-4,1.16E-4,-6.0
1.98E-4,1.18E-4,-6.0
1.98E-4,1.1999999999999999E-4,-6.0
1.98E-4,1.22E-4,-6.0
1.98E-4,1.24E-4,-6.0
1.98E-4,1.26E-4,-6.0
1.98E-4,1.28E-4,-6.0
1.98E-4,1.3E-4,-6.0
1.98E-4,1.3199999999999998E-4,-6.0
1.98E-4,1.34E-4,-6.0
1.98E-4,1.36E-4,-6.0
1.98E-4,1.38E-4,-6.0
1.98E-4,1.4E-4,-6.0
1.98E-4,1.4199999999999998E-4,-6.0
1.98E-4,1.44E-4,-6.0
1.98E-4,1.46E-4,-6.0
1.98E-4,1.48E-4,-6.0
1.98E-4,1.5E-4,-6.0
1.98E-4,1.5199999999999998E-4,-6.0
1.98E-4,1.54E-4,-6.0
1.98E-4,1.56E-4,-6.0
1.98E-4,1.58E-4,-6.0
1.98E-4,1.5999999999999999E-4,-6.0
1.98E-4,1.6199999999999998E-4,-6.0
1.98E-4,1.64E-4,-6.0
1.98E-4,1.66E-4,-6.0
1.98E-4,1.68E-4,-6.0
1.98E-4,1.6999999999999999E-4,-6.0
1.98E-4,1.7199999999999998E-4,-6.0
1.98E-4,1.74E-4,-6.0
1.98E-4,1.76E-4,-6.0
1.98E-4,1.78E-4,-6.0
1.9999999999999998E-4,0.0,-6.0
1.9999999999999998E-4,2.0E-6,-6.0
1.9999999999999998E-4,4.0E-6,-6.0
1.9999999999999998E-4,6.0E-6,-6.0
1.9999999999999998E-4,8.0E-6,-6.0
1.9999999999999998E-4,9.999999999999999E-6,-6.0
1.9999999999999998E-4,1.2E-5,-6.0
1.9999999999999998E-4,1.4E-5,-6.0
1.9999999999999998E-4,1.6E-5,-6.0
1.9999999999999998E-4,1.8E-5,-6.0
1.9999999999999998E-4,1.9999999999999998E-5,-6.0
1.9999999999999998E-4,2.2E-5,-6.0
1.9999999999999998E-4,2.4E-5,-6.0
1.9999999999999998E-4,2.6E-5,-6.0
1.9999999999999998E-4,2.8E-5,-6.0
1.9999999999999998E-4,2.9999999999999997E-5,-6.0
1.9999999999999998E-4,3.2E-5,-6.0
1.9999999999999998E-4,3.4E-5,-6.0
1.9999999999999998E-4,3.6E-5,-6.0
1.9999999999999998E-4,3.7999999999999995E-5,-6.0
1.9999999999999998E-4,3.9999999999999996E-5,-6.0
1.9999999999999998E-4,4.2E-5,-6.0
1.9999999999999998E-4,4.4E-5,-6.0
1.9999999999999998E-4,4.6E-5,-6.0
1.9999999999999998E-4,4.8E-5,-6.0
1.9999999999999998E-4,4.9999999999999996E-5,-6.0
1.9999999999999998E-4,5.2E-5,-6.0
1.9999999999999998E-4,5.4E-5,-6.0
1.9999999999999998E-4,5.6E-5,-6.0
1.9999999999999998E-4,5.8E-5,-6.0
1.9999999999999998E-4,5.9999999999999995E-5,-6.0
1.9999999999999998E-4,6.2E-5,-6.0
1.9999999999999998E-4,6.4E-5,-6.0
1.9999999999999998E-4,6.599999999999999E-5,-6.0
1.9999999999999998E-4,6.8E-5,-6.0
1.9999999999999998E-4,7.0E-5,-6.0
1.9999999999999998E-4,7.2E-5,-6.0
1.9999999999999998E-4,7.4E-5,-6.0
1.9999999999999998E-4,7.599999999999999E-5,-6.0
1.9999999999999998E-4,7.8E-5,-6.0
1.9999999999999998E-4,7.999999999999999E-5,-6.0
1.9999999999999998E-4,8.2E-5,-6.0
1.9999999999999998E-4,8.4E-5,-6.0
1.9999999999999998E-4,8.599999999999999E-5,-6.0
1.9999999999999998E-4,8.8E-5,-6.0
1.9999999999999998E-4,8.999999999999999E-5,-6.0
1.9999999999999998E-4,9.2E-5,-6.0
1.9999999999999998E-4,9.4E-5,-6.0
1.9999999999999998E-4,9.6E-5,-6.0
1.9999999999999998E-4,9.8E-5,-6.0
1.9999999999999998E-4,9.999999999999999E-5,-6.0
1.9999999999999998E-4,1.02E-4,-6.0
1.9999999999999998E-4,1.04E-4,-6.0
1.9999999999999998E-4,1.06E-4,-6.0
1.9999999999999998E-4,1.08E-4,-6.0
1.9999999999999998E-4,1.0999999999999999E-4,-6.0
1.9999999999999998E-4,1.12E-4,-6.0
1.9999999999999998E-4,1.1399999999999999E-4,-6.0
1.9999999999999998E-4,1.16E-4,-6.0
1.9999999999999998E-4,1.18E-4,-6.0
1.9999999999999998E-4,1.1999999999999999E-4,-6.0
1.9999999999999998E-4,1.22E-4,-6.0
1.9999999999999998E-4,1.24E-4,-6.0
1.9999999999999998E-4,1.26E-4,-6.0
1.9999999999999998E-4,1.28E-4,-6.0
1.9999999999999998E-4,1.3E-4,-6.0
1.9999999999999998E-4,1.3199999999999998E-4,-6.0
1.9999999999999998E-4,1.34E-4,-6.0
1.9999999999999998E-4,1.36E-4,-6.0
1.9999999999999998E-4,1.38E-4,-6.0
1.9999999999999998E-4,1.4E-4,-6.0
1.9999999999999998E-4,1.4199999999999998E-4,-6.0
1.9999999999999998E-4,1.44E-4,-6.0
1.9999999999999998E-4,1.46E-4,-6.0
1.9999999999999998E-4,1.48E-4,-6.0
1.9999999999999998E-4,1.5E-4,-6.0
1.9999999999999998E-4,1.5199999999999998E-4,-6.0
1.9999999999999998E-4,1.54E-4,-6.0
1.9999999999999998E-4,1.56E-4,-6.0
1.9999999999999998E-4,1.58E-4,-6.0
1.9999999999999998E-4,1.5999999999999999E-4,-6.0
1.9999999999999998E-4,1.6199999999999998E-4,-6.0
1.9999999999999998E-4,1.64E-4,-6.0
1.9999999999999998E-4,1.66E-4,-6.0
1.9999999999999998E-4,1.68E-4,-6.0
1.9999999999999998E-4,1.6999999999999999E-4,-6.0
1.9999999999999998E-4,1.7199999999999998E-4,-6.0
1.9999999999999998E-4,1.74E-4,-6.0
1.9999999999999998E-4,1.76E-4,-6.0
1.9999999999999998E-4,1.78E-4,-6.0
2.02E-4,0.0,-6.0
2.02E-4,2.0E-6,-6.0
2.02E-4,4.0E-6,-6.0
2.02E-4,6.0E-6,-6.0
2.02E-4,8.0E-6,-6.0
2.02E-4,9.999999999999999E-6,-6.0
2.02E-4,1.2E-5,-6.0
2.02E-4,1.4E-5,-6.0
2.02E-4,1.6E-5,-6.0
2.02E-4,1.8E-5,-6.0
2.02E-4,1.9999999999999998E-5,-6.0
2.02E-4,2.2E-5,-6.0
2.02E-4,2.4E-5,-6.0
2.02E-4,2.6E-5,-6.0
2.02E-4,2.8E-5,-6.0
2.02E-4,2.9999999999999997E-5,-6.0
2.02E-4,3.2E-5,-6.0
2.02E-4,3.4E-5,-6.0
2.02E-4,3.6E-5,-6.0
2.02E-4,3.7999999999999995E-5,-6.0
2.02E-4,3.9999999999999996E-5,-6.0
2.02E-4,4.2E-5,-6.0
2.02E-4,4.4E-5,-6.0
2.02E-4,4.6E-5,-6.0
2.02E-4,4.8E-5,-6.0
2.02E-4,4.9999999999999996E-5,-6.0
2.02E-4,5.2E-5,-6.0
2.02E-4,5.4E-5,-6.0
2.02E-4,5.6E-5,-6.0
2.02E-4,5.8E-5,-6.0
2.02E-4,5.9999999999999995E-5,-6.0
2.02E-4,6.2E-5,-6.0
2.02E-4,6.4E-5,-6.0
2.02E-4,6.599999999999999E-5,-6.0
2.02E-4,6.8E-5,-6.0
2.02E-4,7.0E-5,-6.0
2.02E-4,7.2E-5,-6.0
2.02E-4,7.4E-5,-6.0
2.02E-4,7.599999999999999E-5,-6.0
2.02E-4,7.8E-5,-6.0
2.02E-4,7.999999999999999E-5,-6.0
2.02E-4,8.2E-5,-6.0
2.02E-4,8.4E-5,-6.0
2.02E-4,8.599999999999999E-5,-6.0
2.02E-4,8.8E-5,-6.0
2.02E-4,8.999999999999999E-5,-6.0
2.02E-4,9.2E-5,-6.0
2.02E-4,9.4E-5,-6.0
2.02E-4,9.6E-5,-6.0
2.02E-4,9.8E-5,-6.0
2.02E-4,9.999999999999999E-5,-6.0
2.02E-4,1.02E-4,-6.0
2.02E-4,1.04E-4,-6.0
2.02E-4,1.06E-4,-6.0
2.02E-4,1.08E-4,-6.0
2.02E-4,1.0999999999999999E-4,-6.0
2.02E-4,1.12E-4,-6.0
2.02E-4,1.1399999999999999E-4,-6.0
2.02E-4,1.16E-4,-6.0
2.02E-4,1.18E-4,-6.0
2.02E-4,1.1999999999999999E-4,-6.0
2.02E-4,1.22E-4,-6.0
2.02E-4,1.24E-4,-6.0
2.02E-4,1.26E-4,-6.0
2.02E-4,1.28E-4,-6.0
2.02E-4,1.3E-4,-6.0
2.02E-4,1.3199999999999998E-4,-6.0
2.02E-4,1.34E-4,-6.0
2.02E-4,1.36E-4,-6.0
2.02E-4,1.38E-4,-6.0
2.02E-4,1.4E-4,-6.0
2.02E-4,1.4199999999999998E-4,-6.0
2.02E-4,1.44E-4,-6.0
2.02E-4,1.46E-4,-6.0
2.02E-4,1.48E-4,-6.0
2.02E-4,1.5E-4,-6.0
2.02E-4,1.5199999999999998E-4,-6.0
2.02E-4,1.54E-4,-6.0
2.02E-4,1.56E-4,-6.0
2.02E-4,1.58E-4,-6.0
2.02E-4,1.5999999999999999E-4,-6.0
2.02E-4,1.6199999999999998E-4,-6.0
2.02E-4,1.64E-4,-6.0
2.02E-4,1.66E-4,-6.0
2.02E-4,1.68E-4,-6.0
2.02E-4,1.6999999999999999E-4,-6.0
2.02E-4,1.7199999999999998E-4,-6.0
2.02E-4,1.74E-4,-6.0
2.02E-4,1.76E-4,-6.0
2.02E-4,1.78E-4,-6.0
2.04E-4,0.0,-6.0
2.04E-4,2.0E-6,-6.0
2.04E-4,4.0E-6,-6.0
2.04E-4,6.0E-6,-6.0
2.04E-4,8.0E-6,-6.0
2.04E-4,9.999999999999999E-6,-6.0
2.04E-4,1.2E-5,-6.0
2.04E-4,1.4E-5,-6.0
2.04E-4,1.6E-5,-6.0
2.04E-4,1.8E-5,-6.0
2.04E-4,1.9999999999999998E-5,-6.0
2.04E-4,2.2E-5,-6.0
2.04E-4,2.4E-5,-6.0
2.04E-4,2.6E-5,-6.0
2.04E-4,2.8E-5,-6.0
2.04E-4,2.9999999999999997E-5,-6.0
2.04E-4,3.2E-5,-6.0
2.04E-4,3.4E-5,-6.0
2.04E-4,3.6E-5,-6.0
2.04E-4,3.7999999999999995E-5,-6.0
2.04E-4,3.9999999999999996E-5,-6.0
2.04E-4,4.2E-5,-6.0
2.04E-4,4.4E-5,-6.0
2.04E-4,4.6E-5,-6.0
2.04E-4,4.8E-5,-6.0
2.04E-4,4.9999999999999996E-5,-6.0
2.04E-4,5.2E-5,-6.0
2.04E-4,5.4E-5,-6.0
2.04E-4,5.6E-5,-6.0
2.04E-4,5.8E-5,-6.0
2.04E-4,5.9999999999999995E-5,-6.0
2.04E-4,6.2E-5,-6.0
2.04E-4,6.4E-5,-6.0
2.04E-4,6.599999999999999E-5,-6.0
2.04E-4,6.8E-5,-6.0
2.04E-4,7.0E-5,-6.0
2.04E-4,7.2E-5,-6.0
2.04E-4,7.4E-5,-6.0
2.04E-4,7.599999999999999E-5,-6.0
2.04E-4,7.8E-5,-6.0
2.04E-4,7.999999999999999E-5,-6.0
2.04E-4,8.2E-5,-6.0
2.04E-4,8.4E-5,-6.0
2.04E-4,8.599999999999999E-5,-6.0
2.04E-4,8.8E-5,-6.0
2.04E-4,8.999999999999999E-5,-6.0
2.04E-4,9.2E-5,-6.0
2.04E-4,9.4E-5,-6.0
2.04E-4,9.6E-5,-6.0
2.04E-4,9.8E-5,-6.0
2.04E-4,9.999999999999999E-5,-6.0
2.04E-4,1.02E-4,-6.0
2.04E-4,1.04E-4,-6.0
2.04E-4,1.06E-4,-6.0
2.04E-4,1.08E-4,-6.0
2.04E-4,1.0999999999999999E-4,-6.0
2.04E-4,1.12E-4,-6.0
2.04E-4,1.1399999999999999E-4,-6.0
2.04E-4,1.16E-4,-6.0
2.04E-4,1.18E-4,-6.0
2.04E-4,1.1999999999999999E-4,-6.0
2.04E-4,1.22E-4,-6.0
2.04E-4,1.24E-4,-6.0
2.04E-4,1.26E-4,-6.0
2.04E-4,1.28E-4,-6.0
2.04E-4,1.3E-4,-6.0
2.04E-4,1.3199999999999998E-4,-6.0
2.04E-4,1.34E-4,-6.0
2.04E-4,1.36E-4,-6.0
2.04E-4,1.38E-4,-6.0
2.04E-4,1.4E-4,-6.0
2.04E-4,1.4199999999999998E-4,-6.0
2.04E-4,1.44E-4,-6.0
2.04E-4,1.46E-4,-6.0
2.04E-4,1.48E-4,-6.0
2.04E-4,1.5E-4,-6.0
2.04E-4,1.5199999999999998E-4,-6.0
2.04E-4,1.54E-4,-6.0
2.04E-4,1.56E-4,-6.0
2.04E-4,1.58E-4,-6.0
2.04E-4,1.5999999999999999E-4,-6.0
2.04E-4,1.6199999999999998E-4,-6.0
2.04E-4,1.64E-4,-6.0
2.04E-4,1.66E-4,-6.0
2.04E-4,1.68E-4,-6.0
2.04E-4,1.6999999999999999E-4,-6.0
2.04E-4,1.7199999999999998E-4,-6.0
2.04E-4,1.74E-4,-6.0
2.04E-4,1.76E-4,-6.0
2.04E-4,1.78E-4,-6.0
2.06E-4,0.0,-6.0
2.06E-4,2.0E-6,-6.0
2.06E-4,4.0E-6,-6.0
2.06E-4,6.0E-6,-6.0
2.06E-4,8.0E-6,-6.0
2.06E-4,9.999999999999999E-6,-6.0
2.06E-4,1.2E-5,-6.0
2.06E-4,1.4E-5,-6.0
2.06E-4,1.6E-5,-6.0
2.06E-4,1.8E-5,-6.0
2.06E-4,1.9999999999999998E-5,-6.0
2.06E-4,2.2E-5,-6.0
2.06E-4,2.4E-5,-6.0
2.06E-4,2.6E-5,-6.0
2.06E-4,2.8E-5,-6.0
2.06E-4,2.9999999999999997E-5,-6.0
2.06E-4,3.2E-5,-6.0
2.06E-4,3.4E-5,-6.0
2.06E-4,3.6E-5,-6.0
2.06E-4,3.7999999999999995E-5,-6.0
2.06E-4,3.9999999999999996E-5,-6.0
2.06E-4,4.2E-5,-6.0
2.06E-4,4.4E-5,-6.0
2.06E-4,4.6E-5,-6.0
2.06E-4,4.8E-5,-6.0
2.06E-4,4.9999999999999996E-5,-6.0
2.06E-4,5.2E-5,-6.0
2.06E-4,5.4E-5,-6.0
2.06E-4,5.6E-5,-6.0
2.06E-4,5.8E-5,-6.0
2.06E-4,5.9999999999999995E-5,-6.0
2.06E-4,6.2E-5,-6.0
2.06E-4,6.4E-5,-6.0
2.06E-4,6.599999999999999E-5,-6.0
2.06E-4,6.8E-5,-6.0
2.06E-4,7.0E-5,-6.0
2.06E-4,7.2E-5,-6.0
2.06E-4,7.4E-5,-6.0
2.06E-4,7.599999999999999E-5,-6.0
2.06E-4,7.8E-5,-6.0
2.06E-4,7.999999999999999E-5,-6.0
2.06E-4,8.2E-5,-6.0
2.06E-4,8.4E-5,-6.0
2.06E-4,8.599999999999999E-5,-6.0
2.06E-4,8.8E-5,-6.0
2.06E-4,8.999999999999999E-5,-6.0
2.06E-4,9.2E-5,-6.0
2.06E-4,9.4E-5,-6.0
2.06E-4,9.6E-5,-6.0
2.06E-4,9.8E-5,-6.0
2.06E-4,9.999999999999999E-5,-6.0
2.06E-4,1.02E-4,-6.0
2.06E-4,1.04E-4,-6.0
2.06E-4,1.06E-4,-6.0
2.06E-4,1.08E-4,-6.0
2.06E-4,1.0999999999999999E-4,-6.0
2.06E-4,1.12E-4,-6.0
2.06E-4,1.1399999999999999E-4,-6.0
2.06E-4,1.16E-4,-6.0
2.06E-4,1.18E-4,-6.0
2.06E-4,1.1999999999999999E-4,-6.0
2.06E-4,1.22E-4,-6.0
2.06E-4,1.24E-4,-6.0
2.06E-4,1.26E-4,-6.0
2.06E-4,1.28E-4,-6.0
2.06E-4,1.3E-4,-6.0
2.06E-4,1.3199999999999998E-4,-6.0
2.06E-4,1.34E-4,-6.0
2.06E-4,1.36E-4,-6.0
2.06E-4,1.38E-4,-6.0
2.06E-4,1.4E-4,-6.0
2.06E-4,1.4199999999999998E-4,-6.0
2.06E-4,1.44E-4,-6.0
2.06E-4,1.46E-4,-6.0
2.06E-4,1.48E-4,-6.0
2.06E-4,1.5E-4,-6.0
2.06E-4,1.5199999999999998E-4,-6.0
2.06E-4,1.54E-4,-6.0
2.06E-4,1.56E-4,-6.0
2.06E-4,1.58E-4,-6.0
2.06E-4,1.5999999999999999E-4,-6.0
2.06E-4,1.6199999999999998E-4,-6.0
2.06E-4,1.64E-4,-6.0
2.06E-4,1.66E-4,-6.0
2.06E-4,1.68E-4,-6.0
2.06E-4,1.6999999999999999E-4,-6.0
2.06E-4,1.7199999999999998E-4,-6.0
2.06E-4,1.74E-4,-6.0
2.06E-4,1.76E-4,-6.0
2.06E-4,1.78E-4,-6.0
2.08E-4,0.0,-6.0
2.08E-4,2.0E-6,-6.0
2.08E-4,4.0E-6,-6.0
2.08E-4,6.0E-6,-6.0
2.08E-4,8.0E-6,-6.0
2.08E-4,9.999999999999999E-6,-6.0
2.08E-4,1.2E-5,-6.0
2.08E-4,1.4E-5,-6.0
2.08E-4,1.6E-5,-6.0
2.08E-4,1.8E-5,-6.0
2.08E-4,1.9999999999999998E-5,-6.0
2.08E-4,2.2E-5,-6.0
2.08E-4,2.4E-5,-6.0
2.08E-4,2.6E-5,-6.0
2.08E-4,2.8E-5,-6.0
2.08E-4,2.9999999999999997E-5,-6.0
2.08E-4,3.2E-5,-6.0
2.08E-4,3.4E-5,-6.0
2.08E-4,3.6E-5,-6.0
2.08E-4,3.7999999999999995E-5,-6.0
2.08E-4,3.9999999999999996E-5,-6.0
2.08E-4,4.2E-5,-6.0
2.08E-4,4.4E-5,-6.0
2.08E-4,4.6E-5,-6.0
2.08E-4,4.8E-5,-6.0
2.08E-4,4.9999999999999996E-5,-6.0
2.08E-4,5.2E-5,-6.0
2.08E-4,5.4E-5,-6.0
2.08E-4,5.6E-5,-6.0
2.08E-4,5.8E-5,-6.0
2.08E-4,5.9999999999999995E-5,-6.0
2.08E-4,6.2E-5,-6.0
2.08E-4,6.4E-5,-6.0
2.08E-4,6.599999999999999E-5,-6.0
2.08E-4,6.8E-5,-6.0
2.08E-4,7.0E-5,-6.0
2.08E-4,7.2E-5,-6.0
2.08E-4,7.4E-5,-6.0
2.08E-4,7.599999999999999E-5,-6.0
2.08E-4,7.8E-5,-6.0
2.08E-4,7.999999999999999E-5,-6.0
2.08E-4,8.2E-5,-6.0
2.08E-4,8.4E-5,-6.0
2.08E-4,8.599999999999999E-5,-6.0
2.08E-4,8.8E-5,-6.0
2.08E-4,8.999999999999999E-5,-6.0
2.08E-4,9.2E-5,-6.0
2.08E-4,9.4E-5,-6.0
2.08E-4,9.6E-5,-6.0
2.08E-4,9.8E-5,-6.0
2.08E-4,9.999999999999999E-5,-6.0
2.08E-4,1.02E-4,-6.0
2.08E-4,1.04E-4,-6.0
2.08E-4,1.06E-4,-6.0
2.08E-4,1.08E-4,-6.0
2.08E-4,1.0999999999999999E-4,-6.0
2.08E-4,1.12E-4,-6.0
2.08E-4,1.1399999999999999E-4,-6.0
2.08E-4,1.16E-4,-6.0
2.08E-4,1.18E-4,-6.0
2.08E-4,1.1999999999999999E-4,-6.0
2.08E-4,1.22E-4,-6.0
2.08E-4,1.24E-4,-6.0
2.08E-4,1.26E-4,-6.0
2.08E-4,1.28E-4,-6.0
2.08E-4,1.3E-4,-6.0
2.08E-4,1.3199999999999998E-4,-6.0
2.08E-4,1.34E-4,-6.0
2.08E-4,1.36E-4,-6.0
2.08E-4,1.38E-4,-6.0
2.08E-4,1.4E-4,-6.0
2.08E-4,1.4199999999999998E-4,-6.0
2.08E-4,1.44E-4,-6.0
2.08E-4,1.46E-4,-6.0
2.08E-4,1.48E-4,-6.0
2.08E-4,1.5E-4,-6.0
2.08E-4,1.5199999999999998E-4,-6.0
2.08E-4,1.54E-4,-6.0
2.08E-4,1.56E-4,-6.0
2.08E-4,1.58E-4,-6.0
2.08E-4,1.5999999999999999E-4,-6.0
2.08E-4,1.6199999999999998E-4,-6.0
2.08E-4,1.64E-4,-6.0
2.08E-4,1.66E-4,-6.0
2.08E-4,1.68E-4,-6.0
2.08E-4,1.6999999999999999E-4,-6.0
2.08E-4,1.7199999999999998E-4,-6.0
2.08E-4,1.74E-4,-6.0
2.08E-4,1.76E-4,-6.0
2.08E-4,1.78E-4,-6.0
2.0999999999999998E-4,0.0,-6.0
2.0999999999999998E-4,2.0E-6,-6.0
2.0999999999999998E-4,4.0E-6,-6.0
2.0999999999999998E-4,6.0E-6,-6.0
2.0999999999999998E-4,8.0E-6,-6.0
2.0999999999999998E-4,9.999999999999999E-6,-6.0
2.0999999999999998E-4,1.2E-5,-6.0
2.0999999999999998E-4,1.4E-5,-6.0
2.0999999999999998E-4,1.6E-5,-6.0
2.0999999999999998E-4,1.8E-5,-6.0
2.0999999999999998E-4,1.9999999999999998E-5,-6.0
2.0999999999999998E-4,2.2E-5,-6.0
2.0999999999999998E-4,2.4E-5,-6.0
2.0999999999999998E-4,2.6E-5,-6.0
2.0999999999999998E-4,2.8E-5,-6.0
2.0999999999999998E-4,2.9999999999999997E-5,-6.0
2.0999999999999998E-4,3.2E-5,-6.0
2.0999999999999998E-4,3.4E-5,-6.0
2.0999999999999998E-4,3.6E-5,-6.0
2.0999999999999998E-4,3.7999999999999995E-5,-6.0
2.0999999999999998E-4,3.9999999999999996E-5,-6.0
2.0999999999999998E-4,4.2E-5,-6.0
2.0999999999999998E-4,4.4E-5,-6.0
2.0999999999999998E-4,4.6E-5,-6.0
2.0999999999999998E-4,4.8E-5,-6.0
2.0999999999999998E-4,4.9999999999999996E-5,-6.0
2.0999999999999998E-4,5.2E-5,-6.0
2.0999999999999998E-4,5.4E-5,-6.0
2.0999999999999998E-4,5.6E-5,-6.0
2.0999999999999998E-4,5.8E-5,-6.0
2.0999999999999998E-4,5.9999999999999995E-5,-6.0
2.0999999999999998E-4,6.2E-5,-6.0
2.0999999999999998E-4,6.4E-5,-6.0
2.0999999999999998E-4,6.599999999999999E-5,-6.0
2.0999999999999998E-4,6.8E-5,-6.0
2.0999999999999998E-4,7.0E-5,-6.0
2.0999999999999998E-4,7.2E-5,-6.0
2.0999999999999998E-4,7.4E-5,-6.0
2.0999999999999998E-4,7.599999999999999E-5,-6.0
2.0999999999999998E-4,7.8E-5,-6.0
2.0999999999999998E-4,7.999999999999999E-5,-6.0
2.0999999999999998E-4,8.2E-5,-6.0
2.0999999999999998E-4,8.4E-5,-6.0
2.0999999999999998E-4,8.599999999999999E-5,-6.0
2.0999999999999998E-4,8.8E-5,-6.0
2.0999999999999998E-4,8.999999999999999E-5,-6.0
2.0999999999999998E-4,9.2E-5,-6.0
2.0999999999999998E-4,9.4E-5,-6.0
2.0999999999999998E-4,9.6E-5,-6.0
2.0999999999999998E-4,9.8E-5,-6.0
2.0999999999999998E-4,9.999999999999999E-5,-6.0
2.0999999999999998E-4,1.02E-4,-6.0
2.0999999999999998E-4,1.04E-4,-6.0
2.0999999999999998E-4,1.06E-4,-6.0
2.0999999999999998E-4,1.08E-4,-6.0
2.0999999999999998E-4,1.0999999999999999E-4,-6.0
2.0999999999999998E-4,1.12E-4,-6.0
2.0999999999999998E-4,1.1399999999999999E-4,-6.0
2.0999999999999998E-4,1.16E-4,-6.0
2.0999999999999998E-4,1.18E-4,-6.0
2.0999999999999998E-4,1.1999999999999999E-4,-6.0
2.0999999999999998E-4,1.22E-4,-6.0
2.0999999999999998E-4,1.24E-4,-6.0
2.0999999999999998E-4,1.26E-4,-6.0
2.0999999999999998E-4,1.28E-4,-6.0
2.0999999999999998E-4,1.3E-4,-6.0
2.0999999999999998E-4,1.3199999999999998E-4,-6.0
2.0999999999999998E-4,1.34E-4,-6.0
2.0999999999999998E-4,1.36E-4,-6.0
2.0999999999999998E-4,1.38E-4,-6.0
2.0999999999999998E-4,1.4E-4,-6.0
2.0999999999999998E-4,1.4199999999999998E-4,-6.0
2.0999999999999998E-4,1.44E-4,-6.0
2.0999999999999998E-4,1.46E-4,-6.0
2.0999999999999998E-4,1.48E-4,-6.0
2.0999999999999998E-4,1.5E-4,-6.0
2.0999999999999998E-4,1.5199999999999998E-4,-6.0
2.0999999999999998E-4,1.54E-4,-6.0
2.0999999999999998E-4,1.56E-4,-6.0
2.0999999999999998E-4,1.58E-4,-6.0
2.0999999999999998E-4,1.5999999999999999E-4,-6.0
2.0999999999999998E-4,1.6199999999999998E-4,-6.0
2.0999999999999998E-4,1.64E-4,-6.0
2.0999999999999998E-4,1.66E-4,-6.0
2.0999999999999998E-4,1.68E-4,-6.0
2.0999999999999998E-4,1.6999999999999999E-4,-6.0
2.0999999999999998E-4,1.7199999999999998E-4,-6.0
2.0999999999999998E-4,1.74E-4,-6.0
2.0999999999999998E-4,1.76E-4,-6.0
2.0999999999999998E-4,1.78E-4,-6.0
2.12E-4,0.0,-6.0
2.12E-4,2.0E-6,-6.0
2.12E-4,4.0E-6,-6.0
2.12E-4,6.0E-6,-6.0
2.12E-4,8.0E-6,-6.0
2.12E-4,9.999999999999999E-6,-6.0
2.12E-4,1.2E-5,-6.0
2.12E-4,1.4E-5,-6.0
2.12E-4,1.6E-5,-6.0
2.12E-4,1.8E-5,-6.0
2.12E-4,1.9999999999999998E-5,-6.0
2.12E-4,2.2E-5,-6.0
2.12E-4,2.4E-5,-6.0
2.12E-4,2.6E-5,-6.0
2.12E-4,2.8E-5,-6.0
2.12E-4,2.9999999999999997E-5,-6.0
2.12E-4,3.2E-5,-6.0
2.12E-4,3.4E-5,-6.0
2.12E-4,3.6E-5,-6.0
2.12E-4,3.7999999999999995E-5,-6.0
2.12E-4,3.9999999999999996E-5,-6.0
2.12E-4,4.2E-5,-6.0
2.12E-4,4.4E-5,-6.0
2.12E-4,4.6E-5,-6.0
2.12E-4,4.8E-5,-6.0
2.12E-4,4.9999999999999996E-5,-6.0
2.12E-4,5.2E-5,-6.0
2.12E-4,5.4E-5,-6.0
2.12E-4,5.6E-5,-6.0
2.12E-4,5.8E-5,-6.0
2.12E-4,5.9999999999999995E-5,-6.0
2.12E-4,6.2E-5,-6.0
2.12E-4,6.4E-5,-6.0
2.12E-4,6.599999999999999E-5,-6.0
2.12E-4,6.8E-5,-6.0
2.12E-4,7.0E-5,-6.0
2.12E-4,7.2E-5,-6.0
2.12E-4,7.4E-5,-6.0
2.12E-4,7.599999999999999E-5,-6.0
2.12E-4,7.8E-5,-6.0
2.12E-4,7.999999999999999E-5,-6.0
2.12E-4,8.2E-5,-6.0
2.12E-4,8.4E-5,-6.0
2.12E-4,8.599999999999999E-5,-6.0
2.12E-4,8.8E-5,-6.0
2.12E-4,8.999999999999999E-5,-6.0
2.12E-4,9.2E-5,-6.0
2.12E-4,9.4E-5,-6.0
2.12E-4,9.6E-5,-6.0
2.12E-4,9.8E-5,-6.0
2.12E-4,9.999999999999999E-5,-6.0
2.12E-4,1.02E-4,-6.0
2.12E-4,1.04E-4,-6.0
2.12E-4,1.06E-4,-6.0
2.12E-4,1.08E-4,-6.0
2.12E-4,1.0999999999999999E-4,-6.0
2.12E-4,1.12E-4,-6.0
2.12E-4,1.1399999999999999E-4,-6.0
2.12E-4,1.16E-4,-6.0
2.12E-4,1.18E-4,-6.0
2.12E-4,1.1999999999999999E-4,-6.0
2.12E-4,1.22E-4,-6.0
2.12E-4,1.24E-4,-6.0
2.12E-4,1.26E-4,-6.0
2.12E-4,1.28E-4,-6.0
2.12E-4,1.3E-4,-6.0
2.12E-4,1.3199999999999998E-4,-6.0
2.12E-4,1.34E-4,-6.0
2.12E-4,1.36E-4,-6.0
2.12E-4,1.38E-4,-6.0
2.12E-4,1.4E-4,-6.0
2.12E-4,1.4199999999999998E-4,-6.0
2.12E-4,1.44E-4,-6.0
2.12E-4,1.46E-4,-6.0
2.12E-4,1.48E-4,-6.0
2.12E-4,1.5E-4,-6.0
2.12E-4,1.5199999999999998E-4,-6.0
2.12E-4,1.54E-4,-6.0
2.12E-4,1.56E-4,-6.0
2.12E-4,1.58E-4,-6.0
2.12E-4,1.5999999999999999E-4,-6.0
2.12E-4,1.6199999999999998E-4,-6.0
2.12E-4,1.64E-4,-6.0
2.12E-4,1.66E-4,-6.0
2.12E-4,1.68E-4,-6.0
2.12E-4,1.6999999999999999E-4,-6.0
2.12E-4,1.7199999999999998E-4,-6.0
2.12E-4,1.74E-4,-6.0
2.12E-4,1.76E-4,-6.0
2.12E-4,1.78E-4,-6.0
2.14E-4,0.0,-6.0
2.14E-4,2.0E-6,-6.0
2.14E-4,4.0E-6,-6.0
2.14E-4,6.0E-6,-6.0
2.14E-4,8.0E-6,-6.0
2.14E-4,9.999999999999999E-6,-6.0
2.14E-4,1.2E-5,-6.0
2.14E-4,1.4E-5,-6.0
2.14E-4,1.6E-5,-6.0
2.14E-4,1.8E-5,-6.0
2.14E-4,1.9999999999999998E-5,-6.0
2.14E-4,2.2E-5,-6.0
2.14E-4,2.4E-5,-6.0
2.14E-4,2.6E-5,-6.0
2.14E-4,2.8E-5,-6.0
2.14E-4,2.9999999999999997E-5,-6.0
2.14E-4,3.2E-5,-6.0
2.14E-4,3.4E-5,-6.0
2.14E-4,3.6E-5,-6.0
2.14E-4,3.7999999999999995E-5,-6.0
2.14E-4,3.9999999999999996E-5,-6.0
2.14E-4,4.2E-5,-6.0
2.14E-4,4.4E-5,-6.0
2.14E-4,4.6E-5,-6.0
2.14E-4,4.8E-5,-6.0
2.14E-4,4.9999999999999996E-5,-6.0
2.14E-4,5.2E-5,-6.0
2.14E-4,5.4E-5,-6.0
2.14E-4,5.6E-5,-6.0
2.14E-4,5.8E-5,-6.0
2.14E-4,5.9999999999999995E-5,-6.0
2.14E-4,6.2E-5,-6.0
2.14E-4,6.4E-5,-6.0
2.14E-4,6.599999999999999E-5,-6.0
2.14E-4,6.8E-5,-6.0
2.14E-4,7.0E-5,-6.0
2.14E-4,7.2E-5,-6.0
2.14E-4,7.4E-5,-6.0
2.14E-4,7.599999999999999E-5,-6.0
2.14E-4,7.8E-5,-6.0
2.14E-4,7.999999999999999E-5,-6.0
2.14E-4,8.2E-5,-6.0
2.14E-4,8.4E-5,-6.0
2.14E-4,8.599999999999999E-5,-6.0
2.14E-4,8.8E-5,-6.0
2.14E-4,8.999999999999999E-5,-6.0
2.14E-4,9.2E-5,-6.0
2.14E-4,9.4E-5,-6.0
2.14E-4,9.6E-5,-6.0
2.14E-4,9.8E-5,-6.0
2.14E-4,9.999999999999999E-5,-6.0
2.14E-4,1.02E-4,-6.0
2.14E-4,1.04E-4,-6.0
2.14E-4,1.06E-4,-6.0
2.14E-4,1.08E-4,-6.0
2.14E-4,1.0999999999999999E-4,-6.0
2.14E-4,1.12E-4,-6.0
2.14E-4,1.1399999999999999E-4,-6.0
2.14E-4,1.16E-4,-6.0
2.14E-4,1.18E-4,-6.0
2.14E-4,1.1999999999999999E-4,-6.0
2.14E-4,1.22E-4,-6.0
2.14E-4,1.24E-4,-6.0
2.14E-4,1.26E-4,-6.0
2.14E-4,1.28E-4,-6.0
2.14E-4,1.3E-4,-6.0
2.14E-4,1.3199999999999998E-4,-6.0
2.14E-4,1.34E-4,-6.0
2.14E-4,1.36E-4,-6.0
2.14E-4,1.38E-4,-6.0
2.14E-4,1.4E-4,-6.0
2.14E-4,1.4199999999999998E-4,-6.0
2.14E-4,1.44E-4,-6.0
2.14E-4,1.46E-4,-6.0
2.14E-4,1.48E-4,-6.0
2.14E-4,1.5E-4,-6.0
2.14E-4,1.5199999999999998E-4,-6.0
2.14E-4,1.54E-4,-6.0
2.14E-4,1.56E-4,-6.0
2.14E-4,1.58E-4,-6.0
2.14E-4,1.5999999999999999E-4,-6.0
2.14E-4,1.6199999999999998E-4,-6.0
2.14E-4,1.64E-4,-6.0
2.14E-4,1.66E-4,-6.0
2.14E-4,1.68E-4,-6.0
2.14E-4,1.6999999999999999E-4,-6.0
2.14E-4,1.7199999999999998E-4,-6.0
2.14E-4,1.74E-4,-6.0
2.14E-4,1.76E-4,-6.0
2.14E-4,1.78E-4,-6.0
2.16E-4,0.0,-6.0
2.16E-4,2.0E-6,-6.0
2.16E-4,4.0E-6,-6.0
2.16E-4,6.0E-6,-6.0
2.16E-4,8.0E-6,-6.0
2.16E-4,9.999999999999999E-6,-6.0
2.16E-4,1.2E-5,-6.0
2.16E-4,1.4E-5,-6.0
2.16E-4,1.6E-5,-6.0
2.16E-4,1.8E-5,-6.0
2.16E-4,1.9999999999999998E-5,-6.0
2.16E-4,2.2E-5,-6.0
2.16E-4,2.4E-5,-6.0
2.16E-4,2.6E-5,-6.0
2.16E-4,2.8E-5,-6.0
2.16E-4,2.9999999999999997E-5,-6.0
2.16E-4,3.2E-5,-6.0
2.16E-4,3.4E-5,-6.0
2.16E-4,3.6E-5,-6.0
2.16E-4,3.7999999999999995E-5,-6.0
2.16E-4,3.9999999999999996E-5,-6.0
2.16E-4,4.2E-5,-6.0
2.16E-4,4.4E-5,-6.0
2.16E-4,4.6E-5,-6.0
2.16E-4,4.8E-5,-6.0
2.16E-4,4.9999999999999996E-5,-6.0
2.16E-4,5.2E-5,-6.0
2.16E-4,5.4E-5,-6.0
2.16E-4,5.6E-5,-6.0
2.16E-4,5.8E-5,-6.0
2.16E-4,5.9999999999999995E-5,-6.0
2.16E-4,6.2E-5,-6.0
2.16E-4,6.4E-5,-6.0
2.16E-4,6.599999999999999E-5,-6.0
2.16E-4,6.8E-5,-6.0
2.16E-4,7.0E-5,-6.0
2.16E-4,7.2E-5,-6.0
2.16E-4,7.4E-5,-6.0
2.16E-4,7.599999999999999E-5,-6.0
2.16E-4,7.8E-5,-6.0
2.16E-4,7.999999999999999E-5,-6.0
2.16E-4,8.2E-5,-6.0
2.16E-4,8.4E-5,-6.0
2.16E-4,8.599999999999999E-5,-6.0
2.16E-4,8.8E-5,-6.0
2.16E-4,8.999999999999999E-5,-6.0
2.16E-4,9.2E-5,-6.0
2.16E-4,9.4E-5,-6.0
2.16E-4,9.6E-5,-6.0
2.16E-4,9.8E-5,-6.0
2.16E-4,9.999999999999999E-5,-6.0
2.16E-4,1.02E-4,-6.0
2.16E-4,1.04E-4,-6.0
2.16E-4,1.06E-4,-6.0
2.16E-4,1.08E-4,-6.0
2.16E-4,1.0999999999999999E-4,-6.0
2.16E-4,1.12E-4,-6.0
2.16E-4,1.1399999999999999E-4,-6.0
2.16E-4,1.16E-4,-6.0
2.16E-4,1.18E-4,-6.0
2.16E-4,1.1999999999999999E-4,-6.0
2.16E-4,1.22E-4,-6.0
2.16E-4,1.24E-4,-6.0
2.16E-4,1.26E-4,-6.0
2.16E-4,1.28E-4,-6.0
2.16E-4,1.3E-4,-6.0
2.16E-4,1.3199999999999998E-4,-6.0
2.16E-4,1.34E-4,-6.0
2.16E-4,1.36E-4,-6.0
2.16E-4,1.38E-4,-6.0
2.16E-4,1.4E-4,-6.0
2.16E-4,1.4199999999999998E-4,-6.0
2.16E-4,1.44E-4,-6.0
2.16E-4,1.46E-4,-6.0
2.16E-4,1.48E-4,-6.0
2.16E-4,1.5E-4,-6.0
2.16E-4,1.5199999999999998E-4,-6.0
2.16E-4,1.54E-4,-6.0
2.16E-4,1.56E-4,-6.0
2.16E-4,1.58E-4,-6.0
2.16E-4,1.5999999999999999E-4,-6.0
2.16E-4,1.6199999999999998E-4,-6.0
2.16E-4,1.64E-4,-6.0
2.16E-4,1.66E-4,-6.0
2.16E-4,1.68E-4,-6.0
2.16E-4,1.6999999999999999E-4,-6.0
2.16E-4,1.7199999999999998E-4,-6.0
2.16E-4,1.74E-4,-6.0
2.16E-4,1.76E-4,-6.0
2.16E-4,1.78E-4,-6.0
2.1799999999999999E-4,0.0,-6.0
2.1799999999999999E-4,2.0E-6,-6.0
2.1799999999999999E-4,4.0E-6,-6.0
2.1799999999999999E-4,6.0E-6,-6.0
2.1799999999999999E-4,8.0E-6,-6.0
2.1799999999999999E-4,9.999999999999999E-6,-6.0
2.1799999999999999E-4,1.2E-5,-6.0
2.1799999999999999E-4,1.4E-5,-6.0
2.1799999999999999E-4,1.6E-5,-6.0
2.1799999999999999E-4,1.8E-5,-6.0
2.1799999999999999E-4,1.9999999999999998E-5,-6.0
2.1799999999999999E-4,2.2E-5,-6.0
2.1799999999999999E-4,2.4E-5,-6.0
2.1799999999999999E-4,2.6E-5,-6.0
2.1799999999999999E-4,2.8E-5,-6.0
2.1799999999999999E-4,2.9999999999999997E-5,-6.0
2.1799999999999999E-4,3.2E-5,-6.0
2.1799999999999999E-4,3.4E-5,-6.0
2.1799999999999999E-4,3.6E-5,-6.0
2.1799999999999999E-4,3.7999999999999995E-5,-6.0
2.1799999999999999E-4,3.9999999999999996E-5,-6.0
2.1799999999999999E-4,4.2E-5,-6.0
2.1799999999999999E-4,4.4E-5,-6.0
2.1799999999999999E-4,4.6E-5,-6.0
2.1799999999999999E-4,4.8E-5,-6.0
2.1799999999999999E-4,4.9999999999999996E-5,-6.0
2.1799999999999999E-4,5.2E-5,-6.0
2.1799999999999999E-4,5.4E-5,-6.0
2.1799999999999999E-4,5.6E-5,-6.0
2.1799999999999999E-4,5.8E-5,-6.0
2.1799999999999999E-4,5.9999999999999995E-5,-6.0
2.1799999999999999E-4,6.2E-5,-6.0
2.1799999999999999E-4,6.4E-5,-6.0
2.1799999999999999E-4,6.599999999999999E-5,-6.0
2.1799999999999999E-4,6.8E-5,-6.0
2.1799999999999999E-4,7.0E-5,-6.0
2.1799999999999999E-4,7.2E-5,-6.0
2.1799999999999999E-4,7.4E-5,-6.0
2.1799999999999999E-4,7.599999999999999E-5,-6.0
2.1799999999999999E-4,7.8E-5,-6.0
2.1799999999999999E-4,7.999999999999999E-5,-6.0
2.1799999999999999E-4,8.2E-5,-6.0
2.1799999999999999E-4,8.4E-5,-6.0
2.1799999999999999E-4,8.599999999999999E-5,-6.0
2.1799999999999999E-4,8.8E-5,-6.0
2.1799999999999999E-4,8.999999999999999E-5,-6.0
2.1799999999999999E-4,9.2E-5,-6.0
2.1799999999999999E-4,9.4E-5,-6.0
2.1799999999999999E-4,9.6E-5,-6.0
2.1799999999999999E-4,9.8E-5,-6.0
2.1799999999999999E-4,9.999999999999999E-5,-6.0
2.1799999999999999E-4,1.02E-4,-6.0
2.1799999999999999E-4,1.04E-4,-6.0
2.1799999999999999E-4,1.06E-4,-6.0
2.1799999999999999E-4,1.08E-4,-6.0
2.1799999999999999E-4,1.0999999999999999E-4,-6.0
2.1799999999999999E-4,1.12E-4,-6.0
2.1799999999999999E-4,1.1399999999999999E-4,-6.0
2.1799999999999999E-4,1.16E-4,-6.0
2.1799999999999999E-4,1.18E-4,-6.0
2.1799999999999999E-4,1.1999999999999999E-4,-6.0
2.1799999999999999E-4,1.22E-4,-6.0
2.1799999999999999E-4,1.24E-4,-6.0
2.1799999999999999E-4,1.26E-4,-6.0
2.1799999999999999E-4,1.28E-4,-6.0
2.1799999999999999E-4,1.3E-4,-6.0
2.1799999999999999E-4,1.3199999999999998E-4,-6.0
2.1799999999999999E-4,1.34E-4,-6.0
2.1799999999999999E-4,1.36E-4,-6.0
2.1799999999999999E-4,1.38E-4,-6.0
2.1799999999999999E-4,1.4E-4,-6.0
2.1799999999999999E-4,1.4199999999999998E-4,-6.0
2.1799999999999999E-4,1.44E-4,-6.0
2.1799999999999999E-4,1.46E-4,-6.0
2.1799999999999999E-4,1.48E-4,-6.0
2.1799999999999999E-4,1.5E-4,-6.0
2.1799999999999999E-4,1.5199999999999998E-4,-6.0
2.1799999999999999E-4,1.54E-4,-6.0
2.1799999999999999E-4,1.56E-4,-6.0
2.1799999999999999E-4,1.58E-4,-6.0
2.1799999999999999E-4,1.5999999999999999E-4,-6.0
2.1799999999999999E-4,1.6199999999999998E-4,-6.0
2.1799999999999999E-4,1.64E-4,-6.0
2.1799999999999999E-4,1.66E-4,-6.0
2.1799999999999999E-4,1.68E-4,-6.0
2.1799999999999999E-4,1.6999999999999999E-4,-6.0
2.1799999999999999E-4,1.7199999999999998E-4,-6.0
2.1799999999999999E-4,1.74E-4,-6.0
2.1799999999999999E-4,1.76E-4,-6.0
2.1799999999999999E-4,1.78E-4,-6.0
2.1999999999999998E-4,0.0,-6.0
2.1999999999999998E-4,2.0E-6,-6.0
2.1999999999999998E-4,4.0E-6,-6.0
2.1999999999999998E-4,6.0E-6,-6.0
2.1999999999999998E-4,8.0E-6,-6.0
2.1999999999999998E-4,9.999999999999999E-6,-6.0
2.1999999999999998E-4,1.2E-5,-6.0
2.1999999999999998E-4,1.4E-5,-6.0
2.1999999999999998E-4,1.6E-5,-6.0
2.1999999999999998E-4,1.8E-5,-6.0
2.1999999999999998E-4,1.9999999999999998E-5,-6.0
2.1999999999999998E-4,2.2E-5,-6.0
2.1999999999999998E-4,2.4E-5,-6.0
2.1999999999999998E-4,2.6E-5,-6.0
2.1999999999999998E-4,2.8E-5,-6.0
2.1999999999999998E-4,2.9999999999999997E-5,-6.0
2.1999999999999998E-4,3.2E-5,-6.0
2.1999999999999998E-4,3.4E-5,-6.0
2.1999999999999998E-4,3.6E-5,-6.0
2.1999999999999998E-4,3.7999999999999995E-5,-6.0
2.1999999999999998E-4,3.9999999999999996E-5,-6.0
2.1999999999999998E-4,4.2E-5,-6.0
2.1999999999999998E-4,4.4E-5,-6.0
2.1999999999999998E-4,4.6E-5,-6.0
2.1999999999999998E-4,4.8E-5,-6.0
2.1999999999999998E-4,4.9999999999999996E-5,-6.0
2.1999999999999998E-4,5.2E-5,-6.0
2.1999999999999998E-4,5.4E-5,-6.0
2.1999999999999998E-4,5.6E-5,-6.0
2.1999999999999998E-4,5.8E-5,-6.0
2.1999999999999998E-4,5.9999999999999995E-5,-6.0
2.1999999999999998E-4,6.2E-5,-6.0
2.1999999999999998E-4,6.4E-5,-6.0
2.1999999999999998E-4,6.599999999999999E-5,-6.0
2.1999999999999998E-4,6.8E-5,-6.0
2.1999999999999998E-4,7.0E-5,-6.0
2.1999999999999998E-4,7.2E-5,-6.0
2.1999999999999998E-4,7.4E-5,-6.0
2.1999999999999998E-4,7.599999999999999E-5,-6.0
2.1999999999999998E-4,7.8E-5,-6.0
2.1999999999999998E-4,7.999999999999999E-5,-6.0
2.1999999999999998E-4,8.2E-5,-6.0
2.1999999999999998E-4,8.4E-5,-6.0
2.1999999999999998E-4,8.599999999999999E-5,-6.0
2.1999999999999998E-4,8.8E-5,-6.0
2.1999999999999998E-4,8.999999999999999E-5,-6.0
2.1999999999999998E-4,9.2E-5,-6.0
2.1999999999999998E-4,9.4E-5,-6.0
2.1999999999999998E-4,9.6E-5,-6.0
2.1999999999999998E-4,9.8E-5,-6.0
2.1999999999999998E-4,9.999999999999999E-5,-6.0
2.1999999999999998E-4,1.02E-4,-6.0
2.1999999999999998E-4,1.04E-4,-6.0
2.1999999999999998E-4,1.06E-4,-6.0
2.1999999999999998E-4,1.08E-4,-6.0
2.1999999999999998E-4,1.0999999999999999E-4,-6.0
2.1999999999999998E-4,1.12E-4,-6.0
2.1999999999999998E-4,1.1399999999999999E-4,-6.0
2.1999999999999998E-4,1.16E-4,-6.0
2.1999999999999998E-4,1.18E-4,-6.0
2.1999999999999998E-4,1.1999999999999999E-4,-6.0
2.1999999999999998E-4,1.22E-4,-6.0
2.1999999999999998E-4,1.24E-4,-6.0
2.1999999999999998E-4,1.26E-4,-6.0
2.1999999999999998E-4,1.28E-4,-6.0
2.1999999999999998E-4,1.3E-4,-6.0
2.1999999999999998E-4,1.3199999999999998E-4,-6.0
2.1999999999999998E-4,1.34E-4,-6.0
2.1999999999999998E-4,1.36E-4,-6.0
2.1999999999999998E-4,1.38E-4,-6.0
2.1999999999999998E-4,1.4E-4,-6.0
2.1999999999999998E-4,1.4199999999999998E-4,-6.0
2.1999999999999998E-4,1.44E-4,-6.0
2.1999999999999998E-4,1.46E-4,-6.0
2.1999999999999998E-4,1.48E-4,-6.0
2.1999999999999998E-4,1.5E-4,-6.0
2.1999999999999998E-4,1.5199999999999998E-4,-6.0
2.1999999999999998E-4,1.54E-4,-6.0
2.1999999999999998E-4,1.56E-4,-6.0
2.1999999999999998E-4,1.58E-4,-6.0
2.1999999999999998E-4,1.5999999999999999E-4,-6.0
2.1999999999999998E-4,1.6199999999999998E-4,-6.0
2.1999999999999998E-4,1.64E-4,-6.0
2.1999999999999998E-4,1.66E-4,-6.0
2.1999999999999998E-4,1.68E-4,-6.0
2.1999999999999998E-4,1.6999999999999999E-4,-6.0
2.1999999999999998E-4,1.7199999999999998E-4,-6.0
2.1999999999999998E-4,1.74E-4,-6.0
2.1999999999999998E-4,1.76E-4,-6.0
2.1999999999999998E-4,1.78E-4,-6.0
2.22E-4,0.0,-6.0
2.22E-4,2.0E-6,-6.0
2.22E-4,4.0E-6,-6.0
2.22E-4,6.0E-6,-6.0
2.22E-4,8.0E-6,-6.0
2.22E-4,9.999999999999999E-6,-6.0
2.22E-4,1.2E-5,-6.0
2.22E-4,1.4E-5,-6.0
2.22E-4,1.6E-5,-6.0
2.22E-4,1.8E-5,-6.0
2.22E-4,1.9999999999999998E-5,-6.0
2.22E-4,2.2E-5,-6.0
2.22E-4,2.4E-5,-6.0
2.22E-4,2.6E-5,-6.0
2.22E-4,2.8E-5,-6.0
2.22E-4,2.9999999999999997E-5,-6.0
2.22E-4,3.2E-5,-6.0
2.22E-4,3.4E-5,-6.0
2.22E-4,3.6E-5,-6.0
2.22E-4,3.7999999999999995E-5,-6.0
2.22E-4,3.9999999999999996E-5,-6.0
2.22E-4,4.2E-5,-6.0
2.22E-4,4.4E-5,-6.0
2.22E-4,4.6E-5,-6.0
2.22E-4,4.8E-5,-6.0
2.22E-4,4.9999999999999996E-5,-6.0
2.22E-4,5.2E-5,-6.0
2.22E-4,5.4E-5,-6.0
2.22E-4,5.6E-5,-6.0
2.22E-4,5.8E-5,-6.0
2.22E-4,5.9999999999999995E-5,-6.0
2.22E-4,6.2E-5,-6.0
2.22E-4,6.4E-5,-6.0
2.22E-4,6.599999999999999E-5,-6.0
2.22E-4,6.8E-5,-6.0
2.22E-4,7.0E-5,-6.0
2.22E-4,7.2E-5,-6.0
2.22E-4,7.4E-5,-6.0
2.22E-4,7.599999999999999E-5,-6.0
2.22E-4,7.8E-5,-6.0
2.22E-4,7.999999999999999E-5,-6.0
2.22E-4,8.2E-5,-6.0
2.22E-4,8.4E-5,-6.0
2.22E-4,8.599999999999999E-5,-6.0
2.22E-4,8.8E-5,-6.0
2.22E-4,8.999999999999999E-5,-6.0
2.22E-4,9.2E-5,-6.0
2.22E-4,9.4E-5,-6.0
2.22E-4,9.6E-5,-6.0
2.22E-4,9.8E-5,-6.0
2.22E-4,9.999999999999999E-5,-6.0
2.22E-4,1.02E-4,-6.0
2.22E-4,1.04E-4,-6.0
2.22E-4,1.06E-4,-6.0
2.22E-4,1.08E-4,-6.0
2.22E-4,1.0999999999999999E-4,-6.0
2.22E-4,1.12E-4,-6.0
2.22E-4,1.1399999999999999E-4,-6.0
2.22E-4,1.16E-4,-6.0
2.22E-4,1.18E-4,-6.0
2.22E-4,1.1999999999999999E-4,-6.0
2.22E-4,1.22E-4,-6.0
2.22E-4,1.24E-4,-6.0
2.22E-4,1.26E-4,-6.0
2.22E-4,1.28E-4,-6.0
2.22E-4,1.3E-4,-6.0
2.22E-4,1.3199999999999998E-4,-6.0
2.22E-4,1.34E-4,-6.0
2.22E-4,1.36E-4,-6.0
2.22E-4,1.38E-4,-6.0
2.22E-4,1.4E-4,-6.0
2.22E-4,1.4199999999999998E-4,-6.0
2.22E-4,1.44E-4,-6.0
2.22E-4,1.46E-4,-6.0
2.22E-4,1.48E-4,-6.0
2.22E-4,1.5E-4,-6.0
2.22E-4,1.5199999999999998E-4,-6.0
2.22E-4,1.54E-4,-6.0
2.22E-4,1.56E-4,-6.0
2.22E-4,1.58E-4,-6.0
2.22E-4,1.5999999999999999E-4,-6.0
2.22E-4,1.6199999999999998E-4,-6.0
2.22E-4,1.64E-4,-6.0
2.22E-4,1.66E-4,-6.0
2.22E-4,1.68E-4,-6.0
2.22E-4,1.6999999999999999E-4,-6.0
2.22E-4,1.7199999999999998E-4,-6.0
2.22E-4,1.74E-4,-6.0
2.22E-4,1.76E-4,-6.0
2.22E-4,1.78E-4,-6.0
2.24E-4,0.0,-6.0
2.24E-4,2.0E-6,-6.0
2.24E-4,4.0E-6,-6.0
2.24E-4,6.0E-6,-6.0
2.24E-4,8.0E-6,-6.0
2.24E-4,9.999999999999999E-6,-6.0
2.24E-4,1.2E-5,-6.0
2.24E-4,1.4E-5,-6.0
2.24E-4,1.6E-5,-6.0
2.24E-4,1.8E-5,-6.0
2.24E-4,1.9999999999999998E-5,-6.0
2.24E-4,2.2E-5,-6.0
2.24E-4,2.4E-5,-6.0
2.24E-4,2.6E-5,-6.0
2.24E-4,2.8E-5,-6.0
2.24E-4,2.9999999999999997E-5,-6.0
2.24E-4,3.2E-5,-6.0
2.24E-4,3.4E-5,-6.0
2.24E-4,3.6E-5,-6.0
2.24E-4,3.7999999999999995E-5,-6.0
2.24E-4,3.9999999999999996E-5,-6.0
2.24E-4,4.2E-5,-6.0
2.24E-4,4.4E-5,-6.0
2.24E-4,4.6E-5,-6.0
2.24E-4,4.8E-5,-6.0
2.24E-4,4.9999999999999996E-5,-6.0
2.24E-4,5.2E-5,-6.0
2.24E-4,5.4E-5,-6.0
2.24E-4,5.6E-5,-6.0
2.24E-4,5.8E-5,-6.0
2.24E-4,5.9999999999999995E-5,-6.0
2.24E-4,6.2E-5,-6.0
2.24E-4,6.4E-5,-6.0
2.24E-4,6.599999999999999E-5,-6.0
2.24E-4,6.8E-5,-6.0
2.24E-4,7.0E-5,-6.0
2.24E-4,7.2E-5,-6.0
2.24E-4,7.4E-5,-6.0
2.24E-4,7.599999999999999E-5,-6.0
2.24E-4,7.8E-5,-6.0
2.24E-4,7.999999999999999E-5,-6.0
2.24E-4,8.2E-5,-6.0
2.24E-4,8.4E-5,-6.0
2.24E-4,8.599999999999999E-5,-6.0
2.24E-4,8.8E-5,-6.0
2.24E-4,8.999999999999999E-5,-6.0
2.24E-4,9.2E-5,-6.0
2.24E-4,9.4E-5,-6.0
2.24E-4,9.6E-5,-6.0
2.24E-4,9.8E-5,-6.0
2.24E-4,9.999999999999999E-5,-6.0
2.24E-4,1.02E-4,-6.0
2.24E-4,1.04E-4,-6.0
2.24E-4,1.06E-4,-6.0
2.24E-4,1.08E-4,-6.0
2.24E-4,1.0999999999999999E-4,-6.0
2.24E-4,1.12E-4,-6.0
2.24E-4,1.1399999999999999E-4,-6.0
2.24E-4,1.16E-4,-6.0
2.24E-4,1.18E-4,-6.0
2.24E-4,1.1999999999999999E-4,-6.0
2.24E-4,1.22E-4,-6.0
2.24E-4,1.24E-4,-6.0
2.24E-4,1.26E-4,-6.0
2.24E-4,1.28E-4,-6.0
2.24E-4,1.3E-4,-6.0
2.24E-4,1.3199999999999998E-4,-6.0
2.24E-4,1.34E-4,-6.0
2.24E-4,1.36E-4,-6.0
2.24E-4,1.38E-4,-6.0
2.24E-4,1.4E-4,-6.0
2.24E-4,1.4199999999999998E-4,-6.0
2.24E-4,1.44E-4,-6.0
2.24E-4,1.46E-4,-6.0
2.24E-4,1.48E-4,-6.0
2.24E-4,1.5E-4,-6.0
2.24E-4,1.5199999999999998E-4,-6.0
2.24E-4,1.54E-4,-6.0
2.24E-4,1.56E-4,-6.0
2.24E-4,1.58E-4,-6.0
2.24E-4,1.5999999999999999E-4,-6.0
2.24E-4,1.6199999999999998E-4,-6.0
2.24E-4,1.64E-4,-6.0
2.24E-4,1.66E-4,-6.0
2.24E-4,1.68E-4,-6.0
2.24E-4,1.6999999999999999E-4,-6.0
2.24E-4,1.7199999999999998E-4,-6.0
2.24E-4,1.74E-4,-6.0
2.24E-4,1.76E-4,-6.0
2.24E-4,1.78E-4,-6.0
2.26E-4,0.0,-6.0
2.26E-4,2.0E-6,-6.0
2.26E-4,4.0E-6,-6.0
2.26E-4,6.0E-6,-6.0
2.26E-4,8.0E-6,-6.0
2.26E-4,9.999999999999999E-6,-6.0
2.26E-4,1.2E-5,-6.0
2.26E-4,1.4E-5,-6.0
2.26E-4,1.6E-5,-6.0
2.26E-4,1.8E-5,-6.0
2.26E-4,1.9999999999999998E-5,-6.0
2.26E-4,2.2E-5,-6.0
2.26E-4,2.4E-5,-6.0
2.26E-4,2.6E-5,-6.0
2.26E-4,2.8E-5,-6.0
2.26E-4,2.9999999999999997E-5,-6.0
2.26E-4,3.2E-5,-6.0
2.26E-4,3.4E-5,-6.0
2.26E-4,3.6E-5,-6.0
2.26E-4,3.7999999999999995E-5,-6.0
2.26E-4,3.9999999999999996E-5,-6.0
2.26E-4,4.2E-5,-6.0
2.26E-4,4.4E-5,-6.0
2.26E-4,4.6E-5,-6.0
2.26E-4,4.8E-5,-6.0
2.26E-4,4.9999999999999996E-5,-6.0
2.26E-4,5.2E-5,-6.0
2.26E-4,5.4E-5,-6.0
2.26E-4,5.6E-5,-6.0
2.26E-4,5.8E-5,-6.0
2.26E-4,5.9999999999999995E-5,-6.0
2.26E-4,6.2E-5,-6.0
2.26E-4,6.4E-5,-6.0
2.26E-4,6.599999999999999E-5,-6.0
2.26E-4,6.8E-5,-6.0
2.26E-4,7.0E-5,-6.0
2.26E-4,7.2E-5,-6.0
2.26E-4,7.4E-5,-6.0
2.26E-4,7.599999999999999E-5,-6.0
2.26E-4,7.8E-5,-6.0
2.26E-4,7.999999999999999E-5,-6.0
2.26E-4,8.2E-5,-6.0
2.26E-4,8.4E-5,-6.0
2.26E-4,8.599999999999999E-5,-6.0
2.26E-4,8.8E-5,-6.0
2.26E-4,8.999999999999999E-5,-6.0
2.26E-4,9.2E-5,-6.0
2.26E-4,9.4E-5,-6.0
2.26E-4,9.6E-5,-6.0
2.26E-4,9.8E-5,-6.0
2.26E-4,9.999999999999999E-5,-6.0
2.26E-4,1.02E-4,-6.0
2.26E-4,1.04E-4,-6.0
2.26E-4,1.06E-4,-6.0
2.26E-4,1.08E-4,-6.0
2.26E-4,1.0999999999999999E-4,-6.0
2.26E-4,1.12E-4,-6.0
2.26E-4,1.1399999999999999E-4,-6.0
2.26E-4,1.16E-4,-6.0
2.26E-4,1.18E-4,-6.0
2.26E-4,1.1999999999999999E-4,-6.0
2.26E-4,1.22E-4,-6.0
2.26E-4,1.24E-4,-6.0
2.26E-4,1.26E-4,-6.0
2.26E-4,1.28E-4,-6.0
2.26E-4,1.3E-4,-6.0
2.26E-4,1.3199999999999998E-4,-6.0
2.26E-4,1.34E-4,-6.0
2.26E-4,1.36E-4,-6.0
2.26E-4,1.38E-4,-6.0
2.26E-4,1.4E-4,-6.0
2.26E-4,1.4199999999999998E-4,-6.0
2.26E-4,1.44E-4,-6.0
2.26E-4,1.46E-4,-6.0
2.26E-4,1.48E-4,-6.0
2.26E-4,1.5E-4,-6.0
2.26E-4,1.5199999999999998E-4,-6.0
2.26E-4,1.54E-4,-6.0
2.26E-4,1.56E-4,-6.0
2.26E-4,1.58E-4,-6.0
2.26E-4,1.5999999999999999E-4,-6.0
2.26E-4,1.6199999999999998E-4,-6.0
2.26E-4,1.64E-4,-6.0
2.26E-4,1.66E-4,-6.0
2.26E-4,1.68E-4,-6.0
2.26E-4,1.6999999999999999E-4,-6.0
2.26E-4,1.7199999999999998E-4,-6.0
2.26E-4,1.74E-4,-6.0
2.26E-4,1.76E-4,-6.0
2.26E-4,1.78E-4,-6.0
2.2799999999999999E-4,0.0,-6.0
2.2799999999999999E-4,2.0E-6,-6.0
2.2799999999999999E-4,4.0E-6,-6.0
2.2799999999999999E-4,6.0E-6,-6.0
2.2799999999999999E-4,8.0E-6,-6.0
2.2799999999999999E-4,9.999999999999999E-6,-6.0
2.2799999999999999E-4,1.2E-5,-6.0
2.2799999999999999E-4,1.4E-5,-6.0
2.2799999999999999E-4,1.6E-5,-6.0
2.2799999999999999E-4,1.8E-5,-6.0
2.2799999999999999E-4,1.9999999999999998E-5,-6.0
2.2799999999999999E-4,2.2E-5,-6.0
2.2799999999999999E-4,2.4E-5,-6.0
2.2799999999999999E-4,2.6E-5,-6.0
2.2799999999999999E-4,2.8E-5,-6.0
2.2799999999999999E-4,2.9999999999999997E-5,-6.0
2.2799999999999999E-4,3.2E-5,-6.0
2.2799999999999999E-4,3.4E-5,-6.0
2.2799999999999999E-4,3.6E-5,-6.0
2.2799999999999999E-4,3.7999999999999995E-5,-6.0
2.2799999999999999E-4,3.9999999999999996E-5,-6.0
2.2799999999999999E-4,4.2E-5,-6.0
2.2799999999999999E-4,4.4E-5,-6.0
2.2799999999999999E-4,4.6E-5,-6.0
2.2799999999999999E-4,4.8E-5,-6.0
2.2799999999999999E-4,4.9999999999999996E-5,-6.0
2.2799999999999999E-4,5.2E-5,-6.0
2.2799999999999999E-4,5.4E-5,-6.0
2.2799999999999999E-4,5.6E-5,-6.0
2.2799999999999999E-4,5.8E-5,-6.0
2.2799999999999999E-4,5.9999999999999995E-5,-6.0
2.2799999999999999E-4,6.2E-5,-6.0
2.2799999999999999E-4,6.4E-5,-6.0
2.2799999999999999E-4,6.599999999999999E-5,-6.0
2.2799999999999999E-4,6.8E-5,-6.0
2.2799999999999999E-4,7.0E-5,-6.0
2.2799999999999999E-4,7.2E-5,-6.0
2.2799999999999999E-4,7.4E-5,-6.0
2.2799999999999999E-4,7.599999999999999E-5,-6.0
2.2799999999999999E-4,7.8E-5,-6.0
2.2799999999999999E-4,7.999999999999999E-5,-6.0
2.2799999999999999E-4,8.2E-5,-6.0
2.2799999999999999E-4,8.4E-5,-6.0
2.2799999999999999E-4,8.599999999999999E-5,-6.0
2.2799999999999999E-4,8.8E-5,-6.0
2.2799999999999999E-4,8.999999999999999E-5,-6.0
2.2799999999999999E-4,9.2E-5,-6.0
2.2799999999999999E-4,9.4E-5,-6.0
2.2799999999999999E-4,9.6E-5,-6.0
2.2799999999999999E-4,9.8E-5,-6.0
2.2799999999999999E-4,9.999999999999999E-5,-6.0
2.2799999999999999E-4,1.02E-4,-6.0
2.2799999999999999E-4,1.04E-4,-6.0
2.2799999999999999E-4,1.06E-4,-6.0
2.2799999999999999E-4,1.08E-4,-6.0
2.2799999999999999E-4,1.0999999999999999E-4,-6.0
2.2799999999999999E-4,1.12E-4,-6.0
2.2799999999999999E-4,1.1399999999999999E-4,-6.0
2.2799999999999999E-4,1.16E-4,-6.0
2.2799999999999999E-4,1.18E-4,-6.0
2.2799999999999999E-4,1.1999999999999999E-4,-6.0
2.2799999999999999E-4,1.22E-4,-6.0
2.2799999999999999E-4,1.24E-4,-6.0
2.2799999999999999E-4,1.26E-4,-6.0
2.2799999999999999E-4,1.28E-4,-6.0
2.2799999999999999E-4,1.3E-4,-6.0
2.2799999999999999E-4,1.3199999999999998E-4,-6.0
2.2799999999999999E-4,1.34E-4,-6.0
2.2799999999999999E-4,1.36E-4,-6.0
2.2799999999999999E-4,1.38E-4,-6.0
2.2799999999999999E-4,1.4E-4,-6.0
2.2799999999999999E-4,1.4199999999999998E-4,-6.0
2.2799999999999999E-4,1.44E-4,-6.0
2.2799999999999999E-4,1.46E-4,-6.0
2.2799999999999999E-4,1.48E-4,-6.0
2.2799999999999999E-4,1.5E-4,-6.0
2.2799999999999999E-4,1.5199999999999998E-4,-6.0
2.2799999999999999E-4,1.54E-4,-6.0
2.2799999999999999E-4,1.56E-4,-6.0
2.2799999999999999E-4,1.58E-4,-6.0
2.2799999999999999E-4,1.5999999999999999E-4,-6.0
2.2799999999999999E-4,1.6199999999999998E-4,-6.0
2.2799999999999999E-4,1.64E-4,-6.0
2.2799999999999999E-4,1.66E-4,-6.0
2.2799999999999999E-4,1.68E-4,-6.0
2.2799999999999999E-4,1.6999999999999999E-4,-6.0
2.2799999999999999E-4,1.7199999999999998E-4,-6.0
2.2799999999999999E-4,1.74E-4,-6.0
2.2799999999999999E-4,1.76E-4,-6.0
2.2799999999999999E-4,1.78E-4,-6.0
2.2999999999999998E-4,0.0,-6.0
2.2999999999999998E-4,2.0E-6,-6.0
2.2999999999999998E-4,4.0E-6,-6.0
2.2999999999999998E-4,6.0E-6,-6.0
2.2999999999999998E-4,8.0E-6,-6.0
2.2999999999999998E-4,9.999999999999999E-6,-6.0
2.2999999999999998E-4,1.2E-5,-6.0
2.2999999999999998E-4,1.4E-5,-6.0
2.2999999999999998E-4,1.6E-5,-6.0
2.2999999999999998E-4,1.8E-5,-6.0
2.2999999999999998E-4,1.9999999999999998E-5,-6.0
2.2999999999999998E-4,2.2E-5,-6.0
2.2999999999999998E-4,2.4E-5,-6.0
2.2999999999999998E-4,2.6E-5,-6.0
2.2999999999999998E-4,2.8E-5,-6.0
2.2999999999999998E-4,2.9999999999999997E-5,-6.0
2.2999999999999998E-4,3.2E-5,-6.0
2.2999999999999998E-4,3.4E-5,-6.0
2.2999999999999998E-4,3.6E-5,-6.0
2.2999999999999998E-4,3.7999999999999995E-5,-6.0
2.2999999999999998E-4,3.9999999999999996E-5,-6.0
2.2999999999999998E-4,4.2E-5,-6.0
2.2999999999999998E-4,4.4E-5,-6.0
2.2999999999999998E-4,4.6E-5,-6.0
2.2999999999999998E-4,4.8E-5,-6.0
2.2999999999999998E-4,4.9999999999999996E-5,-6.0
2.2999999999999998E-4,5.2E-5,-6.0
2.2999999999999998E-4,5.4E-5,-6.0
2.2999999999999998E-4,5.6E-5,-6.0
2.2999999999999998E-4,5.8E-5,-6.0
2.2999999999999998E-4,5.9999999999999995E-5,-6.0
2.2999999999999998E-4,6.2E-5,-6.0
2.2999999999999998E-4,6.4E-5,-6.0
2.2999999999999998E-4,6.599999999999999E-5,-6.0
2.2999999999999998E-4,6.8E-5,-6.0
2.2999999999999998E-4,7.0E-5,-6.0
2.2999999999999998E-4,7.2E-5,-6.0
2.2999999999999998E-4,7.4E-5,-6.0
2.2999999999999998E-4,7.599999999999999E-5,-6.0
2.2999999999999998E-4,7.8E-5,-6.0
2.2999999999999998E-4,7.999999999999999E-5,-6.0
2.2999999999999998E-4,8.2E-5,-6.0
2.2999999999999998E-4,8.4E-5,-6.0
2.2999999999999998E-4,8.599999999999999E-5,-6.0
2.2999999999999998E-4,8.8E-5,-6.0
2.2999999999999998E-4,8.999999999999999E-5,-6.0
2.2999999999999998E-4,9.2E-5,-6.0
2.2999999999999998E-4,9.4E-5,-6.0
2.2999999999999998E-4,9.6E-5,-6.0
2.2999999999999998E-4,9.8E-5,-6.0
2.2999999999999998E-4,9.999999999999999E-5,-6.0
2.2999999999999998E-4,1.02E-4,-6.0
2.2999999999999998E-4,1.04E-4,-6.0
2.2999999999999998E-4,1.06E-4,-6.0
2.2999999999999998E-4,1.08E-4,-6.0
2.2999999999999998E-4,1.0999999999999999E-4,-6.0
2.2999999999999998E-4,1.12E-4,-6.0
2.2999999999999998E-4,1.1399999999999999E-4,-6.0
2.2999999999999998E-4,1.16E-4,-6.0
2.2999999999999998E-4,1.18E-4,-6.0
2.2999999999999998E-4,1.1999999999999999E-4,-6.0
2.2999999999999998E-4,1.22E-4,-6.0
2.2999999999999998E-4,1.24E-4,-6.0
2.2999999999999998E-4,1.26E-4,-6.0
2.2999999999999998E-4,1.28E-4,-6.0
2.2999999999999998E-4,1.3E-4,-6.0
2.2999999999999998E-4,1.3199999999999998E-4,-6.0
2.2999999999999998E-4,1.34E-4,-6.0
2.2999999999999998E-4,1.36E-4,-6.0
2.2999999999999998E-4,1.38E-4,-6.0
2.2999999999999998E-4,1.4E-4,-6.0
2.2999999999999998E-4,1.4199999999999998E-4,-6.0
2.2999999999999998E-4,1.44E-4,-6.0
2.2999999999999998E-4,1.46E-4,-6.0
2.2999999999999998E-4,1.48E-4,-6.0
2.2999999999999998E-4,1.5E-4,-6.0
2.2999999999999998E-4,1.5199999999999998E-4,-6.0
2.2999999999999998E-4,1.54E-4,-6.0
2.2999999999999998E-4,1.56E-4,-6.0
2.2999999999999998E-4,1.58E-4,-6.0
2.2999999999999998E-4,1.5999999999999999E-4,-6.0
2.2999999999999998E-4,1.6199999999999998E-4,-6.0
2.2999999999999998E-4,1.64E-4,-6.0
2.2999999999999998E-4,1.66E-4,-6.0
2.2999999999999998E-4,1.68E-4,-6.0
2.2999999999999998E-4,1.6999999999999999E-4,-6.0
2.2999999999999998E-4,1.7199999999999998E-4,-6.0
2.2999999999999998E-4,1.74E-4,-6.0
2.2999999999999998E-4,1.76E-4,-6.0
2.2999999999999998E-4,1.78E-4,-6.0
2.32E-4,0.0,-6.0
2.32E-4,2.0E-6,-6.0
2.32E-4,4.0E-6,-6.0
2.32E-4,6.0E-6,-6.0
2.32E-4,8.0E-6,-6.0
2.32E-4,9.999999999999999E-6,-6.0
2.32E-4,1.2E-5,-6.0
2.32E-4,1.4E-5,-6.0
2.32E-4,1.6E-5,-6.0
2.32E-4,1.8E-5,-6.0
2.32E-4,1.9999999999999998E-5,-6.0
2.32E-4,2.2E-5,-6.0
2.32E-4,2.4E-5,-6.0
2.32E-4,2.6E-5,-6.0
2.32E-4,2.8E-5,-6.0
2.32E-4,2.9999999999999997E-5,-6.0
2.32E-4,3.2E-5,-6.0
2.32E-4,3.4E-5,-6.0
2.32E-4,3.6E-5,-6.0
2.32E-4,3.7999999999999995E-5,-6.0
2.32E-4,3.9999999999999996E-5,-6.0
2.32E-4,4.2E-5,-6.0
2.32E-4,4.4E-5,-6.0
2.32E-4,4.6E-5,-6.0
2.32E-4,4.8E-5,-6.0
2.32E-4,4.9999999999999996E-5,-6.0
2.32E-4,5.2E-5,-6.0
2.32E-4,5.4E-5,-6.0
2.32E-4,5.6E-5,-6.0
2.32E-4,5.8E-5,-6.0
2.32E-4,5.9999999999999995E-5,-6.0
2.32E-4,6.2E-5,-6.0
2.32E-4,6.4E-5,-6.0
2.32E-4,6.599999999999999E-5,-6.0
2.32E-4,6.8E-5,-6.0
2.32E-4,7.0E-5,-6.0
2.32E-4,7.2E-5,-6.0
2.32E-4,7.4E-5,-6.0
2.32E-4,7.599999999999999E-5,-6.0
2.32E-4,7.8E-5,-6.0
2.32E-4,7.999999999999999E-5,-6.0
2.32E-4,8.2E-5,-6.0
2.32E-4,8.4E-5,-6.0
2.32E-4,8.599999999999999E-5,-6.0
2.32E-4,8.8E-5,-6.0
2.32E-4,8.999999999999999E-5,-6.0
2.32E-4,9.2E-5,-6.0
2.32E-4,9.4E-5,-6.0
2.32E-4,9.6E-5,-6.0
2.32E-4,9.8E-5,-6.0
2.32E-4,9.999999999999999E-5,-6.0
2.32E-4,1.02E-4,-6.0
2.32E-4,1.04E-4,-6.0
2.32E-4,1.06E-4,-6.0
2.32E-4,1.08E-4,-6.0
2.32E-4,1.0999999999999999E-4,-6.0
2.32E-4,1.12E-4,-6.0
2.32E-4,1.1399999999999999E-4,-6.0
2.32E-4,1.16E-4,-6.0
2.32E-4,1.18E-4,-6.0
2.32E-4,1.1999999999999999E-4,-6.0
2.32E-4,1.22E-4,-6.0
2.32E-4,1.24E-4,-6.0
2.32E-4,1.26E-4,-6.0
2.32E-4,1.28E-4,-6.0
2.32E-4,1.3E-4,-6.0
2.32E-4,1.3199999999999998E-4,-6.0
2.32E-4,1.34E-4,-6.0
2.32E-4,1.36E-4,-6.0
2.32E-4,1.38E-4,-6.0
2.32E-4,1.4E-4,-6.0
2.32E-4,1.4199999999999998E-4,-6.0
2.32E-4,1.44E-4,-6.0
2.32E-4,1.46E-4,-6.0
2.32E-4,1.48E-4,-6.0
2.32E-4,1.5E-4,-6.0
2.32E-4,1.5199999999999998E-4,-6.0
2.32E-4,1.54E-4,-6.0
2.32E-4,1.56E-4,-6.0
2.32E-4,1.58E-4,-6.0
2.32E-4,1.5999999999999999E-4,-6.0
2.32E-4,1.6199999999999998E-4,-6.0
2.32E-4,1.64E-4,-6.0
2.32E-4,1.66E-4,-6.0
2.32E-4,1.68E-4,-6.0
2.32E-4,1.6999999999999999E-4,-6.0
2.32E-4,1.7199999999999998E-4,-6.0
2.32E-4,1.74E-4,-6.0
2.32E-4,1.76E-4,-6.0
2.32E-4,1.78E-4,-6.0
2.34E-4,0.0,-6.0
2.34E-4,2.0E-6,-6.0
2.34E-4,4.0E-6,-6.0
2.34E-4,6.0E-6,-6.0
2.34E-4,8.0E-6,-6.0
2.34E-4,9.999999999999999E-6,-6.0
2.34E-4,1.2E-5,-6.0
2.34E-4,1.4E-5,-6.0
2.34E-4,1.6E-5,-6.0
2.34E-4,1.8E-5,-6.0
2.34E-4,1.9999999999999998E-5,-6.0
2.34E-4,2.2E-5,-6.0
2.34E-4,2.4E-5,-6.0
2.34E-4,2.6E-5,-6.0
2.34E-4,2.8E-5,-6.0
2.34E-4,2.9999999999999997E-5,-6.0
2.34E-4,3.2E-5,-6.0
2.34E-4,3.4E-5,-6.0
2.34E-4,3.6E-5,-6.0
2.34E-4,3.7999999999999995E-5,-6.0
2.34E-4,3.9999999999999996E-5,-6.0
2.34E-4,4.2E-5,-6.0
2.34E-4,4.4E-5,-6.0
2.34E-4,4.6E-5,-6.0
2.34E-4,4.8E-5,-6.0
2.34E-4,4.9999999999999996E-5,-6.0
2.34E-4,5.2E-5,-6.0
2.34E-4,5.4E-5,-6.0
2.34E-4,5.6E-5,-6.0
2.34E-4,5.8E-5,-6.0
2.34E-4,5.9999999999999995E-5,-6.0
2.34E-4,6.2E-5,-6.0
2.34E-4,6.4E-5,-6.0
2.34E-4,6.599999999999999E-5,-6.0
2.34E-4,6.8E-5,-6.0
2.34E-4,7.0E-5,-6.0
2.34E-4,7.2E-5,-6.0
2.34E-4,7.4E-5,-6.0
2.34E-4,7.599999999999999E-5,-6.0
2.34E-4,7.8E-5,-6.0
2.34E-4,7.999999999999999E-5,-6.0
2.34E-4,8.2E-5,-6.0
2.34E-4,8.4E-5,-6.0
2.34E-4,8.599999999999999E-5,-6.0
2.34E-4,8.8E-5,-6.0
2.34E-4,8.999999999999999E-5,-6.0
2.34E-4,9.2E-5,-6.0
2.34E-4,9.4E-5,-6.0
2.34E-4,9.6E-5,-6.0
2.34E-4,9.8E-5,-6.0
2.34E-4,9.999999999999999E-5,-6.0
2.34E-4,1.02E-4,-6.0
2.34E-4,1.04E-4,-6.0
2.34E-4,1.06E-4,-6.0
2.34E-4,1.08E-4,-6.0
2.34E-4,1.0999999999999999E-4,-6.0
2.34E-4,1.12E-4,-6.0
2.34E-4,1.1399999999999999E-4,-6.0
2.34E-4,1.16E-4,-6.0
2.34E-4,1.18E-4,-6.0
2.34E-4,1.1999999999999999E-4,-6.0
2.34E-4,1.22E-4,-6.0
2.34E-4,1.24E-4,-6.0
2.34E-4,1.26E-4,-6.0
2.34E-4,1.28E-4,-6.0
2.34E-4,1.3E-4,-6.0
2.34E-4,1.3199999999999998E-4,-6.0
2.34E-4,1.34E-4,-6.0
2.34E-4,1.36E-4,-6.0
2.34E-4,1.38E-4,-6.0
2.34E-4,1.4E-4,-6.0
2.34E-4,1.4199999999999998E-4,-6.0
2.34E-4,1.44E-4,-6.0
2.34E-4,1.46E-4,-6.0
2.34E-4,1.48E-4,-6.0
2.34E-4,1.5E-4,-6.0
2.34E-4,1.5199999999999998E-4,-6.0
2.34E-4,1.54E-4,-6.0
2.34E-4,1.56E-4,-6.0
2.34E-4,1.58E-4,-6.0
2.34E-4,1.5999999999999999E-4,-6.0
2.34E-4,1.6199999999999998E-4,-6.0
2.34E-4,1.64E-4,-6.0
2.34E-4,1.66E-4,-6.0
2.34E-4,1.68E-4,-6.0
2.34E-4,1.6999999999999999E-4,-6.0
2.34E-4,1.7199999999999998E-4,-6.0
2.34E-4,1.74E-4,-6.0
2.34E-4,1.76E-4,-6.0
2.34E-4,1.78E-4,-6.0
2.36E-4,0.0,-6.0
2.36E-4,2.0E-6,-6.0
2.36E-4,4.0E-6,-6.0
2.36E-4,6.0E-6,-6.0
2.36E-4,8.0E-6,-6.0
2.36E-4,9.999999999999999E-6,-6.0
2.36E-4,1.2E-5,-6.0
2.36E-4,1.4E-5,-6.0
2.36E-4,1.6E-5,-6.0
2.36E-4,1.8E-5,-6.0
2.36E-4,1.9999999999999998E-5,-6.0
2.36E-4,2.2E-5,-6.0
2.36E-4,2.4E-5,-6.0
2.36E-4,2.6E-5,-6.0
2.36E-4,2.8E-5,-6.0
2.36E-4,2.9999999999999997E-5,-6.0
2.36E-4,3.2E-5,-6.0
2.36E-4,3.4E-5,-6.0
2.36E-4,3.6E-5,-6.0
2.36E-4,3.7999999999999995E-5,-6.0
2.36E-4,3.9999999999999996E-5,-6.0
2.36E-4,4.2E-5,-6.0
2.36E-4,4.4E-5,-6.0
2.36E-4,4.6E-5,-6.0
2.36E-4,4.8E-5,-6.0
2.36E-4,4.9999999999999996E-5,-6.0
2.36E-4,5.2E-5,-6.0
2.36E-4,5.4E-5,-6.0
2.36E-4,5.6E-5,-6.0
2.36E-4,5.8E-5,-6.0
2.36E-4,5.9999999999999995E-5,-6.0
2.36E-4,6.2E-5,-6.0
2.36E-4,6.4E-5,-6.0
2.36E-4,6.599999999999999E-5,-6.0
2.36E-4,6.8E-5,-6.0
2.36E-4,7.0E-5,-6.0
2.36E-4,7.2E-5,-6.0
2.36E-4,7.4E-5,-6.0
2.36E-4,7.599999999999999E-5,-6.0
2.36E-4,7.8E-5,-6.0
2.36E-4,7.999999999999999E-5,-6.0
2.36E-4,8.2E-5,-6.0
2.36E-4,8.4E-5,-6.0
2.36E-4,8.599999999999999E-5,-6.0
2.36E-4,8.8E-5,-6.0
2.36E-4,8.999999999999999E-5,-6.0
2.36E-4,9.2E-5,-6.0
2.36E-4,9.4E-5,-6.0
2.36E-4,9.6E-5,-6.0
2.36E-4,9.8E-5,-6.0
2.36E-4,9.999999999999999E-5,-6.0
2.36E-4,1.02E-4,-6.0
2.36E-4,1.04E-4,-6.0
2.36E-4,1.06E-4,-6.0
2.36E-4,1.08E-4,-6.0
2.36E-4,1.0999999999999999E-4,-6.0
2.36E-4,1.12E-4,-6.0
2.36E-4,1.1399999999999999E-4,-6.0
2.36E-4,1.16E-4,-6.0
2.36E-4,1.18E-4,-6.0
2.36E-4,1.1999999999999999E-4,-6.0
2.36E-4,1.22E-4,-6.0
2.36E-4,1.24E-4,-6.0
2.36E-4,1.26E-4,-6.0
2.36E-4,1.28E-4,-6.0
2.36E-4,1.3E-4,-6.0
2.36E-4,1.3199999999999998E-4,-6.0
2.36E-4,1.34E-4,-6.0
2.36E-4,1.36E-4,-6.0
2.36E-4,1.38E-4,-6.0
2.36E-4,1.4E-4,-6.0
2.36E-4,1.4199999999999998E-4,-6.0
2.36E-4,1.44E-4,-6.0
2.36E-4,1.46E-4,-6.0
2.36E-4,1.48E-4,-6.0
2.36E-4,1.5E-4,-6.0
2.36E-4,1.5199999999999998E-4,-6.0
2.36E-4,1.54E-4,-6.0
2.36E-4,1.56E-4,-6.0
2.36E-4,1.58E-4,-6.0
2.36E-4,1.5999999999999999E-4,-6.0
2.36E-4,1.6199999999999998E-4,-6.0
2.36E-4,1.64E-4,-6.0
2.36E-4,1.66E-4,-6.0
2.36E-4,1.68E-4,-6.0
2.36E-4,1.6999999999999999E-4,-6.0
2.36E-4,1.7199999999999998E-4,-6.0
2.36E-4,1.74E-4,-6.0
2.36E-4,1.76E-4,-6.0
2.36E-4,1.78E-4,-6.0
2.3799999999999998E-4,0.0,-6.0
2.3799999999999998E-4,2.0E-6,-6.0
2.3799999999999998E-4,4.0E-6,-6.0
2.3799999999999998E-4,6.0E-6,-6.0
2.3799999999999998E-4,8.0E-6,-6.0
2.3799999999999998E-4,9.999999999999999E-6,-6.0
2.3799999999999998E-4,1.2E-5,-6.0
2.3799999999999998E-4,1.4E-5,-6.0
2.3799999999999998E-4,1.6E-5,-6.0
2.3799999999999998E-4,1.8E-5,-6.0
2.3799999999999998E-4,1.9999999999999998E-5,-6.0
2.3799999999999998E-4,2.2E-5,-6.0
2.3799999999999998E-4,2.4E-5,-6.0
2.3799999999999998E-4,2.6E-5,-6.0
2.3799999999999998E-4,2.8E-5,-6.0
2.3799999999999998E-4,2.9999999999999997E-5,-6.0
2.3799999999999998E-4,3.2E-5,-6.0
2.3799999999999998E-4,3.4E-5,-6.0
2.3799999999999998E-4,3.6E-5,-6.0
2.3799999999999998E-4,3.7999999999999995E-5,-6.0
2.3799999999999998E-4,3.9999999999999996E-5,-6.0
2.3799999999999998E-4,4.2E-5,-6.0
2.3799999999999998E-4,4.4E-5,-6.0
2.3799999999999998E-4,4.6E-5,-6.0
2.3799999999999998E-4,4.8E-5,-6.0
2.3799999999999998E-4,4.9999999999999996E-5,-6.0
2.3799999999999998E-4,5.2E-5,-6.0
2.3799999999999998E-4,5.4E-5,-6.0
2.3799999999999998E-4,5.6E-5,-6.0
2.3799999999999998E-4,5.8E-5,-6.0
2.3799999999999998E-4,5.9999999999999995E-5,-6.0
2.3799999999999998E-4,6.2E-5,-6.0
2.3799999999999998E-4,6.4E-5,-6.0
2.3799999999999998E-4,6.599999999999999E-5,-6.0
2.3799999999999998E-4,6.8E-5,-6.0
2.3799999999999998E-4,7.0E-5,-6.0
2.3799999999999998E-4,7.2E-5,-6.0
2.3799999999999998E-4,7.4E-5,-6.0
2.3799999999999998E-4,7.599999999999999E-5,-6.0
2.3799999999999998E-4,7.8E-5,-6.0
2.3799999999999998E-4,7.999999999999999E-5,-6.0
2.3799999999999998E-4,8.2E-5,-6.0
2.3799999999999998E-4,8.4E-5,-6.0
2.3799999999999998E-4,8.599999999999999E-5,-6.0
2.3799999999999998E-4,8.8E-5,-6.0
2.3799999999999998E-4,8.999999999999999E-5,-6.0
2.3799999999999998E-4,9.2E-5,-6.0
2.3799999999999998E-4,9.4E-5,-6.0
2.3799999999999998E-4,9.6E-5,-6.0
2.3799999999999998E-4,9.8E-5,-6.0
2.3799999999999998E-4,9.999999999999999E-5,-6.0
2.3799999999999998E-4,1.02E-4,-6.0
2.3799999999999998E-4,1.04E-4,-6.0
2.3799999999999998E-4,1.06E-4,-6.0
2.3799999999999998E-4,1.08E-4,-6.0
2.3799999999999998E-4,1.0999999999999999E-4,-6.0
2.3799999999999998E-4,1.12E-4,-6.0
2.3799999999999998E-4,1.1399999999999999E-4,-6.0
2.3799999999999998E-4,1.16E-4,-6.0
2.3799999999999998E-4,1.18E-4,-6.0
2.3799999999999998E-4,1.1999999999999999E-4,-6.0
2.3799999999999998E-4,1.22E-4,-6.0
2.3799999999999998E-4,1.24E-4,-6.0
2.3799999999999998E-4,1.26E-4,-6.0
2.3799999999999998E-4,1.28E-4,-6.0
2.3799999999999998E-4,1.3E-4,-6.0
2.3799999999999998E-4,1.3199999999999998E-4,-6.0
2.3799999999999998E-4,1.34E-4,-6.0
2.3799999999999998E-4,1.36E-4,-6.0
2.3799999999999998E-4,1.38E-4,-6.0
2.3799999999999998E-4,1.4E-4,-6.0
2.3799999999999998E-4,1.4199999999999998E-4,-6.0
2.3799999999999998E-4,1.44E-4,-6.0
2.3799999999999998E-4,1.46E-4,-6.0
2.3799999999999998E-4,1.48E-4,-6.0
2.3799999999999998E-4,1.5E-4,-6.0
2.3799999999999998E-4,1.5199999999999998E-4,-6.0
2.3799999999999998E-4,1.54E-4,-6.0
2.3799999999999998E-4,1.56E-4,-6.0
2.3799999999999998E-4,1.58E-4,-6.0
2.3799999999999998E-4,1.5999999999999999E-4,-6.0
2.3799999999999998E-4,1.6199999999999998E-4,-6.0
2.3799999999999998E-4,1.64E-4,-6.0
2.3799999999999998E-4,1.66E-4,-6.0
2.3799999999999998E-4,1.68E-4,-6.0
2.3799999999999998E-4,1.6999999999999999E-4,-6.0
2.3799999999999998E-4,1.7199999999999998E-4,-6.0
2.3799999999999998E-4,1.74E-4,-6.0
2.3799999999999998E-4,1.76E-4,-6.0
2.3799999999999998E-4,1.78E-4,-6.0
2.3999999999999998E-4,0.0,-6.0
2.3999999999999998E-4,2.0E-6,-6.0
2.3999999999999998E-4,4.0E-6,-6.0
2.3999999999999998E-4,6.0E-6,-6.0
2.3999999999999998E-4,8.0E-6,-6.0
2.3999999999999998E-4,9.999999999999999E-6,-6.0
2.3999999999999998E-4,1.2E-5,-6.0
2.3999999999999998E-4,1.4E-5,-6.0
2.3999999999999998E-4,1.6E-5,-6.0
2.3999999999999998E-4,1.8E-5,-6.0
2.3999999999999998E-4,1.9999999999999998E-5,-6.0
2.3999999999999998E-4,2.2E-5,-6.0
2.3999999999999998E-4,2.4E-5,-6.0
2.3999999999999998E-4,2.6E-5,-6.0
2.3999999999999998E-4,2.8E-5,-6.0
2.3999999999999998E-4,2.9999999999999997E-5,-6.0
2.3999999999999998E-4,3.2E-5,-6.0
2.3999999999999998E-4,3.4E-5,-6.0
2.3999999999999998E-4,3.6E-5,-6.0
2.3999999999999998E-4,3.7999999999999995E-5,-6.0
2.3999999999999998E-4,3.9999999999999996E-5,-6.0
2.3999999999999998E-4,4.2E-5,-6.0
2.3999999999999998E-4,4.4E-5,-6.0
2.3999999999999998E-4,4.6E-5,-6.0
2.3999999999999998E-4,4.8E-5,-6.0
2.3999999999999998E-4,4.9999999999999996E-5,-6.0
2.3999999999999998E-4,5.2E-5,-6.0
2.3999999999999998E-4,5.4E-5,-6.0
2.3999999999999998E-4,5.6E-5,-6.0
2.3999999999999998E-4,5.8E-5,-6.0
2.3999999999999998E-4,5.9999999999999995E-5,-6.0
2.3999999999999998E-4,6.2E-5,-6.0
2.3999999999999998E-4,6.4E-5,-6.0
2.3999999999999998E-4,6.599999999999999E-5,-6.0
2.3999999999999998E-4,6.8E-5,-6.0
2.3999999999999998E-4,7.0E-5,-6.0
2.3999999999999998E-4,7.2E-5,-6.0
2.3999999999999998E-4,7.4E-5,-6.0
2.3999999999999998E-4,7.599999999999999E-5,-6.0
2.3999999999999998E-4,7.8E-5,-6.0
2.3999999999999998E-4,7.999999999999999E-5,-6.0
2.3999999999999998E-4,8.2E-5,-6.0
2.3999999999999998E-4,8.4E-5,-6.0
2.3999999999999998E-4,8.599999999999999E-5,-6.0
2.3999999999999998E-4,8.8E-5,-6.0
2.3999999999999998E-4,8.999999999999999E-5,-6.0
2.3999999999999998E-4,9.2E-5,-6.0
2.3999999999999998E-4,9.4E-5,-6.0
2.3999999999999998E-4,9.6E-5,-6.0
2.3999999999999998E-4,9.8E-5,-6.0
2.3999999999999998E-4,9.999999999999999E-5,-6.0
2.3999999999999998E-4,1.02E-4,-6.0
2.3999999999999998E-4,1.04E-4,-6.0
2.3999999999999998E-4,1.06E-4,-6.0
2.3999999999999998E-4,1.08E-4,-6.0
2.3999999999999998E-4,1.0999999999999999E-4,-6.0
2.3999999999999998E-4,1.12E-4,-6.0
2.3999999999999998E-4,1.1399999999999999E-4,-6.0
2.3999999999999998E-4,1.16E-4,-6.0
2.3999999999999998E-4,1.18E-4,-6.0
2.3999999999999998E-4,1.1999999999999999E-4,-6.0
2.3999999999999998E-4,1.22E-4,-6.0
2.3999999999999998E-4,1.24E-4,-6.0
2.3999999999999998E-4,1.26E-4,-6.0
2.3999999999999998E-4,1.28E-4,-6.0
2.3999999999999998E-4,1.3E-4,-6.0
2.3999999999999998E-4,1.3199999999999998E-4,-6.0
2.3999999999999998E-4,1.34E-4,-6.0
2.3999999999999998E-4,1.36E-4,-6.0
2.3999999999999998E-4,1.38E-4,-6.0
2.3999999999999998E-4,1.4E-4,-6.0
2.3999999999999998E-4,1.4199999999999998E-4,-6.0
2.3999999999999998E-4,1.44E-4,-6.0
2.3999999999999998E-4,1.46E-4,-6.0
2.3999999999999998E-4,1.48E-4,-6.0
2.3999999999999998E-4,1.5E-4,-6.0
2.3999999999999998E-4,1.5199999999999998E-4,-6.0
2.3999999999999998E-4,1.54E-4,-6.0
2.3999999999999998E-4,1.56E-4,-6.0
2.3999999999999998E-4,1.58E-4,-6.0
2.3999999999999998E-4,1.5999999999999999E-4,-6.0
2.3999999999999998E-4,1.6199999999999998E-4,-6.0
2.3999999999999998E-4,1.64E-4,-6.0
2.3999999999999998E-4,1.66E-4,-6.0
2.3999999999999998E-4,1.68E-4,-6.0
2.3999999999999998E-4,1.6999999999999999E-4,-6.0
2.3999999999999998E-4,1.7199999999999998E-4,-6.0
2.3999999999999998E-4,1.74E-4,-6.0
2.3999999999999998E-4,1.76E-4,-6.0
2.3999999999999998E-4,1.78E-4,-6.0
2.42E-4,0.0,-6.0
2.42E-4,2.0E-6,-6.0
2.42E-4,4.0E-6,-6.0
2.42E-4,6.0E-6,-6.0
2.42E-4,8.0E-6,-6.0
2.42E-4,9.999999999999999E-6,-6.0
2.42E-4,1.2E-5,-6.0
2.42E-4,1.4E-5,-6.0
2.42E-4,1.6E-5,-6.0
2.42E-4,1.8E-5,-6.0
2.42E-4,1.9999999999999998E-5,-6.0
2.42E-4,2.2E-5,-6.0
2.42E-4,2.4E-5,-6.0
2.42E-4,2.6E-5,-6.0
2.42E-4,2.8E-5,-6.0
2.42E-4,2.9999999999999997E-5,-6.0
2.42E-4,3.2E-5,-6.0
2.42E-4,3.4E-5,-6.0
2.42E-4,3.6E-5,-6.0
2.42E-4,3.7999999999999995E-5,-6.0
2.42E-4,3.9999999999999996E-5,-6.0
2.42E-4,4.2E-5,-6.0
2.42E-4,4.4E-5,-6.0
2.42E-4,4.6E-5,-6.0
2.42E-4,4.8E-5,-6.0
2.42E-4,4.9999999999999996E-5,-6.0
2.42E-4,5.2E-5,-6.0
2.42E-4,5.4E-5,-6.0
2.42E-4,5.6E-5,-6.0
2.42E-4,5.8E-5,-6.0
2.42E-4,5.9999999999999995E-5,-6.0
2.42E-4,6.2E-5,-6.0
2.42E-4,6.4E-5,-6.0
2.42E-4,6.599999999999999E-5,-6.0
2.42E-4,6.8E-5,-6.0
2.42E-4,7.0E-5,-6.0
2.42E-4,7.2E-5,-6.0
2.42E-4,7.4E-5,-6.0
2.42E-4,7.599999999999999E-5,-6.0
2.42E-4,7.8E-5,-6.0
2.42E-4,7.999999999999999E-5,-6.0
2.42E-4,8.2E-5,-6.0
2.42E-4,8.4E-5,-6.0
2.42E-4,8.599999999999999E-5,-6.0
2.42E-4,8.8E-5,-6.0
2.42E-4,8.999999999999999E-5,-6.0
2.42E-4,9.2E-5,-6.0
2.42E-4,9.4E-5,-6.0
2.42E-4,9.6E-5,-6.0
2.42E-4,9.8E-5,-6.0
2.42E-4,9.999999999999999E-5,-6.0
2.42E-4,1.02E-4,-6.0
2.42E-4,1.04E-4,-6.0
2.42E-4,1.06E-4,-6.0
2.42E-4,1.08E-4,-6.0
2.42E-4,1.0999999999999999E-4,-6.0
2.42E-4,1.12E-4,-6.0
2.42E-4,1.1399999999999999E-4,-6.0
2.42E-4,1.16E-4,-6.0
2.42E-4,1.18E-4,-6.0
2.42E-4,1.1999999999999999E-4,-6.0
2.42E-4,1.22E-4,-6.0
2.42E-4,1.24E-4,-6.0
2.42E-4,1.26E-4,-6.0
2.42E-4,1.28E-4,-6.0
2.42E-4,1.3E-4,-6.0
2.42E-4,1.3199999999999998E-4,-6.0
2.42E-4,1.34E-4,-6.0
2.42E-4,1.36E-4,-6.0
2.42E-4,1.38E-4,-6.0
2.42E-4,1.4E-4,-6.0
2.42E-4,1.4199999999999998E-4,-6.0
2.42E-4,1.44E-4,-6.0
2.42E-4,1.46E-4,-6.0
2.42E-4,1.48E-4,-6.0
2.42E-4,1.5E-4,-6.0
2.42E-4,1.5199999999999998E-4,-6.0
2.42E-4,1.54E-4,-6.0
2.42E-4,1.56E-4,-6.0
2.42E-4,1.58E-4,-6.0
2.42E-4,1.5999999999999999E-4,-6.0
2.42E-4,1.6199999999999998E-4,-6.0
2.42E-4,1.64E-4,-6.0
2.42E-4,1.66E-4,-6.0
2.42E-4,1.68E-4,-6.0
2.42E-4,1.6999999999999999E-4,-6.0
2.42E-4,1.7199999999999998E-4,-6.0
2.42E-4,1.74E-4,-6.0
2.42E-4,1.76E-4,-6.0
2.42E-4,1.78E-4,-6.0
2.44E-4,0.0,-6.0
2.44E-4,2.0E-6,-6.0
2.44E-4,4.0E-6,-6.0
2.44E-4,6.0E-6,-6.0
2.44E-4,8.0E-6,-6.0
2.44E-4,9.999999999999999E-6,-6.0
2.44E-4,1.2E-5,-6.0
2.44E-4,1.4E-5,-6.0
2.44E-4,1.6E-5,-6.0
2.44E-4,1.8E-5,-6.0
2.44E-4,1.9999999999999998E-5,-6.0
2.44E-4,2.2E-5,-6.0
2.44E-4,2.4E-5,-6.0
2.44E-4,2.6E-5,-6.0
2.44E-4,2.8E-5,-6.0
2.44E-4,2.9999999999999997E-5,-6.0
2.44E-4,3.2E-5,-6.0
2.44E-4,3.4E-5,-6.0
2.44E-4,3.6E-5,-6.0
2.44E-4,3.7999999999999995E-5,-6.0
2.44E-4,3.9999999999999996E-5,-6.0
2.44E-4,4.2E-5,-6.0
2.44E-4,4.4E-5,-6.0
2.44E-4,4.6E-5,-6.0
2.44E-4,4.8E-5,-6.0
2.44E-4,4.9999999999999996E-5,-6.0
2.44E-4,5.2E-5,-6.0
2.44E-4,5.4E-5,-6.0
2.44E-4,5.6E-5,-6.0
2.44E-4,5.8E-5,-6.0
2.44E-4,5.9999999999999995E-5,-6.0
2.44E-4,6.2E-5,-6.0
2.44E-4,6.4E-5,-6.0
2.44E-4,6.599999999999999E-5,-6.0
2.44E-4,6.8E-5,-6.0
2.44E-4,7.0E-5,-6.0
2.44E-4,7.2E-5,-6.0
2.44E-4,7.4E-5,-6.0
2.44E-4,7.599999999999999E-5,-6.0
2.44E-4,7.8E-5,-6.0
2.44E-4,7.999999999999999E-5,-6.0
2.44E-4,8.2E-5,-6.0
2.44E-4,8.4E-5,-6.0
2.44E-4,8.599999999999999E-5,-6.0
2.44E-4,8.8E-5,-6.0
2.44E-4,8.999999999999999E-5,-6.0
2.44E-4,9.2E-5,-6.0
2.44E-4,9.4E-5,-6.0
2.44E-4,9.6E-5,-6.0
2.44E-4,9.8E-5,-6.0
2.44E-4,9.999999999999999E-5,-6.0
2.44E-4,1.02E-4,-6.0
2.44E-4,1.04E-4,-6.0
2.44E-4,1.06E-4,-6.0
2.44E-4,1.08E-4,-6.0
2.44E-4,1.0999999999999999E-4,-6.0
2.44E-4,1.12E-4,-6.0
2.44E-4,1.1399999999999999E-4,-6.0
2.44E-4,1.16E-4,-6.0
2.44E-4,1.18E-4,-6.0
2.44E-4,1.1999999999999999E-4,-6.0
2.44E-4,1.22E-4,-6.0
2.44E-4,1.24E-4,-6.0
2.44E-4,1.26E-4,-6.0
2.44E-4,1.28E-4,-6.0
2.44E-4,1.3E-4,-6.0
2.44E-4,1.3199999999999998E-4,-6.0
2.44E-4,1.34E-4,-6.0
2.44E-4,1.36E-4,-6.0
2.44E-4,1.38E-4,-6.0
2.44E-4,1.4E-4,-6.0
2.44E-4,1.4199999999999998E-4,-6.0
2.44E-4,1.44E-4,-6.0
2.44E-4,1.46E-4,-6.0
2.44E-4,1.48E-4,-6.0
2.44E-4,1.5E-4,-6.0
2.44E-4,1.5199999999999998E-4,-6.0
2.44E-4,1.54E-4,-6.0
2.44E-4,1.56E-4,-6.0
2.44E-4,1.58E-4,-6.0
2.44E-4,1.5999999999999999E-4,-6.0
2.44E-4,1.6199999999999998E-4,-6.0
2.44E-4,1.64E-4,-6.0
2.44E-4,1.66E-4,-6.0
2.44E-4,1.68E-4,-6.0
2.44E-4,1.6999999999999999E-4,-6.0
2.44E-4,1.7199999999999998E-4,-6.0
2.44E-4,1.74E-4,-6.0
2.44E-4,1.76E-4,-6.0
2.44E-4,1.78E-4,-6.0
2.4599999999999996E-4,0.0,-6.0
2.4599999999999996E-4,2.0E-6,-6.0
2.4599999999999996E-4,4.0E-6,-6.0
2.4599999999999996E-4,6.0E-6,-6.0
2.4599999999999996E-4,8.0E-6,-6.0
2.4599999999999996E-4,9.999999999999999E-6,-6.0
2.4599999999999996E-4,1.2E-5,-6.0
2.4599999999999996E-4,1.4E-5,-6.0
2.4599999999999996E-4,1.6E-5,-6.0
2.4599999999999996E-4,1.8E-5,-6.0
2.4599999999999996E-4,1.9999999999999998E-5,-6.0
2.4599999999999996E-4,2.2E-5,-6.0
2.4599999999999996E-4,2.4E-5,-6.0
2.4599999999999996E-4,2.6E-5,-6.0
2.4599999999999996E-4,2.8E-5,-6.0
2.4599999999999996E-4,2.9999999999999997E-5,-6.0
2.4599999999999996E-4,3.2E-5,-6.0
2.4599999999999996E-4,3.4E-5,-6.0
2.4599999999999996E-4,3.6E-5,-6.0
2.4599999999999996E-4,3.7999999999999995E-5,-6.0
2.4599999999999996E-4,3.9999999999999996E-5,-6.0
2.4599999999999996E-4,4.2E-5,-6.0
2.4599999999999996E-4,4.4E-5,-6.0
2.4599999999999996E-4,4.6E-5,-6.0
2.4599999999999996E-4,4.8E-5,-6.0
2.4599999999999996E-4,4.9999999999999996E-5,-6.0
2.4599999999999996E-4,5.2E-5,-6.0
2.4599999999999996E-4,5.4E-5,-6.0
2.4599999999999996E-4,5.6E-5,-6.0
2.4599999999999996E-4,5.8E-5,-6.0
2.4599999999999996E-4,5.9999999999999995E-5,-6.0
2.4599999999999996E-4,6.2E-5,-6.0
2.4599999999999996E-4,6.4E-5,-6.0
2.4599999999999996E-4,6.599999999999999E-5,-6.0
2.4599999999999996E-4,6.8E-5,-6.0
2.4599999999999996E-4,7.0E-5,-6.0
2.4599999999999996E-4,7.2E-5,-6.0
2.4599999999999996E-4,7.4E-5,-6.0
2.4599999999999996E-4,7.599999999999999E-5,-6.0
2.4599999999999996E-4,7.8E-5,-6.0
2.4599999999999996E-4,7.999999999999999E-5,-6.0
2.4599999999999996E-4,8.2E-5,-6.0
2.4599999999999996E-4,8.4E-5,-6.0
2.4599999999999996E-4,8.599999999999999E-5,-6.0
2.4599999999999996E-4,8.8E-5,-6.0
2.4599999999999996E-4,8.999999999999999E-5,-6.0
2.4599999999999996E-4,9.2E-5,-6.0
2.4599999999999996E-4,9.4E-5,-6.0
2.4599999999999996E-4,9.6E-5,-6.0
2.4599999999999996E-4,9.8E-5,-6.0
2.4599999999999996E-4,9.999999999999999E-5,-6.0
2.4599999999999996E-4,1.02E-4,-6.0
2.4599999999999996E-4,1.04E-4,-6.0
2.4599999999999996E-4,1.06E-4,-6.0
2.4599999999999996E-4,1.08E-4,-6.0
2.4599999999999996E-4,1.0999999999999999E-4,-6.0
2.4599999999999996E-4,1.12E-4,-6.0
2.4599999999999996E-4,1.1399999999999999E-4,-6.0
2.4599999999999996E-4,1.16E-4,-6.0
2.4599999999999996E-4,1.18E-4,-6.0
2.4599999999999996E-4,1.1999999999999999E-4,-6.0
2.4599999999999996E-4,1.22E-4,-6.0
2.4599999999999996E-4,1.24E-4,-6.0
2.4599999999999996E-4,1.26E-4,-6.0
2.4599999999999996E-4,1.28E-4,-6.0
2.4599999999999996E-4,1.3E-4,-6.0
2.4599999999999996E-4,1.3199999999999998E-4,-6.0
2.4599999999999996E-4,1.34E-4,-6.0
2.4599999999999996E-4,1.36E-4,-6.0
2.4599999999999996E-4,1.38E-4,-6.0
2.4599999999999996E-4,1.4E-4,-6.0
2.4599999999999996E-4,1.4199999999999998E-4,-6.0
2.4599999999999996E-4,1.44E-4,-6.0
2.4599999999999996E-4,1.46E-4,-6.0
2.4599999999999996E-4,1.48E-4,-6.0
2.4599999999999996E-4,1.5E-4,-6.0
2.4599999999999996E-4,1.5199999999999998E-4,-6.0
2.4599999999999996E-4,1.54E-4,-6.0
2.4599999999999996E-4,1.56E-4,-6.0
2.4599999999999996E-4,1.58E-4,-6.0
2.4599999999999996E-4,1.5999999999999999E-4,-6.0
2.4599999999999996E-4,1.6199999999999998E-4,-6.0
2.4599999999999996E-4,1.64E-4,-6.0
2.4599999999999996E-4,1.66E-4,-6.0
2.4599999999999996E-4,1.68E-4,-6.0
2.4599999999999996E-4,1.6999999999999999E-4,-6.0
2.4599999999999996E-4,1.7199999999999998E-4,-6.0
2.4599999999999996E-4,1.74E-4,-6.0
2.4599999999999996E-4,1.76E-4,-6.0
2.4599999999999996E-4,1.78E-4,-6.0
2.48E-4,0.0,-6.0
2.48E-4,2.0E-6,-6.0
2.48E-4,4.0E-6,-6.0
2.48E-4,6.0E-6,-6.0
2.48E-4,8.0E-6,-6.0
2.48E-4,9.999999999999999E-6,-6.0
2.48E-4,1.2E-5,-6.0
2.48E-4,1.4E-5,-6.0
2.48E-4,1.6E-5,-6.0
2.48E-4,1.8E-5,-6.0
2.48E-4,1.9999999999999998E-5,-6.0
2.48E-4,2.2E-5,-6.0
2.48E-4,2.4E-5,-6.0
2.48E-4,2.6E-5,-6.0
2.48E-4,2.8E-5,-6.0
2.48E-4,2.9999999999999997E-5,-6.0
2.48E-4,3.2E-5,-6.0
2.48E-4,3.4E-5,-6.0
2.48E-4,3.6E-5,-6.0
2.48E-4,3.7999999999999995E-5,-6.0
2.48E-4,3.9999999999999996E-5,-6.0
2.48E-4,4.2E-5,-6.0
2.48E-4,4.4E-5,-6.0
2.48E-4,4.6E-5,-6.0
2.48E-4,4.8E-5,-6.0
2.48E-4,4.9999999999999996E-5,-6.0
2.48E-4,5.2E-5,-6.0
2.48E-4,5.4E-5,-6.0
2.48E-4,5.6E-5,-6.0
2.48E-4,5.8E-5,-6.0
2.48E-4,5.9999999999999995E-5,-6.0
2.48E-4,6.2E-5,-6.0
2.48E-4,6.4E-5,-6.0
2.48E-4,6.599999999999999E-5,-6.0
2.48E-4,6.8E-5,-6.0
2.48E-4,7.0E-5,-6.0
2.48E-4,7.2E-5,-6.0
2.48E-4,7.4E-5,-6.0
2.48E-4,7.599999999999999E-5,-6.0
2.48E-4,7.8E-5,-6.0
2.48E-4,7.999999999999999E-5,-6.0
2.48E-4,8.2E-5,-6.0
2.48E-4,8.4E-5,-6.0
2.48E-4,8.599999999999999E-5,-6.0
2.48E-4,8.8E-5,-6.0
2.48E-4,8.999999999999999E-5,-6.0
2.48E-4,9.2E-5,-6.0
2.48E-4,9.4E-5,-6.0
2.48E-4,9.6E-5,-6.0
2.48E-4,9.8E-5,-6.0
2.48E-4,9.999999999999999E-5,-6.0
2.48E-4,1.02E-4,-6.0
2.48E-4,1.04E-4,-6.0
2.48E-4,1.06E-4,-6.0
2.48E-4,1.08E-4,-6.0
2.48E-4,1.0999999999999999E-4,-6.0
2.48E-4,1.12E-4,-6.0
2.48E-4,1.1399999999999999E-4,-6.0
2.48E-4,1.16E-4,-6.0
2.48E-4,1.18E-4,-6.0
2.48E-4,1.1999999999999999E-4,-6.0
2.48E-4,1.22E-4,-6.0
2.48E-4,1.24E-4,-6.0
2.48E-4,1.26E-4,-6.0
2.48E-4,1.28E-4,-6.0
2.48E-4,1.3E-4,-6.0
2.48E-4,1.3199999999999998E-4,-6.0
2.48E-4,1.34E-4,-6.0
2.48E-4,1.36E-4,-6.0
2.48E-4,1.38E-4,-6.0
2.48E-4,1.4E-4,-6.0
2.48E-4,1.4199999999999998E-4,-6.0
2.48E-4,1.44E-4,-6.0
2.48E-4,1.46E-4,-6.0
2.48E-4,1.48E-4,-6.0
2.48E-4,1.5E-4,-6.0
2.48E-4,1.5199999999999998E-4,-6.0
2.48E-4,1.54E-4,-6.0
2.48E-4,1.56E-4,-6.0
2.48E-4,1.58E-4,-6.0
2.48E-4,1.5999999999999999E-4,-6.0
2.48E-4,1.6199999999999998E-4,-6.0
2.48E-4,1.64E-4,-6.0
2.48E-4,1.66E-4,-6.0
2.48E-4,1.68E-4,-6.0
2.48E-4,1.6999999999999999E-4,-6.0
2.48E-4,1.7199999999999998E-4,-6.0
2.48E-4,1.74E-4,-6.0
2.48E-4,1.76E-4,-6.0
2.48E-4,1.78E-4,-6.0
2.5E-4,0.0,-6.0
2.5E-4,2.0E-6,-6.0
2.5E-4,4.0E-6,-6.0
2.5E-4,6.0E-6,-6.0
2.5E-4,8.0E-6,-6.0
2.5E-4,9.999999999999999E-6,-6.0
2.5E-4,1.2E-5,-6.0
2.5E-4,1.4E-5,-6.0
2.5E-4,1.6E-5,-6.0
2.5E-4,1.8E-5,-6.0
2.5E-4,1.9999999999999998E-5,-6.0
2.5E-4,2.2E-5,-6.0
2.5E-4,2.4E-5,-6.0
2.5E-4,2.6E-5,-6.0
2.5E-4,2.8E-5,-6.0
2.5E-4,2.9999999999999997E-5,-6.0
2.5E-4,3.2E-5,-6.0
2.5E-4,3.4E-5,-6.0
2.5E-4,3.6E-5,-6.0
2.5E-4,3.7999999999999995E-5,-6.0
2.5E-4,3.9999999999999996E-5,-6.0
2.5E-4,4.2E-5,-6.0
2.5E-4,4.4E-5,-6.0
2.5E-4,4.6E-5,-6.0
2.5E-4,4.8E-5,-6.0
2.5E-4,4.9999999999999996E-5,-6.0
2.5E-4,5.2E-5,-6.0
2.5E-4,5.4E-5,-6.0
2.5E-4,5.6E-5,-6.0
2.5E-4,5.8E-5,-6.0
2.5E-4,5.9999999999999995E-5,-6.0
2.5E-4,6.2E-5,-6.0
2.5E-4,6.4E-5,-6.0
2.5E-4,6.599999999999999E-5,-6.0
2.5E-4,6.8E-5,-6.0
2.5E-4,7.0E-5,-6.0
2.5E-4,7.2E-5,-6.0
2.5E-4,7.4E-5,-6.0
2.5E-4,7.599999999999999E-5,-6.0
2.5E-4,7.8E-5,-6.0
2.5E-4,7.999999999999999E-5,-6.0
2.5E-4,8.2E-5,-6.0
2.5E-4,8.4E-5,-6.0
2.5E-4,8.599999999999999E-5,-6.0
2.5E-4,8.8E-5,-6.0
2.5E-4,8.999999999999999E-5,-6.0
2.5E-4,9.2E-5,-6.0
2.5E-4,9.4E-5,-6.0
2.5E-4,9.6E-5,-6.0
2.5E-4,9.8E-5,-6.0
2.5E-4,9.999999999999999E-5,-6.0
2.5E-4,1.02E-4,-6.0
2.5E-4,1.04E-4,-6.0
2.5E-4,1.06E-4,-6.0
2.5E-4,1.08E-4,-6.0
2.5E-4,1.0999999999999999E-4,-6.0
2.5E-4,1.12E-4,-6.0
2.5E-4,1.1399999999999999E-4,-6.0
2.5E-4,1.16E-4,-6.0
2.5E-4,1.18E-4,-6.0
2.5E-4,1.1999999999999999E-4,-6.0
2.5E-4,1.22E-4,-6.0
2.5E-4,1.24E-4,-6.0
2.5E-4,1.26E-4,-6.0
2.5E-4,1.28E-4,-6.0
2.5E-4,1.3E-4,-6.0
2.5E-4,1.3199999999999998E-4,-6.0
2.5E-4,1.34E-4,-6.0
2.5E-4,1.36E-4,-6.0
2.5E-4,1.38E-4,-6.0
2.5E-4,1.4E-4,-6.0
2.5E-4,1.4199999999999998E-4,-6.0
2.5E-4,1.44E-4,-6.0
2.5E-4,1.46E-4,-6.0
2.5E-4,1.48E-4,-6.0
2.5E-4,1.5E-4,-6.0
2.5E-4,1.5199999999999998E-4,-6.0
2.5E-4,1.54E-4,-6.0
2.5E-4,1.56E-4,-6.0
2.5E-4,1.58E-4,-6.0
2.5E-4,1.5999999999999999E-4,-6.0
2.5E-4,1.6199999999999998E-4,-6.0
2.5E-4,1.64E-4,-6.0
2.5E-4,1.66E-4,-6.0
2.5E-4,1.68E-4,-6.0
2.5E-4,1.6999999999999999E-4,-6.0
2.5E-4,1.7199999999999998E-4,-6.0
2.5E-4,1.74E-4,-6.0
2.5E-4,1.76E-4,-6.0
2.5E-4,1.78E-4,-6.0
2.52E-4,0.0,-6.0
2.52E-4,2.0E-6,-6.0
2.52E-4,4.0E-6,-6.0
2.52E-4,6.0E-6,-6.0
2.52E-4,8.0E-6,-6.0
2.52E-4,9.999999999999999E-6,-6.0
2.52E-4,1.2E-5,-6.0
2.52E-4,1.4E-5,-6.0
2.52E-4,1.6E-5,-6.0
2.52E-4,1.8E-5,-6.0
2.52E-4,1.9999999999999998E-5,-6.0
2.52E-4,2.2E-5,-6.0
2.52E-4,2.4E-5,-6.0
2.52E-4,2.6E-5,-6.0
2.52E-4,2.8E-5,-6.0
2.52E-4,2.9999999999999997E-5,-6.0
2.52E-4,3.2E-5,-6.0
2.52E-4,3.4E-5,-6.0
2.52E-4,3.6E-5,-6.0
2.52E-4,3.7999999999999995E-5,-6.0
2.52E-4,3.9999999999999996E-5,-6.0
2.52E-4,4.2E-5,-6.0
2.52E-4,4.4E-5,-6.0
2.52E-4,4.6E-5,-6.0
2.52E-4,4.8E-5,-6.0
2.52E-4,4.9999999999999996E-5,-6.0
2.52E-4,5.2E-5,-6.0
2.52E-4,5.4E-5,-6.0
2.52E-4,5.6E-5,-6.0
2.52E-4,5.8E-5,-6.0
2.52E-4,5.9999999999999995E-5,-6.0
2.52E-4,6.2E-5,-6.0
2.52E-4,6.4E-5,-6.0
2.52E-4,6.599999999999999E-5,-6.0
2.52E-4,6.8E-5,-6.0
2.52E-4,7.0E-5,-6.0
2.52E-4,7.2E-5,-6.0
2.52E-4,7.4E-5,-6.0
2.52E-4,7.599999999999999E-5,-6.0
2.52E-4,7.8E-5,-6.0
2.52E-4,7.999999999999999E-5,-6.0
2.52E-4,8.2E-5,-6.0
2.52E-4,8.4E-5,-6.0
2.52E-4,8.599999999999999E-5,-6.0
2.52E-4,8.8E-5,-6.0
2.52E-4,8.999999999999999E-5,-6.0
2.52E-4,9.2E-5,-6.0
2.52E-4,9.4E-5,-6.0
2.52E-4,9.6E-5,-6.0
2.52E-4,9.8E-5,-6.0
2.52E-4,9.999999999999999E-5,-6.0
2.52E-4,1.02E-4,-6.0
2.52E-4,1.04E-4,-6.0
2.52E-4,1.06E-4,-6.0
2.52E-4,1.08E-4,-6.0
2.52E-4,1.0999999999999999E-4,-6.0
2.52E-4,1.12E-4,-6.0
2.52E-4,1.1399999999999999E-4,-6.0
2.52E-4,1.16E-4,-6.0
2.52E-4,1.18E-4,-6.0
2.52E-4,1.1999999999999999E-4,-6.0
2.52E-4,1.22E-4,-6.0
2.52E-4,1.24E-4,-6.0
2.52E-4,1.26E-4,-6.0
2.52E-4,1.28E-4,-6.0
2.52E-4,1.3E-4,-6.0
2.52E-4,1.3199999999999998E-4,-6.0
2.52E-4,1.34E-4,-6.0
2.52E-4,1.36E-4,-6.0
2.52E-4,1.38E-4,-6.0
2.52E-4,1.4E-4,-6.0
2.52E-4,1.4199999999999998E-4,-6.0
2.52E-4,1.44E-4,-6.0
2.52E-4,1.46E-4,-6.0
2.52E-4,1.48E-4,-6.0
2.52E-4,1.5E-4,-6.0
2.52E-4,1.5199999999999998E-4,-6.0
2.52E-4,1.54E-4,-6.0
2.52E-4,1.56E-4,-6.0
2.52E-4,1.58E-4,-6.0
2.52E-4,1.5999999999999999E-4,-6.0
2.52E-4,1.6199999999999998E-4,-6.0
2.52E-4,1.64E-4,-6.0
2.52E-4,1.66E-4,-6.0
2.52E-4,1.68E-4,-6.0
2.52E-4,1.6999999999999999E-4,-6.0
2.52E-4,1.7199999999999998E-4,-6.0
2.52E-4,1.74E-4,-6.0
2.52E-4,1.76E-4,-6.0
2.52E-4,1.78E-4,-6.0
2.54E-4,0.0,-6.0
2.54E-4,2.0E-6,-6.0
2.54E-4,4.0E-6,-6.0
2.54E-4,6.0E-6,-6.0
2.54E-4,8.0E-6,-6.0
2.54E-4,9.999999999999999E-6,-6.0
2.54E-4,1.2E-5,-6.0
2.54E-4,1.4E-5,-6.0
2.54E-4,1.6E-5,-6.0
2.54E-4,1.8E-5,-6.0
2.54E-4,1.9999999999999998E-5,-6.0
2.54E-4,2.2E-5,-6.0
2.54E-4,2.4E-5,-6.0
2.54E-4,2.6E-5,-6.0
2.54E-4,2.8E-5,-6.0
2.54E-4,2.9999999999999997E-5,-6.0
2.54E-4,3.2E-5,-6.0
2.54E-4,3.4E-5,-6.0
2.54E-4,3.6E-5,-6.0
2.54E-4,3.7999999999999995E-5,-6.0
2.54E-4,3.9999999999999996E-5,-6.0
2.54E-4,4.2E-5,-6.0
2.54E-4,4.4E-5,-6.0
2.54E-4,4.6E-5,-6.0
2.54E-4,4.8E-5,-6.0
2.54E-4,4.9999999999999996E-5,-6.0
2.54E-4,5.2E-5,-6.0
2.54E-4,5.4E-5,-6.0
2.54E-4,5.6E-5,-6.0
2.54E-4,5.8E-5,-6.0
2.54E-4,5.9999999999999995E-5,-6.0
2.54E-4,6.2E-5,-6.0
2.54E-4,6.4E-5,-6.0
2.54E-4,6.599999999999999E-5,-6.0
2.54E-4,6.8E-5,-6.0
2.54E-4,7.0E-5,-6.0
2.54E-4,7.2E-5,-6.0
2.54E-4,7.4E-5,-6.0
2.54E-4,7.599999999999999E-5,-6.0
2.54E-4,7.8E-5,-6.0
2.54E-4,7.999999999999999E-5,-6.0
2.54E-4,8.2E-5,-6.0
2.54E-4,8.4E-5,-6.0
2.54E-4,8.599999999999999E-5,-6.0
2.54E-4,8.8E-5,-6.0
2.54E-4,8.999999999999999E-5,-6.0
2.54E-4,9.2E-5,-6.0
2.54E-4,9.4E-5,-6.0
2.54E-4,9.6E-5,-6.0
2.54E-4,9.8E-5,-6.0
2.54E-4,9.999999999999999E-5,-6.0
2.54E-4,1.02E-4,-6.0
2.54E-4,1.04E-4,-6.0
2.54E-4,1.06E-4,-6.0
2.54E-4,1.08E-4,-6.0
2.54E-4,1.0999999999999999E-4,-6.0
2.54E-4,1.12E-4,-6.0
2.54E-4,1.1399999999999999E-4,-6.0
2.54E-4,1.16E-4,-6.0
2.54E-4,1.18E-4,-6.0
2.54E-4,1.1999999999999999E-4,-6.0
2.54E-4,1.22E-4,-6.0
2.54E-4,1.24E-4,-6.0
2.54E-4,1.26E-4,-6.0
2.54E-4,1.28E-4,-6.0
2.54E-4,1.3E-4,-6.0
2.54E-4,1.3199999999999998E-4,-6.0
2.54E-4,1.34E-4,-6.0
2.54E-4,1.36E-4,-6.0
2.54E-4,1.38E-4,-6.0
2.54E-4,1.4E-4,-6.0
2.54E-4,1.4199999999999998E-4,-6.0
2.54E-4,1.44E-4,-6.0
2.54E-4,1.46E-4,-6.0
2.54E-4,1.48E-4,-6.0
2.54E-4,1.5E-4,-6.0
2.54E-4,1.5199999999999998E-4,-6.0
2.54E-4,1.54E-4,-6.0
2.54E-4,1.56E-4,-6.0
2.54E-4,1.58E-4,-6.0
2.54E-4,1.5999999999999999E-4,-6.0
2.54E-4,1.6199999999999998E-4,-6.0
2.54E-4,1.64E-4,-6.0
2.54E-4,1.66E-4,-6.0
2.54E-4,1.68E-4,-6.0
2.54E-4,1.6999999999999999E-4,-6.0
2.54E-4,1.7199999999999998E-4,-6.0
2.54E-4,1.74E-4,-6.0
2.54E-4,1.76E-4,-6.0
2.54E-4,1.78E-4,-6.0
2.56E-4,0.0,-6.0
2.56E-4,2.0E-6,-6.0
2.56E-4,4.0E-6,-6.0
2.56E-4,6.0E-6,-6.0
2.56E-4,8.0E-6,-6.0
2.56E-4,9.999999999999999E-6,-6.0
2.56E-4,1.2E-5,-6.0
2.56E-4,1.4E-5,-6.0
2.56E-4,1.6E-5,-6.0
2.56E-4,1.8E-5,-6.0
2.56E-4,1.9999999999999998E-5,-6.0
2.56E-4,2.2E-5,-6.0
2.56E-4,2.4E-5,-6.0
2.56E-4,2.6E-5,-6.0
2.56E-4,2.8E-5,-6.0
2.56E-4,2.9999999999999997E-5,-6.0
2.56E-4,3.2E-5,-6.0
2.56E-4,3.4E-5,-6.0
2.56E-4,3.6E-5,-6.0
2.56E-4,3.7999999999999995E-5,-6.0
2.56E-4,3.9999999999999996E-5,-6.0
2.56E-4,4.2E-5,-6.0
2.56E-4,4.4E-5,-6.0
2.56E-4,4.6E-5,-6.0
2.56E-4,4.8E-5,-6.0
2.56E-4,4.9999999999999996E-5,-6.0
2.56E-4,5.2E-5,-6.0
2.56E-4,5.4E-5,-6.0
2.56E-4,5.6E-5,-6.0
2.56E-4,5.8E-5,-6.0
2.56E-4,5.9999999999999995E-5,-6.0
2.56E-4,6.2E-5,-6.0
2.56E-4,6.4E-5,-6.0
2.56E-4,6.599999999999999E-5,-6.0
2.56E-4,6.8E-5,-6.0
2.56E-4,7.0E-5,-6.0
2.56E-4,7.2E-5,-6.0
2.56E-4,7.4E-5,-6.0
2.56E-4,7.599999999999999E-5,-6.0
2.56E-4,7.8E-5,-6.0
2.56E-4,7.999999999999999E-5,-6.0
2.56E-4,8.2E-5,-6.0
2.56E-4,8.4E-5,-6.0
2.56E-4,8.599999999999999E-5,-6.0
2.56E-4,8.8E-5,-6.0
2.56E-4,8.999999999999999E-5,-6.0
2.56E-4,9.2E-5,-6.0
2.56E-4,9.4E-5,-6.0
2.56E-4,9.6E-5,-6.0
2.56E-4,9.8E-5,-6.0
2.56E-4,9.999999999999999E-5,-6.0
2.56E-4,1.02E-4,-6.0
2.56E-4,1.04E-4,-6.0
2.56E-4,1.06E-4,-6.0
2.56E-4,1.08E-4,-6.0
2.56E-4,1.0999999999999999E-4,-6.0
2.56E-4,1.12E-4,-6.0
2.56E-4,1.1399999999999999E-4,-6.0
2.56E-4,1.16E-4,-6.0
2.56E-4,1.18E-4,-6.0
2.56E-4,1.1999999999999999E-4,-6.0
2.56E-4,1.22E-4,-6.0
2.56E-4,1.24E-4,-6.0
2.56E-4,1.26E-4,-6.0
2.56E-4,1.28E-4,-6.0
2.56E-4,1.3E-4,-6.0
2.56E-4,1.3199999999999998E-4,-6.0
2.56E-4,1.34E-4,-6.0
2.56E-4,1.36E-4,-6.0
2.56E-4,1.38E-4,-6.0
2.56E-4,1.4E-4,-6.0
2.56E-4,1.4199999999999998E-4,-6.0
2.56E-4,1.44E-4,-6.0
2.56E-4,1.46E-4,-6.0
2.56E-4,1.48E-4,-6.0
2.56E-4,1.5E-4,-6.0
2.56E-4,1.5199999999999998E-4,-6.0
2.56E-4,1.54E-4,-6.0
2.56E-4,1.56E-4,-6.0
2.56E-4,1.58E-4,-6.0
2.56E-4,1.5999999999999999E-4,-6.0
2.56E-4,1.6199999999999998E-4,-6.0
2.56E-4,1.64E-4,-6.0
2.56E-4,1.66E-4,-6.0
2.56E-4,1.68E-4,-6.0
2.56E-4,1.6999999999999999E-4,-6.0
2.56E-4,1.7199999999999998E-4,-6.0
2.56E-4,1.74E-4,-6.0
2.56E-4,1.76E-4,-6.0
2.56E-4,1.78E-4,-6.0
2.58E-4,0.0,-6.0
2.58E-4,2.0E-6,-6.0
2.58E-4,4.0E-6,-6.0
2.58E-4,6.0E-6,-6.0
2.58E-4,8.0E-6,-6.0
2.58E-4,9.999999999999999E-6,-6.0
2.58E-4,1.2E-5,-6.0
2.58E-4,1.4E-5,-6.0
2.58E-4,1.6E-5,-6.0
2.58E-4,1.8E-5,-6.0
2.58E-4,1.9999999999999998E-5,-6.0
2.58E-4,2.2E-5,-6.0
2.58E-4,2.4E-5,-6.0
2.58E-4,2.6E-5,-6.0
2.58E-4,2.8E-5,-6.0
2.58E-4,2.9999999999999997E-5,-6.0
2.58E-4,3.2E-5,-6.0
2.58E-4,3.4E-5,-6.0
2.58E-4,3.6E-5,-6.0
2.58E-4,3.7999999999999995E-5,-6.0
2.58E-4,3.9999999999999996E-5,-6.0
2.58E-4,4.2E-5,-6.0
2.58E-4,4.4E-5,-6.0
2.58E-4,4.6E-5,-6.0
2.58E-4,4.8E-5,-6.0
2.58E-4,4.9999999999999996E-5,-6.0
2.58E-4,5.2E-5,-6.0
2.58E-4,5.4E-5,-6.0
2.58E-4,5.6E-5,-6.0
2.58E-4,5.8E-5,-6.0
2.58E-4,5.9999999999999995E-5,-6.0
2.58E-4,6.2E-5,-6.0
2.58E-4,6.4E-5,-6.0
2.58E-4,6.599999999999999E-5,-6.0
2.58E-4,6.8E-5,-6.0
2.58E-4,7.0E-5,-6.0
2.58E-4,7.2E-5,-6.0
2.58E-4,7.4E-5,-6.0
2.58E-4,7.599999999999999E-5,-6.0
2.58E-4,7.8E-5,-6.0
2.58E-4,7.999999999999999E-5,-6.0
2.58E-4,8.2E-5,-6.0
2.58E-4,8.4E-5,-6.0
2.58E-4,8.599999999999999E-5,-6.0
2.58E-4,8.8E-5,-6.0
2.58E-4,8.999999999999999E-5,-6.0
2.58E-4,9.2E-5,-6.0
2.58E-4,9.4E-5,-6.0
2.58E-4,9.6E-5,-6.0
2.58E-4,9.8E-5,-6.0
2.58E-4,9.999999999999999E-5,-6.0
2.58E-4,1.02E-4,-6.0
2.58E-4,1.04E-4,-6.0
2.58E-4,1.06E-4,-6.0
2.58E-4,1.08E-4,-6.0
2.58E-4,1.0999999999999999E-4,-6.0
2.58E-4,1.12E-4,-6.0
2.58E-4,1.1399999999999999E-4,-6.0
2.58E-4,1.16E-4,-6.0
2.58E-4,1.18E-4,-6.0
2.58E-4,1.1999999999999999E-4,-6.0
2.58E-4,1.22E-4,-6.0
2.58E-4,1.24E-4,-6.0
2.58E-4,1.26E-4,-6.0
2.58E-4,1.28E-4,-6.0
2.58E-4,1.3E-4,-6.0
2.58E-4,1.3199999999999998E-4,-6.0
2.58E-4,1.34E-4,-6.0
2.58E-4,1.36E-4,-6.0
2.58E-4,1.38E-4,-6.0
2.58E-4,1.4E-4,-6.0
2.58E-4,1.4199999999999998E-4,-6.0
2.58E-4,1.44E-4,-6.0
2.58E-4,1.46E-4,-6.0
2.58E-4,1.48E-4,-6.0
2.58E-4,1.5E-4,-6.0
2.58E-4,1.5199999999999998E-4,-6.0
2.58E-4,1.54E-4,-6.0
2.58E-4,1.56E-4,-6.0
2.58E-4,1.58E-4,-6.0
2.58E-4,1.5999999999999999E-4,-6.0
2.58E-4,1.6199999999999998E-4,-6.0
2.58E-4,1.64E-4,-6.0
2.58E-4,1.66E-4,-6.0
2.58E-4,1.68E-4,-6.0
2.58E-4,1.6999999999999999E-4,-6.0
2.58E-4,1.7199999999999998E-4,-6.0
2.58E-4,1.74E-4,-6.0
2.58E-4,1.76E-4,-6.0
2.58E-4,1.78E-4,-6.0
2.6E-4,0.0,-6.0
2.6E-4,2.0E-6,-6.0
2.6E-4,4.0E-6,-6.0
2.6E-4,6.0E-6,-6.0
2.6E-4,8.0E-6,-6.0
2.6E-4,9.999999999999999E-6,-6.0
2.6E-4,1.2E-5,-6.0
2.6E-4,1.4E-5,-6.0
2.6E-4,1.6E-5,-6.0
2.6E-4,1.8E-5,-6.0
2.6E-4,1.9999999999999998E-5,-6.0
2.6E-4,2.2E-5,-6.0
2.6E-4,2.4E-5,-6.0
2.6E-4,2.6E-5,-6.0
2.6E-4,2.8E-5,-6.0
2.6E-4,2.9999999999999997E-5,-6.0
2.6E-4,3.2E-5,-6.0
2.6E-4,3.4E-5,-6.0
2.6E-4,3.6E-5,-6.0
2.6E-4,3.7999999999999995E-5,-6.0
2.6E-4,3.9999999999999996E-5,-6.0
2.6E-4,4.2E-5,-6.0
2.6E-4,4.4E-5,-6.0
2.6E-4,4.6E-5,-6.0
2.6E-4,4.8E-5,-6.0
2.6E-4,4.9999999999999996E-5,-6.0
2.6E-4,5.2E-5,-6.0
2.6E-4,5.4E-5,-6.0
2.6E-4,5.6E-5,-6.0
2.6E-4,5.8E-5,-6.0
2.6E-4,5.9999999999999995E-5,-6.0
2.6E-4,6.2E-5,-6.0
2.6E-4,6.4E-5,-6.0
2.6E-4,6.599999999999999E-5,-6.0
2.6E-4,6.8E-5,-6.0
2.6E-4,7.0E-5,-6.0
2.6E-4,7.2E-5,-6.0
2.6E-4,7.4E-5,-6.0
2.6E-4,7.599999999999999E-5,-6.0
2.6E-4,7.8E-5,-6.0
2.6E-4,7.999999999999999E-5,-6.0
2.6E-4,8.2E-5,-6.0
2.6E-4,8.4E-5,-6.0
2.6E-4,8.599999999999999E-5,-6.0
2.6E-4,8.8E-5,-6.0
2.6E-4,8.999999999999999E-5,-6.0
2.6E-4,9.2E-5,-6.0
2.6E-4,9.4E-5,-6.0
2.6E-4,9.6E-5,-6.0
2.6E-4,9.8E-5,-6.0
2.6E-4,9.999999999999999E-5,-6.0
2.6E-4,1.02E-4,-6.0
2.6E-4,1.04E-4,-6.0
2.6E-4,1.06E-4,-6.0
2.6E-4,1.08E-4,-6.0
2.6E-4,1.0999999999999999E-4,-6.0
2.6E-4,1.12E-4,-6.0
2.6E-4,1.1399999999999999E-4,-6.0
2.6E-4,1.16E-4,-6.0
2.6E-4,1.18E-4,-6.0
2.6E-4,1.1999999999999999E-4,-6.0
2.6E-4,1.22E-4,-6.0
2.6E-4,1.24E-4,-6.0
2.6E-4,1.26E-4,-6.0
2.6E-4,1.28E-4,-6.0
2.6E-4,1.3E-4,-6.0
2.6E-4,1.3199999999999998E-4,-6.0
2.6E-4,1.34E-4,-6.0
2.6E-4,1.36E-4,-6.0
2.6E-4,1.38E-4,-6.0
2.6E-4,1.4E-4,-6.0
2.6E-4,1.4199999999999998E-4,-6.0
2.6E-4,1.44E-4,-6.0
2.6E-4,1.46E-4,-6.0
2.6E-4,1.48E-4,-6.0
2.6E-4,1.5E-4,-6.0
2.6E-4,1.5199999999999998E-4,-6.0
2.6E-4,1.54E-4,-6.0
2.6E-4,1.56E-4,-6.0
2.6E-4,1.58E-4,-6.0
2.6E-4,1.5999999999999999E-4,-6.0
2.6E-4,1.6199999999999998E-4,-6.0
2.6E-4,1.64E-4,-6.0
2.6E-4,1.66E-4,-6.0
2.6E-4,1.68E-4,-6.0
2.6E-4,1.6999999999999999E-4,-6.0
2.6E-4,1.7199999999999998E-4,-6.0
2.6E-4,1.74E-4,-6.0
2.6E-4,1.76E-4,-6.0
2.6E-4,1.78E-4,-6.0
2.6199999999999997E-4,0.0,-6.0
2.6199999999999997E-4,2.0E-6,-6.0
2.6199999999999997E-4,4.0E-6,-6.0
2.6199999999999997E-4,6.0E-6,-6.0
2.6199999999999997E-4,8.0E-6,-6.0
2.6199999999999997E-4,9.999999999999999E-6,-6.0
2.6199999999999997E-4,1.2E-5,-6.0
2.6199999999999997E-4,1.4E-5,-6.0
2.6199999999999997E-4,1.6E-5,-6.0
2.6199999999999997E-4,1.8E-5,-6.0
2.6199999999999997E-4,1.9999999999999998E-5,-6.0
2.6199999999999997E-4,2.2E-5,-6.0
2.6199999999999997E-4,2.4E-5,-6.0
2.6199999999999997E-4,2.6E-5,-6.0
2.6199999999999997E-4,2.8E-5,-6.0
2.6199999999999997E-4,2.9999999999999997E-5,-6.0
2.6199999999999997E-4,3.2E-5,-6.0
2.6199999999999997E-4,3.4E-5,-6.0
2.6199999999999997E-4,3.6E-5,-6.0
2.6199999999999997E-4,3.7999999999999995E-5,-6.0
2.6199999999999997E-4,3.9999999999999996E-5,-6.0
2.6199999999999997E-4,4.2E-5,-6.0
2.6199999999999997E-4,4.4E-5,-6.0
2.6199999999999997E-4,4.6E-5,-6.0
2.6199999999999997E-4,4.8E-5,-6.0
2.6199999999999997E-4,4.9999999999999996E-5,-6.0
2.6199999999999997E-4,5.2E-5,-6.0
2.6199999999999997E-4,5.4E-5,-6.0
2.6199999999999997E-4,5.6E-5,-6.0
2.6199999999999997E-4,5.8E-5,-6.0
2.6199999999999997E-4,5.9999999999999995E-5,-6.0
2.6199999999999997E-4,6.2E-5,-6.0
2.6199999999999997E-4,6.4E-5,-6.0
2.6199999999999997E-4,6.599999999999999E-5,-6.0
2.6199999999999997E-4,6.8E-5,-6.0
2.6199999999999997E-4,7.0E-5,-6.0
2.6199999999999997E-4,7.2E-5,-6.0
2.6199999999999997E-4,7.4E-5,-6.0
2.6199999999999997E-4,7.599999999999999E-5,-6.0
2.6199999999999997E-4,7.8E-5,-6.0
2.6199999999999997E-4,7.999999999999999E-5,-6.0
2.6199999999999997E-4,8.2E-5,-6.0
2.6199999999999997E-4,8.4E-5,-6.0
2.6199999999999997E-4,8.599999999999999E-5,-6.0
2.6199999999999997E-4,8.8E-5,-6.0
2.6199999999999997E-4,8.999999999999999E-5,-6.0
2.6199999999999997E-4,9.2E-5,-6.0
2.6199999999999997E-4,9.4E-5,-6.0
2.6199999999999997E-4,9.6E-5,-6.0
2.6199999999999997E-4,9.8E-5,-6.0
2.6199999999999997E-4,9.999999999999999E-5,-6.0
2.6199999999999997E-4,1.02E-4,-6.0
2.6199999999999997E-4,1.04E-4,-6.0
2.6199999999999997E-4,1.06E-4,-6.0
2.6199999999999997E-4,1.08E-4,-6.0
2.6199999999999997E-4,1.0999999999999999E-4,-6.0
2.6199999999999997E-4,1.12E-4,-6.0
2.6199999999999997E-4,1.1399999999999999E-4,-6.0
2.6199999999999997E-4,1.16E-4,-6.0
2.6199999999999997E-4,1.18E-4,-6.0
2.6199999999999997E-4,1.1999999999999999E-4,-6.0
2.6199999999999997E-4,1.22E-4,-6.0
2.6199999999999997E-4,1.24E-4,-6.0
2.6199999999999997E-4,1.26E-4,-6.0
2.6199999999999997E-4,1.28E-4,-6.0
2.6199999999999997E-4,1.3E-4,-6.0
2.6199999999999997E-4,1.3199999999999998E-4,-6.0
2.6199999999999997E-4,1.34E-4,-6.0
2.6199999999999997E-4,1.36E-4,-6.0
2.6199999999999997E-4,1.38E-4,-6.0
2.6199999999999997E-4,1.4E-4,-6.0
2.6199999999999997E-4,1.4199999999999998E-4,-6.0
2.6199999999999997E-4,1.44E-4,-6.0
2.6199999999999997E-4,1.46E-4,-6.0
2.6199999999999997E-4,1.48E-4,-6.0
2.6199999999999997E-4,1.5E-4,-6.0
2.6199999999999997E-4,1.5199999999999998E-4,-6.0
2.6199999999999997E-4,1.54E-4,-6.0
2.6199999999999997E-4,1.56E-4,-6.0
2.6199999999999997E-4,1.58E-4,-6.0
2.6199999999999997E-4,1.5999999999999999E-4,-6.0
2.6199999999999997E-4,1.6199999999999998E-4,-6.0
2.6199999999999997E-4,1.64E-4,-6.0
2.6199999999999997E-4,1.66E-4,-6.0
2.6199999999999997E-4,1.68E-4,-6.0
2.6199999999999997E-4,1.6999999999999999E-4,-6.0
2.6199999999999997E-4,1.7199999999999998E-4,-6.0
2.6199999999999997E-4,1.74E-4,-6.0
2.6199999999999997E-4,1.76E-4,-6.0
2.6199999999999997E-4,1.78E-4,-6.0
2.6399999999999997E-4,0.0,-6.0
2.6399999999999997E-4,2.0E-6,-6.0
2.6399999999999997E-4,4.0E-6,-6.0
2.6399999999999997E-4,6.0E-6,-6.0
2.6399999999999997E-4,8.0E-6,-6.0
2.6399999999999997E-4,9.999999999999999E-6,-6.0
2.6399999999999997E-4,1.2E-5,-6.0
2.6399999999999997E-4,1.4E-5,-6.0
2.6399999999999997E-4,1.6E-5,-6.0
2.6399999999999997E-4,1.8E-5,-6.0
2.6399999999999997E-4,1.9999999999999998E-5,-6.0
2.6399999999999997E-4,2.2E-5,-6.0
2.6399999999999997E-4,2.4E-5,-6.0
2.6399999999999997E-4,2.6E-5,-6.0
2.6399999999999997E-4,2.8E-5,-6.0
2.6399999999999997E-4,2.9999999999999997E-5,-6.0
2.6399999999999997E-4,3.2E-5,-6.0
2.6399999999999997E-4,3.4E-5,-6.0
2.6399999999999997E-4,3.6E-5,-6.0
2.6399999999999997E-4,3.7999999999999995E-5,-6.0
2.6399999999999997E-4,3.9999999999999996E-5,-6.0
2.6399999999999997E-4,4.2E-5,-6.0
2.6399999999999997E-4,4.4E-5,-6.0
2.6399999999999997E-4,4.6E-5,-6.0
2.6399999999999997E-4,4.8E-5,-6.0
2.6399999999999997E-4,4.9999999999999996E-5,-6.0
2.6399999999999997E-4,5.2E-5,-6.0
2.6399999999999997E-4,5.4E-5,-6.0
2.6399999999999997E-4,5.6E-5,-6.0
2.6399999999999997E-4,5.8E-5,-6.0
2.6399999999999997E-4,5.9999999999999995E-5,-6.0
2.6399999999999997E-4,6.2E-5,-6.0
2.6399999999999997E-4,6.4E-5,-6.0
2.6399999999999997E-4,6.599999999999999E-5,-6.0
2.6399999999999997E-4,6.8E-5,-6.0
2.6399999999999997E-4,7.0E-5,-6.0
2.6399999999999997E-4,7.2E-5,-6.0
2.6399999999999997E-4,7.4E-5,-6.0
2.6399999999999997E-4,7.599999999999999E-5,-6.0
2.6399999999999997E-4,7.8E-5,-6.0
2.6399999999999997E-4,7.999999999999999E-5,-6.0
2.6399999999999997E-4,8.2E-5,-6.0
2.6399999999999997E-4,8.4E-5,-6.0
2.6399999999999997E-4,8.599999999999999E-5,-6.0
2.6399999999999997E-4,8.8E-5,-6.0
2.6399999999999997E-4,8.999999999999999E-5,-6.0
2.6399999999999997E-4,9.2E-5,-6.0
2.6399999999999997E-4,9.4E-5,-6.0
2.6399999999999997E-4,9.6E-5,-6.0
2.6399999999999997E-4,9.8E-5,-6.0
2.6399999999999997E-4,9.999999999999999E-5,-6.0
2.6399999999999997E-4,1.02E-4,-6.0
2.6399999999999997E-4,1.04E-4,-6.0
2.6399999999999997E-4,1.06E-4,-6.0
2.6399999999999997E-4,1.08E-4,-6.0
2.6399999999999997E-4,1.0999999999999999E-4,-6.0
2.6399999999999997E-4,1.12E-4,-6.0
2.6399999999999997E-4,1.1399999999999999E-4,-6.0
2.6399999999999997E-4,1.16E-4,-6.0
2.6399999999999997E-4,1.18E-4,-6.0
2.6399999999999997E-4,1.1999999999999999E-4,-6.0
2.6399999999999997E-4,1.22E-4,-6.0
2.6399999999999997E-4,1.24E-4,-6.0
2.6399999999999997E-4,1.26E-4,-6.0
2.6399999999999997E-4,1.28E-4,-6.0
2.6399999999999997E-4,1.3E-4,-6.0
2.6399999999999997E-4,1.3199999999999998E-4,-6.0
2.6399999999999997E-4,1.34E-4,-6.0
2.6399999999999997E-4,1.36E-4,-6.0
2.6399999999999997E-4,1.38E-4,-6.0
2.6399999999999997E-4,1.4E-4,-6.0
2.6399999999999997E-4,1.4199999999999998E-4,-6.0
2.6399999999999997E-4,1.44E-4,-6.0
2.6399999999999997E-4,1.46E-4,-6.0
2.6399999999999997E-4,1.48E-4,-6.0
2.6399999999999997E-4,1.5E-4,-6.0
2.6399999999999997E-4,1.5199999999999998E-4,-6.0
2.6399999999999997E-4,1.54E-4,-6.0
2.6399999999999997E-4,1.56E-4,-6.0
2.6399999999999997E-4,1.58E-4,-6.0
2.6399999999999997E-4,1.5999999999999999E-4,-6.0
2.6399999999999997E-4,1.6199999999999998E-4,-6.0
2.6399999999999997E-4,1.64E-4,-6.0
2.6399999999999997E-4,1.66E-4,-6.0
2.6399999999999997E-4,1.68E-4,-6.0
2.6399999999999997E-4,1.6999999999999999E-4,-6.0
2.6399999999999997E-4,1.7199999999999998E-4,-6.0
2.6399999999999997E-4,1.74E-4,-6.0
2.6399999999999997E-4,1.76E-4,-6.0
2.6399999999999997E-4,1.78E-4,-6.0
2.66E-4,0.0,-6.0
2.66E-4,2.0E-6,-6.0
2.66E-4,4.0E-6,-6.0
2.66E-4,6.0E-6,-6.0
2.66E-4,8.0E-6,-6.0
2.66E-4,9.999999999999999E-6,-6.0
2.66E-4,1.2E-5,-6.0
2.66E-4,1.4E-5,-6.0
2.66E-4,1.6E-5,-6.0
2.66E-4,1.8E-5,-6.0
2.66E-4,1.9999999999999998E-5,-6.0
2.66E-4,2.2E-5,-6.0
2.66E-4,2.4E-5,-6.0
2.66E-4,2.6E-5,-6.0
2.66E-4,2.8E-5,-6.0
2.66E-4,2.9999999999999997E-5,-6.0
2.66E-4,3.2E-5,-6.0
2.66E-4,3.4E-5,-6.0
2.66E-4,3.6E-5,-6.0
2.66E-4,3.7999999999999995E-5,-6.0
2.66E-4,3.9999999999999996E-5,-6.0
2.66E-4,4.2E-5,-6.0
2.66E-4,4.4E-5,-6.0
2.66E-4,4.6E-5,-6.0
2.66E-4,4.8E-5,-6.0
2.66E-4,4.9999999999999996E-5,-6.0
2.66E-4,5.2E-5,-6.0
2.66E-4,5.4E-5,-6.0
2.66E-4,5.6E-5,-6.0
2.66E-4,5.8E-5,-6.0
2.66E-4,5.9999999999999995E-5,-6.0
2.66E-4,6.2E-5,-6.0
2.66E-4,6.4E-5,-6.0
2.66E-4,6.599999999999999E-5,-6.0
2.66E-4,6.8E-5,-6.0
2.66E-4,7.0E-5,-6.0
2.66E-4,7.2E-5,-6.0
2.66E-4,7.4E-5,-6.0
2.66E-4,7.599999999999999E-5,-6.0
2.66E-4,7.8E-5,-6.0
2.66E-4,7.999999999999999E-5,-6.0
2.66E-4,8.2E-5,-6.0
2.66E-4,8.4E-5,-6.0
2.66E-4,8.599999999999999E-5,-6.0
2.66E-4,8.8E-5,-6.0
2.66E-4,8.999999999999999E-5,-6.0
2.66E-4,9.2E-5,-6.0
2.66E-4,9.4E-5,-6.0
2.66E-4,9.6E-5,-6.0
2.66E-4,9.8E-5,-6.0
2.66E-4,9.999999999999999E-5,-6.0
2.66E-4,1.02E-4,-6.0
2.66E-4,1.04E-4,-6.0
2.66E-4,1.06E-4,-6.0
2.66E-4,1.08E-4,-6.0
2.66E-4,1.0999999999999999E-4,-6.0
2.66E-4,1.12E-4,-6.0
2.66E-4,1.1399999999999999E-4,-6.0
2.66E-4,1.16E-4,-6.0
2.66E-4,1.18E-4,-6.0
2.66E-4,1.1999999999999999E-4,-6.0
2.66E-4,1.22E-4,-6.0
2.66E-4,1.24E-4,-6.0
2.66E-4,1.26E-4,-6.0
2.66E-4,1.28E-4,-6.0
2.66E-4,1.3E-4,-6.0
2.66E-4,1.3199999999999998E-4,-6.0
2.66E-4,1.34E-4,-6.0
2.66E-4,1.36E-4,-6.0
2.66E-4,1.38E-4,-6.0
2.66E-4,1.4E-4,-6.0
2.66E-4,1.4199999999999998E-4,-6.0
2.66E-4,1.44E-4,-6.0
2.66E-4,1.46E-4,-6.0
2.66E-4,1.48E-4,-6.0
2.66E-4,1.5E-4,-6.0
2.66E-4,1.5199999999999998E-4,-6.0
2.66E-4,1.54E-4,-6.0
2.66E-4,1.56E-4,-6.0
2.66E-4,1.58E-4,-6.0
2.66E-4,1.5999999999999999E-4,-6.0
2.66E-4,1.6199999999999998E-4,-6.0
2.66E-4,1.64E-4,-6.0
2.66E-4,1.66E-4,-6.0
2.66E-4,1.68E-4,-6.0
2.66E-4,1.6999999999999999E-4,-6.0
2.66E-4,1.7199999999999998E-4,-6.0
2.66E-4,1.74E-4,-6.0
2.66E-4,1.76E-4,-6.0
2.66E-4,1.78E-4,-6.0
2.68E-4,0.0,-6.0
2.68E-4,2.0E-6,-6.0
2.68E-4,4.0E-6,-6.0
2.68E-4,6.0E-6,-6.0
2.68E-4,8.0E-6,-6.0
2.68E-4,9.999999999999999E-6,-6.0
2.68E-4,1.2E-5,-6.0
2.68E-4,1.4E-5,-6.0
2.68E-4,1.6E-5,-6.0
2.68E-4,1.8E-5,-6.0
2.68E-4,1.9999999999999998E-5,-6.0
2.68E-4,2.2E-5,-6.0
2.68E-4,2.4E-5,-6.0
2.68E-4,2.6E-5,-6.0
2.68E-4,2.8E-5,-6.0
2.68E-4,2.9999999999999997E-5,-6.0
2.68E-4,3.2E-5,-6.0
2.68E-4,3.4E-5,-6.0
2.68E-4,3.6E-5,-6.0
2.68E-4,3.7999999999999995E-5,-6.0
2.68E-4,3.9999999999999996E-5,-6.0
2.68E-4,4.2E-5,-6.0
2.68E-4,4.4E-5,-6.0
2.68E-4,4.6E-5,-6.0
2.68E-4,4.8E-5,-6.0
2.68E-4,4.9999999999999996E-5,-6.0
2.68E-4,5.2E-5,-6.0
2.68E-4,5.4E-5,-6.0
2.68E-4,5.6E-5,-6.0
2.68E-4,5.8E-5,-6.0
2.68E-4,5.9999999999999995E-5,-6.0
2.68E-4,6.2E-5,-6.0
2.68E-4,6.4E-5,-6.0
2.68E-4,6.599999999999999E-5,-6.0
2.68E-4,6.8E-5,-6.0
2.68E-4,7.0E-5,-6.0
2.68E-4,7.2E-5,-6.0
2.68E-4,7.4E-5,-6.0
2.68E-4,7.599999999999999E-5,-6.0
2.68E-4,7.8E-5,-6.0
2.68E-4,7.999999999999999E-5,-6.0
2.68E-4,8.2E-5,-6.0
2.68E-4,8.4E-5,-6.0
2.68E-4,8.599999999999999E-5,-6.0
2.68E-4,8.8E-5,-6.0
2.68E-4,8.999999999999999E-5,-6.0
2.68E-4,9.2E-5,-6.0
2.68E-4,9.4E-5,-6.0
2.68E-4,9.6E-5,-6.0
2.68E-4,9.8E-5,-6.0
2.68E-4,9.999999999999999E-5,-6.0
2.68E-4,1.02E-4,-6.0
2.68E-4,1.04E-4,-6.0
2.68E-4,1.06E-4,-6.0
2.68E-4,1.08E-4,-6.0
2.68E-4,1.0999999999999999E-4,-6.0
2.68E-4,1.12E-4,-6.0
2.68E-4,1.1399999999999999E-4,-6.0
2.68E-4,1.16E-4,-6.0
2.68E-4,1.18E-4,-6.0
2.68E-4,1.1999999999999999E-4,-6.0
2.68E-4,1.22E-4,-6.0
2.68E-4,1.24E-4,-6.0
2.68E-4,1.26E-4,-6.0
2.68E-4,1.28E-4,-6.0
2.68E-4,1.3E-4,-6.0
2.68E-4,1.3199999999999998E-4,-6.0
2.68E-4,1.34E-4,-6.0
2.68E-4,1.36E-4,-6.0
2.68E-4,1.38E-4,-6.0
2.68E-4,1.4E-4,-6.0
2.68E-4,1.4199999999999998E-4,-6.0
2.68E-4,1.44E-4,-6.0
2.68E-4,1.46E-4,-6.0
2.68E-4,1.48E-4,-6.0
2.68E-4,1.5E-4,-6.0
2.68E-4,1.5199999999999998E-4,-6.0
2.68E-4,1.54E-4,-6.0
2.68E-4,1.56E-4,-6.0
2.68E-4,1.58E-4,-6.0
2.68E-4,1.5999999999999999E-4,-6.0
2.68E-4,1.6199999999999998E-4,-6.0
2.68E-4,1.64E-4,-6.0
2.68E-4,1.66E-4,-6.0
2.68E-4,1.68E-4,-6.0
2.68E-4,1.6999999999999999E-4,-6.0
2.68E-4,1.7199999999999998E-4,-6.0
2.68E-4,1.74E-4,-6.0
2.68E-4,1.76E-4,-6.0
2.68E-4,1.78E-4,-6.0
2.7E-4,0.0,-6.0
2.7E-4,2.0E-6,-6.0
2.7E-4,4.0E-6,-6.0
2.7E-4,6.0E-6,-6.0
2.7E-4,8.0E-6,-6.0
2.7E-4,9.999999999999999E-6,-6.0
2.7E-4,1.2E-5,-6.0
2.7E-4,1.4E-5,-6.0
2.7E-4,1.6E-5,-6.0
2.7E-4,1.8E-5,-6.0
2.7E-4,1.9999999999999998E-5,-6.0
2.7E-4,2.2E-5,-6.0
2.7E-4,2.4E-5,-6.0
2.7E-4,2.6E-5,-6.0
2.7E-4,2.8E-5,-6.0
2.7E-4,2.9999999999999997E-5,-6.0
2.7E-4,3.2E-5,-6.0
2.7E-4,3.4E-5,-6.0
2.7E-4,3.6E-5,-6.0
2.7E-4,3.7999999999999995E-5,-6.0
2.7E-4,3.9999999999999996E-5,-6.0
2.7E-4,4.2E-5,-6.0
2.7E-4,4.4E-5,-6.0
2.7E-4,4.6E-5,-6.0
2.7E-4,4.8E-5,-6.0
2.7E-4,4.9999999999999996E-5,-6.0
2.7E-4,5.2E-5,-6.0
2.7E-4,5.4E-5,-6.0
2.7E-4,5.6E-5,-6.0
2.7E-4,5.8E-5,-6.0
2.7E-4,5.9999999999999995E-5,-6.0
2.7E-4,6.2E-5,-6.0
2.7E-4,6.4E-5,-6.0
2.7E-4,6.599999999999999E-5,-6.0
2.7E-4,6.8E-5,-6.0
2.7E-4,7.0E-5,-6.0
2.7E-4,7.2E-5,-6.0
2.7E-4,7.4E-5,-6.0
2.7E-4,7.599999999999999E-5,-6.0
2.7E-4,7.8E-5,-6.0
2.7E-4,7.999999999999999E-5,-6.0
2.7E-4,8.2E-5,-6.0
2.7E-4,8.4E-5,-6.0
2.7E-4,8.599999999999999E-5,-6.0
2.7E-4,8.8E-5,-6.0
2.7E-4,8.999999999999999E-5,-6.0
2.7E-4,9.2E-5,-6.0
2.7E-4,9.4E-5,-6.0
2.7E-4,9.6E-5,-6.0
2.7E-4,9.8E-5,-6.0
2.7E-4,9.999999999999999E-5,-6.0
2.7E-4,1.02E-4,-6.0
2.7E-4,1.04E-4,-6.0
2.7E-4,1.06E-4,-6.0
2.7E-4,1.08E-4,-6.0
2.7E-4,1.0999999999999999E-4,-6.0
2.7E-4,1.12E-4,-6.0
2.7E-4,1.1399999999999999E-4,-6.0
2.7E-4,1.16E-4,-6.0
2.7E-4,1.18E-4,-6.0
2.7E-4,1.1999999999999999E-4,-6.0
2.7E-4,1.22E-4,-6.0
2.7E-4,1.24E-4,-6.0
2.7E-4,1.26E-4,-6.0
2.7E-4,1.28E-4,-6.0
2.7E-4,1.3E-4,-6.0
2.7E-4,1.3199999999999998E-4,-6.0
2.7E-4,1.34E-4,-6.0
2.7E-4,1.36E-4,-6.0
2.7E-4,1.38E-4,-6.0
2.7E-4,1.4E-4,-6.0
2.7E-4,1.4199999999999998E-4,-6.0
2.7E-4,1.44E-4,-6.0
2.7E-4,1.46E-4,-6.0
2.7E-4,1.48E-4,-6.0
2.7E-4,1.5E-4,-6.0
2.7E-4,1.5199999999999998E-4,-6.0
2.7E-4,1.54E-4,-6.0
2.7E-4,1.56E-4,-6.0
2.7E-4,1.58E-4,-6.0
2.7E-4,1.5999999999999999E-4,-6.0
2.7E-4,1.6199999999999998E-4,-6.0
2.7E-4,1.64E-4,-6.0
2.7E-4,1.66E-4,-6.0
2.7E-4,1.68E-4,-6.0
2.7E-4,1.6999999999999999E-4,-6.0
2.7E-4,1.7199999999999998E-4,-6.0
2.7E-4,1.74E-4,-6.0
2.7E-4,1.76E-4,-6.0
2.7E-4,1.78E-4,-6.0
2.72E-4,0.0,-6.0
2.72E-4,2.0E-6,-6.0
2.72E-4,4.0E-6,-6.0
2.72E-4,6.0E-6,-6.0
2.72E-4,8.0E-6,-6.0
2.72E-4,9.999999999999999E-6,-6.0
2.72E-4,1.2E-5,-6.0
2.72E-4,1.4E-5,-6.0
2.72E-4,1.6E-5,-6.0
2.72E-4,1.8E-5,-6.0
2.72E-4,1.9999999999999998E-5,-6.0
2.72E-4,2.2E-5,-6.0
2.72E-4,2.4E-5,-6.0
2.72E-4,2.6E-5,-6.0
2.72E-4,2.8E-5,-6.0
2.72E-4,2.9999999999999997E-5,-6.0
2.72E-4,3.2E-5,-6.0
2.72E-4,3.4E-5,-6.0
2.72E-4,3.6E-5,-6.0
2.72E-4,3.7999999999999995E-5,-6.0
2.72E-4,3.9999999999999996E-5,-6.0
2.72E-4,4.2E-5,-6.0
2.72E-4,4.4E-5,-6.0
2.72E-4,4.6E-5,-6.0
2.72E-4,4.8E-5,-6.0
2.72E-4,4.9999999999999996E-5,-6.0
2.72E-4,5.2E-5,-6.0
2.72E-4,5.4E-5,-6.0
2.72E-4,5.6E-5,-6.0
2.72E-4,5.8E-5,-6.0
2.72E-4,5.9999999999999995E-5,-6.0
2.72E-4,6.2E-5,-6.0
2.72E-4,6.4E-5,-6.0
2.72E-4,6.599999999999999E-5,-6.0
2.72E-4,6.8E-5,-6.0
2.72E-4,7.0E-5,-6.0
2.72E-4,7.2E-5,-6.0
2.72E-4,7.4E-5,-6.0
2.72E-4,7.599999999999999E-5,-6.0
2.72E-4,7.8E-5,-6.0
2.72E-4,7.999999999999999E-5,-6.0
2.72E-4,8.2E-5,-6.0
2.72E-4,8.4E-5,-6.0
2.72E-4,8.599999999999999E-5,-6.0
2.72E-4,8.8E-5,-6.0
2.72E-4,8.999999999999999E-5,-6.0
2.72E-4,9.2E-5,-6.0
2.72E-4,9.4E-5,-6.0
2.72E-4,9.6E-5,-6.0
2.72E-4,9.8E-5,-6.0
2.72E-4,9.999999999999999E-5,-6.0
2.72E-4,1.02E-4,-6.0
2.72E-4,1.04E-4,-6.0
2.72E-4,1.06E-4,-6.0
2.72E-4,1.08E-4,-6.0
2.72E-4,1.0999999999999999E-4,-6.0
2.72E-4,1.12E-4,-6.0
2.72E-4,1.1399999999999999E-4,-6.0
2.72E-4,1.16E-4,-6.0
2.72E-4,1.18E-4,-6.0
2.72E-4,1.1999999999999999E-4,-6.0
2.72E-4,1.22E-4,-6.0
2.72E-4,1.24E-4,-6.0
2.72E-4,1.26E-4,-6.0
2.72E-4,1.28E-4,-6.0
2.72E-4,1.3E-4,-6.0
2.72E-4,1.3199999999999998E-4,-6.0
2.72E-4,1.34E-4,-6.0
2.72E-4,1.36E-4,-6.0
2.72E-4,1.38E-4,-6.0
2.72E-4,1.4E-4,-6.0
2.72E-4,1.4199999999999998E-4,-6.0
2.72E-4,1.44E-4,-6.0
2.72E-4,1.46E-4,-6.0
2.72E-4,1.48E-4,-6.0
2.72E-4,1.5E-4,-6.0
2.72E-4,1.5199999999999998E-4,-6.0
2.72E-4,1.54E-4,-6.0
2.72E-4,1.56E-4,-6.0
2.72E-4,1.58E-4,-6.0
2.72E-4,1.5999999999999999E-4,-6.0
2.72E-4,1.6199999999999998E-4,-6.0
2.72E-4,1.64E-4,-6.0
2.72E-4,1.66E-4,-6.0
2.72E-4,1.68E-4,-6.0
2.72E-4,1.6999999999999999E-4,-6.0
2.72E-4,1.7199999999999998E-4,-6.0
2.72E-4,1.74E-4,-6.0
2.72E-4,1.76E-4,-6.0
2.72E-4,1.78E-4,-6.0
2.74E-4,0.0,-6.0
2.74E-4,2.0E-6,-6.0
2.74E-4,4.0E-6,-6.0
2.74E-4,6.0E-6,-6.0
2.74E-4,8.0E-6,-6.0
2.74E-4,9.999999999999999E-6,-6.0
2.74E-4,1.2E-5,-6.0
2.74E-4,1.4E-5,-6.0
2.74E-4,1.6E-5,-6.0
2.74E-4,1.8E-5,-6.0
2.74E-4,1.9999999999999998E-5,-6.0
2.74E-4,2.2E-5,-6.0
2.74E-4,2.4E-5,-6.0
2.74E-4,2.6E-5,-6.0
2.74E-4,2.8E-5,-6.0
2.74E-4,2.9999999999999997E-5,-6.0
2.74E-4,3.2E-5,-6.0
2.74E-4,3.4E-5,-6.0
2.74E-4,3.6E-5,-6.0
2.74E-4,3.7999999999999995E-5,-6.0
2.74E-4,3.9999999999999996E-5,-6.0
2.74E-4,4.2E-5,-6.0
2.74E-4,4.4E-5,-6.0
2.74E-4,4.6E-5,-6.0
2.74E-4,4.8E-5,-6.0
2.74E-4,4.9999999999999996E-5,-6.0
2.74E-4,5.2E-5,-6.0
2.74E-4,5.4E-5,-6.0
2.74E-4,5.6E-5,-6.0
2.74E-4,5.8E-5,-6.0
2.74E-4,5.9999999999999995E-5,-6.0
2.74E-4,6.2E-5,-6.0
2.74E-4,6.4E-5,-6.0
2.74E-4,6.599999999999999E-5,-6.0
2.74E-4,6.8E-5,-6.0
2.74E-4,7.0E-5,-6.0
2.74E-4,7.2E-5,-6.0
2.74E-4,7.4E-5,-6.0
2.74E-4,7.599999999999999E-5,-6.0
2.74E-4,7.8E-5,-6.0
2.74E-4,7.999999999999999E-5,-6.0
2.74E-4,8.2E-5,-6.0
2.74E-4,8.4E-5,-6.0
2.74E-4,8.599999999999999E-5,-6.0
2.74E-4,8.8E-5,-6.0
2.74E-4,8.999999999999999E-5,-6.0
2.74E-4,9.2E-5,-6.0
2.74E-4,9.4E-5,-6.0
2.74E-4,9.6E-5,-6.0
2.74E-4,9.8E-5,-6.0
2.74E-4,9.999999999999999E-5,-6.0
2.74E-4,1.02E-4,-6.0
2.74E-4,1.04E-4,-6.0
2.74E-4,1.06E-4,-6.0
2.74E-4,1.08E-4,-6.0
2.74E-4,1.0999999999999999E-4,-6.0
2.74E-4,1.12E-4,-6.0
2.74E-4,1.1399999999999999E-4,-6.0
2.74E-4,1.16E-4,-6.0
2.74E-4,1.18E-4,-6.0
2.74E-4,1.1999999999999999E-4,-6.0
2.74E-4,1.22E-4,-6.0
2.74E-4,1.24E-4,-6.0
2.74E-4,1.26E-4,-6.0
2.74E-4,1.28E-4,-6.0
2.74E-4,1.3E-4,-6.0
2.74E-4,1.3199999999999998E-4,-6.0
2.74E-4,1.34E-4,-6.0
2.74E-4,1.36E-4,-6.0
2.74E-4,1.38E-4,-6.0
2.74E-4,1.4E-4,-6.0
2.74E-4,1.4199999999999998E-4,-6.0
2.74E-4,1.44E-4,-6.0
2.74E-4,1.46E-4,-6.0
2.74E-4,1.48E-4,-6.0
2.74E-4,1.5E-4,-6.0
2.74E-4,1.5199999999999998E-4,-6.0
2.74E-4,1.54E-4,-6.0
2.74E-4,1.56E-4,-6.0
2.74E-4,1.58E-4,-6.0
2.74E-4,1.5999999999999999E-4,-6.0
2.74E-4,1.6199999999999998E-4,-6.0
2.74E-4,1.64E-4,-6.0
2.74E-4,1.66E-4,-6.0
2.74E-4,1.68E-4,-6.0
2.74E-4,1.6999999999999999E-4,-6.0
2.74E-4,1.7199999999999998E-4,-6.0
2.74E-4,1.74E-4,-6.0
2.74E-4,1.76E-4,-6.0
2.74E-4,1.78E-4,-6.0
2.76E-4,0.0,-6.0
2.76E-4,2.0E-6,-6.0
2.76E-4,4.0E-6,-6.0
2.76E-4,6.0E-6,-6.0
2.76E-4,8.0E-6,-6.0
2.76E-4,9.999999999999999E-6,-6.0
2.76E-4,1.2E-5,-6.0
2.76E-4,1.4E-5,-6.0
2.76E-4,1.6E-5,-6.0
2.76E-4,1.8E-5,-6.0
2.76E-4,1.9999999999999998E-5,-6.0
2.76E-4,2.2E-5,-6.0
2.76E-4,2.4E-5,-6.0
2.76E-4,2.6E-5,-6.0
2.76E-4,2.8E-5,-6.0
2.76E-4,2.9999999999999997E-5,-6.0
2.76E-4,3.2E-5,-6.0
2.76E-4,3.4E-5,-6.0
2.76E-4,3.6E-5,-6.0
2.76E-4,3.7999999999999995E-5,-6.0
2.76E-4,3.9999999999999996E-5,-6.0
2.76E-4,4.2E-5,-6.0
2.76E-4,4.4E-5,-6.0
2.76E-4,4.6E-5,-6.0
2.76E-4,4.8E-5,-6.0
2.76E-4,4.9999999999999996E-5,-6.0
2.76E-4,5.2E-5,-6.0
2.76E-4,5.4E-5,-6.0
2.76E-4,5.6E-5,-6.0
2.76E-4,5.8E-5,-6.0
2.76E-4,5.9999999999999995E-5,-6.0
2.76E-4,6.2E-5,-6.0
2.76E-4,6.4E-5,-6.0
2.76E-4,6.599999999999999E-5,-6.0
2.76E-4,6.8E-5,-6.0
2.76E-4,7.0E-5,-6.0
2.76E-4,7.2E-5,-6.0
2.76E-4,7.4E-5,-6.0
2.76E-4,7.599999999999999E-5,-6.0
2.76E-4,7.8E-5,-6.0
2.76E-4,7.999999999999999E-5,-6.0
2.76E-4,8.2E-5,-6.0
2.76E-4,8.4E-5,-6.0
2.76E-4,8.599999999999999E-5,-6.0
2.76E-4,8.8E-5,-6.0
2.76E-4,8.999999999999999E-5,-6.0
2.76E-4,9.2E-5,-6.0
2.76E-4,9.4E-5,-6.0
2.76E-4,9.6E-5,-6.0
2.76E-4,9.8E-5,-6.0
2.76E-4,9.999999999999999E-5,-6.0
2.76E-4,1.02E-4,-6.0
2.76E-4,1.04E-4,-6.0
2.76E-4,1.06E-4,-6.0
2.76E-4,1.08E-4,-6.0
2.76E-4,1.0999999999999999E-4,-6.0
2.76E-4,1.12E-4,-6.0
2.76E-4,1.1399999999999999E-4,-6.0
2.76E-4,1.16E-4,-6.0
2.76E-4,1.18E-4,-6.0
2.76E-4,1.1999999999999999E-4,-6.0
2.76E-4,1.22E-4,-6.0
2.76E-4,1.24E-4,-6.0
2.76E-4,1.26E-4,-6.0
2.76E-4,1.28E-4,-6.0
2.76E-4,1.3E-4,-6.0
2.76E-4,1.3199999999999998E-4,-6.0
2.76E-4,1.34E-4,-6.0
2.76E-4,1.36E-4,-6.0
2.76E-4,1.38E-4,-6.0
2.76E-4,1.4E-4,-6.0
2.76E-4,1.4199999999999998E-4,-6.0
2.76E-4,1.44E-4,-6.0
2.76E-4,1.46E-4,-6.0
2.76E-4,1.48E-4,-6.0
2.76E-4,1.5E-4,-6.0
2.76E-4,1.5199999999999998E-4,-6.0
2.76E-4,1.54E-4,-6.0
2.76E-4,1.56E-4,-6.0
2.76E-4,1.58E-4,-6.0
2.76E-4,1.5999999999999999E-4,-6.0
2.76E-4,1.6199999999999998E-4,-6.0
2.76E-4,1.64E-4,-6.0
2.76E-4,1.66E-4,-6.0
2.76E-4,1.68E-4,-6.0
2.76E-4,1.6999999999999999E-4,-6.0
2.76E-4,1.7199999999999998E-4,-6.0
2.76E-4,1.74E-4,-6.0
2.76E-4,1.76E-4,-6.0
2.76E-4,1.78E-4,-6.0
2.78E-4,0.0,-6.0
2.78E-4,2.0E-6,-6.0
2.78E-4,4.0E-6,-6.0
2.78E-4,6.0E-6,-6.0
2.78E-4,8.0E-6,-6.0
2.78E-4,9.999999999999999E-6,-6.0
2.78E-4,1.2E-5,-6.0
2.78E-4,1.4E-5,-6.0
2.78E-4,1.6E-5,-6.0
2.78E-4,1.8E-5,-6.0
2.78E-4,1.9999999999999998E-5,-6.0
2.78E-4,2.2E-5,-6.0
2.78E-4,2.4E-5,-6.0
2.78E-4,2.6E-5,-6.0
2.78E-4,2.8E-5,-6.0
2.78E-4,2.9999999999999997E-5,-6.0
2.78E-4,3.2E-5,-6.0
2.78E-4,3.4E-5,-6.0
2.78E-4,3.6E-5,-6.0
2.78E-4,3.7999999999999995E-5,-6.0
2.78E-4,3.9999999999999996E-5,-6.0
2.78E-4,4.2E-5,-6.0
2.78E-4,4.4E-5,-6.0
2.78E-4,4.6E-5,-6.0
2.78E-4,4.8E-5,-6.0
2.78E-4,4.9999999999999996E-5,-6.0
2.78E-4,5.2E-5,-6.0
2.78E-4,5.4E-5,-6.0
2.78E-4,5.6E-5,-6.0
2.78E-4,5.8E-5,-6.0
2.78E-4,5.9999999999999995E-5,-6.0
2.78E-4,6.2E-5,-6.0
2.78E-4,6.4E-5,-6.0
2.78E-4,6.599999999999999E-5,-6.0
2.78E-4,6.8E-5,-6.0
2.78E-4,7.0E-5,-6.0
2.78E-4,7.2E-5,-6.0
2.78E-4,7.4E-5,-6.0
2.78E-4,7.599999999999999E-5,-6.0
2.78E-4,7.8E-5,-6.0
2.78E-4,7.999999999999999E-5,-6.0
2.78E-4,8.2E-5,-6.0
2.78E-4,8.4E-5,-6.0
2.78E-4,8.599999999999999E-5,-6.0
2.78E-4,8.8E-5,-6.0
2.78E-4,8.999999999999999E-5,-6.0
2.78E-4,9.2E-5,-6.0
2.78E-4,9.4E-5,-6.0
2.78E-4,9.6E-5,-6.0
2.78E-4,9.8E-5,-6.0
2.78E-4,9.999999999999999E-5,-6.0
2.78E-4,1.02E-4,-6.0
2.78E-4,1.04E-4,-6.0
2.78E-4,1.06E-4,-6.0
2.78E-4,1.08E-4,-6.0
2.78E-4,1.0999999999999999E-4,-6.0
2.78E-4,1.12E-4,-6.0
2.78E-4,1.1399999999999999E-4,-6.0
2.78E-4,1.16E-4,-6.0
2.78E-4,1.18E-4,-6.0
2.78E-4,1.1999999999999999E-4,-6.0
2.78E-4,1.22E-4,-6.0
2.78E-4,1.24E-4,-6.0
2.78E-4,1.26E-4,-6.0
2.78E-4,1.28E-4,-6.0
2.78E-4,1.3E-4,-6.0
2.78E-4,1.3199999999999998E-4,-6.0
2.78E-4,1.34E-4,-6.0
2.78E-4,1.36E-4,-6.0
2.78E-4,1.38E-4,-6.0
2.78E-4,1.4E-4,-6.0
2.78E-4,1.4199999999999998E-4,-6.0
2.78E-4,1.44E-4,-6.0
2.78E-4,1.46E-4,-6.0
2.78E-4,1.48E-4,-6.0
2.78E-4,1.5E-4,-6.0
2.78E-4,1.5199999999999998E-4,-6.0
2.78E-4,1.54E-4,-6.0
2.78E-4,1.56E-4,-6.0
2.78E-4,1.58E-4,-6.0
2.78E-4,1.5999999999999999E-4,-6.0
2.78E-4,1.6199999999999998E-4,-6.0
2.78E-4,1.64E-4,-6.0
2.78E-4,1.66E-4,-6.0
2.78E-4,1.68E-4,-6.0
2.78E-4,1.6999999999999999E-4,-6.0
2.78E-4,1.7199999999999998E-4,-6.0
2.78E-4,1.74E-4,-6.0
2.78E-4,1.76E-4,-6.0
2.78E-4,1.78E-4,-6.0
2.8E-4,0.0,-6.0
2.8E-4,2.0E-6,-6.0
2.8E-4,4.0E-6,-6.0
2.8E-4,6.0E-6,-6.0
2.8E-4,8.0E-6,-6.0
2.8E-4,9.999999999999999E-6,-6.0
2.8E-4,1.2E-5,-6.0
2.8E-4,1.4E-5,-6.0
2.8E-4,1.6E-5,-6.0
2.8E-4,1.8E-5,-6.0
2.8E-4,1.9999999999999998E-5,-6.0
2.8E-4,2.2E-5,-6.0
2.8E-4,2.4E-5,-6.0
2.8E-4,2.6E-5,-6.0
2.8E-4,2.8E-5,-6.0
2.8E-4,2.9999999999999997E-5,-6.0
2.8E-4,3.2E-5,-6.0
2.8E-4,3.4E-5,-6.0
2.8E-4,3.6E-5,-6.0
2.8E-4,3.7999999999999995E-5,-6.0
2.8E-4,3.9999999999999996E-5,-6.0
2.8E-4,4.2E-5,-6.0
2.8E-4,4.4E-5,-6.0
2.8E-4,4.6E-5,-6.0
2.8E-4,4.8E-5,-6.0
2.8E-4,4.9999999999999996E-5,-6.0
2.8E-4,5.2E-5,-6.0
2.8E-4,5.4E-5,-6.0
2.8E-4,5.6E-5,-6.0
2.8E-4,5.8E-5,-6.0
2.8E-4,5.9999999999999995E-5,-6.0
2.8E-4,6.2E-5,-6.0
2.8E-4,6.4E-5,-6.0
2.8E-4,6.599999999999999E-5,-6.0
2.8E-4,6.8E-5,-6.0
2.8E-4,7.0E-5,-6.0
2.8E-4,7.2E-5,-6.0
2.8E-4,7.4E-5,-6.0
2.8E-4,7.599999999999999E-5,-6.0
2.8E-4,7.8E-5,-6.0
2.8E-4,7.999999999999999E-5,-6.0
2.8E-4,8.2E-5,-6.0
2.8E-4,8.4E-5,-6.0
2.8E-4,8.599999999999999E-5,-6.0
2.8E-4,8.8E-5,-6.0
2.8E-4,8.999999999999999E-5,-6.0
2.8E-4,9.2E-5,-6.0
2.8E-4,9.4E-5,-6.0
2.8E-4,9.6E-5,-6.0
2.8E-4,9.8E-5,-6.0
2.8E-4,9.999999999999999E-5,-6.0
2.8E-4,1.02E-4,-6.0
2.8E-4,1.04E-4,-6.0
2.8E-4,1.06E-4,-6.0
2.8E-4,1.08E-4,-6.0
2.8E-4,1.0999999999999999E-4,-6.0
2.8E-4,1.12E-4,-6.0
2.8E-4,1.1399999999999999E-4,-6.0
2.8E-4,1.16E-4,-6.0
2.8E-4,1.18E-4,-6.0
2.8E-4,1.1999999999999999E-4,-6.0
2.8E-4,1.22E-4,-6.0
2.8E-4,1.24E-4,-6.0
2.8E-4,1.26E-4,-6.0
2.8E-4,1.28E-4,-6.0
2.8E-4,1.3E-4,-6.0
2.8E-4,1.3199999999999998E-4,-6.0
2.8E-4,1.34E-4,-6.0
2.8E-4,1.36E-4,-6.0
2.8E-4,1.38E-4,-6.0
2.8E-4,1.4E-4,-6.0
2.8E-4,1.4199999999999998E-4,-6.0
2.8E-4,1.44E-4,-6.0
2.8E-4,1.46E-4,-6.0
2.8E-4,1.48E-4,-6.0
2.8E-4,1.5E-4,-6.0
2.8E-4,1.5199999999999998E-4,-6.0
2.8E-4,1.54E-4,-6.0
2.8E-4,1.56E-4,-6.0
2.8E-4,1.58E-4,-6.0
2.8E-4,1.5999999999999999E-4,-6.0
2.8E-4,1.6199999999999998E-4,-6.0
2.8E-4,1.64E-4,-6.0
2.8E-4,1.66E-4,-6.0
2.8E-4,1.68E-4,-6.0
2.8E-4,1.6999999999999999E-4,-6.0
2.8E-4,1.7199999999999998E-4,-6.0
2.8E-4,1.74E-4,-6.0
2.8E-4,1.76E-4,-6.0
2.8E-4,1.78E-4,-6.0
2.8199999999999997E-4,0.0,-6.0
2.8199999999999997E-4,2.0E-6,-6.0
2.8199999999999997E-4,4.0E-6,-6.0
2.8199999999999997E-4,6.0E-6,-6.0
2.8199999999999997E-4,8.0E-6,-6.0
2.8199999999999997E-4,9.999999999999999E-6,-6.0
2.8199999999999997E-4,1.2E-5,-6.0
2.8199999999999997E-4,1.4E-5,-6.0
2.8199999999999997E-4,1.6E-5,-6.0
2.8199999999999997E-4,1.8E-5,-6.0
2.8199999999999997E-4,1.9999999999999998E-5,-6.0
2.8199999999999997E-4,2.2E-5,-6.0
2.8199999999999997E-4,2.4E-5,-6.0
2.8199999999999997E-4,2.6E-5,-6.0
2.8199999999999997E-4,2.8E-5,-6.0
2.8199999999999997E-4,2.9999999999999997E-5,-6.0
2.8199999999999997E-4,3.2E-5,-6.0
2.8199999999999997E-4,3.4E-5,-6.0
2.8199999999999997E-4,3.6E-5,-6.0
2.8199999999999997E-4,3.7999999999999995E-5,-6.0
2.8199999999999997E-4,3.9999999999999996E-5,-6.0
2.8199999999999997E-4,4.2E-5,-6.0
2.8199999999999997E-4,4.4E-5,-6.0
2.8199999999999997E-4,4.6E-5,-6.0
2.8199999999999997E-4,4.8E-5,-6.0
2.8199999999999997E-4,4.9999999999999996E-5,-6.0
2.8199999999999997E-4,5.2E-5,-6.0
2.8199999999999997E-4,5.4E-5,-6.0
2.8199999999999997E-4,5.6E-5,-6.0
2.8199999999999997E-4,5.8E-5,-6.0
2.8199999999999997E-4,5.9999999999999995E-5,-6.0
2.8199999999999997E-4,6.2E-5,-6.0
2.8199999999999997E-4,6.4E-5,-6.0
2.8199999999999997E-4,6.599999999999999E-5,-6.0
2.8199999999999997E-4,6.8E-5,-6.0
2.8199999999999997E-4,7.0E-5,-6.0
2.8199999999999997E-4,7.2E-5,-6.0
2.8199999999999997E-4,7.4E-5,-6.0
2.8199999999999997E-4,7.599999999999999E-5,-6.0
2.8199999999999997E-4,7.8E-5,-6.0
2.8199999999999997E-4,7.999999999999999E-5,-6.0
2.8199999999999997E-4,8.2E-5,-6.0
2.8199999999999997E-4,8.4E-5,-6.0
2.8199999999999997E-4,8.599999999999999E-5,-6.0
2.8199999999999997E-4,8.8E-5,-6.0
2.8199999999999997E-4,8.999999999999999E-5,-6.0
2.8199999999999997E-4,9.2E-5,-6.0
2.8199999999999997E-4,9.4E-5,-6.0
2.8199999999999997E-4,9.6E-5,-6.0
2.8199999999999997E-4,9.8E-5,-6.0
2.8199999999999997E-4,9.999999999999999E-5,-6.0
2.8199999999999997E-4,1.02E-4,-6.0
2.8199999999999997E-4,1.04E-4,-6.0
2.8199999999999997E-4,1.06E-4,-6.0
2.8199999999999997E-4,1.08E-4,-6.0
2.8199999999999997E-4,1.0999999999999999E-4,-6.0
2.8199999999999997E-4,1.12E-4,-6.0
2.8199999999999997E-4,1.1399999999999999E-4,-6.0
2.8199999999999997E-4,1.16E-4,-6.0
2.8199999999999997E-4,1.18E-4,-6.0
2.8199999999999997E-4,1.1999999999999999E-4,-6.0
2.8199999999999997E-4,1.22E-4,-6.0
2.8199999999999997E-4,1.24E-4,-6.0
2.8199999999999997E-4,1.26E-4,-6.0
2.8199999999999997E-4,1.28E-4,-6.0
2.8199999999999997E-4,1.3E-4,-6.0
2.8199999999999997E-4,1.3199999999999998E-4,-6.0
2.8199999999999997E-4,1.34E-4,-6.0
2.8199999999999997E-4,1.36E-4,-6.0
2.8199999999999997E-4,1.38E-4,-6.0
2.8199999999999997E-4,1.4E-4,-6.0
2.8199999999999997E-4,1.4199999999999998E-4,-6.0
2.8199999999999997E-4,1.44E-4,-6.0
2.8199999999999997E-4,1.46E-4,-6.0
2.8199999999999997E-4,1.48E-4,-6.0
2.8199999999999997E-4,1.5E-4,-6.0
2.8199999999999997E-4,1.5199999999999998E-4,-6.0
2.8199999999999997E-4,1.54E-4,-6.0
2.8199999999999997E-4,1.56E-4,-6.0
2.8199999999999997E-4,1.58E-4,-6.0
2.8199999999999997E-4,1.5999999999999999E-4,-6.0
2.8199999999999997E-4,1.6199999999999998E-4,-6.0
2.8199999999999997E-4,1.64E-4,-6.0
2.8199999999999997E-4,1.66E-4,-6.0
2.8199999999999997E-4,1.68E-4,-6.0
2.8199999999999997E-4,1.6999999999999999E-4,-6.0
2.8199999999999997E-4,1.7199999999999998E-4,-6.0
2.8199999999999997E-4,1.74E-4,-6.0
2.8199999999999997E-4,1.76E-4,-6.0
2.8199999999999997E-4,1.78E-4,-6.0
2.8399999999999996E-4,0.0,-6.0
2.8399999999999996E-4,2.0E-6,-6.0
2.8399999999999996E-4,4.0E-6,-6.0
2.8399999999999996E-4,6.0E-6,-6.0
2.8399999999999996E-4,8.0E-6,-6.0
2.8399999999999996E-4,9.999999999999999E-6,-6.0
2.8399999999999996E-4,1.2E-5,-6.0
2.8399999999999996E-4,1.4E-5,-6.0
2.8399999999999996E-4,1.6E-5,-6.0
2.8399999999999996E-4,1.8E-5,-6.0
2.8399999999999996E-4,1.9999999999999998E-5,-6.0
2.8399999999999996E-4,2.2E-5,-6.0
2.8399999999999996E-4,2.4E-5,-6.0
2.8399999999999996E-4,2.6E-5,-6.0
2.8399999999999996E-4,2.8E-5,-6.0
2.8399999999999996E-4,2.9999999999999997E-5,-6.0
2.8399999999999996E-4,3.2E-5,-6.0
2.8399999999999996E-4,3.4E-5,-6.0
2.8399999999999996E-4,3.6E-5,-6.0
2.8399999999999996E-4,3.7999999999999995E-5,-6.0
2.8399999999999996E-4,3.9999999999999996E-5,-6.0
2.8399999999999996E-4,4.2E-5,-6.0
2.8399999999999996E-4,4.4E-5,-6.0
2.8399999999999996E-4,4.6E-5,-6.0
2.8399999999999996E-4,4.8E-5,-6.0
2.8399999999999996E-4,4.9999999999999996E-5,-6.0
2.8399999999999996E-4,5.2E-5,-6.0
2.8399999999999996E-4,5.4E-5,-6.0
2.8399999999999996E-4,5.6E-5,-6.0
2.8399999999999996E-4,5.8E-5,-6.0
2.8399999999999996E-4,5.9999999999999995E-5,-6.0
2.8399999999999996E-4,6.2E-5,-6.0
2.8399999999999996E-4,6.4E-5,-6.0
2.8399999999999996E-4,6.599999999999999E-5,-6.0
2.8399999999999996E-4,6.8E-5,-6.0
2.8399999999999996E-4,7.0E-5,-6.0
2.8399999999999996E-4,7.2E-5,-6.0
2.8399999999999996E-4,7.4E-5,-6.0
2.8399999999999996E-4,7.599999999999999E-5,-6.0
2.8399999999999996E-4,7.8E-5,-6.0
2.8399999999999996E-4,7.999999999999999E-5,-6.0
2.8399999999999996E-4,8.2E-5,-6.0
2.8399999999999996E-4,8.4E-5,-6.0
2.8399999999999996E-4,8.599999999999999E-5,-6.0
2.8399999999999996E-4,8.8E-5,-6.0
2.8399999999999996E-4,8.999999999999999E-5,-6.0
2.8399999999999996E-4,9.2E-5,-6.0
2.8399999999999996E-4,9.4E-5,-6.0
2.8399999999999996E-4,9.6E-5,-6.0
2.8399999999999996E-4,9.8E-5,-6.0
2.8399999999999996E-4,9.999999999999999E-5,-6.0
2.8399999999999996E-4,1.02E-4,-6.0
2.8399999999999996E-4,1.04E-4,-6.0
2.8399999999999996E-4,1.06E-4,-6.0
2.8399999999999996E-4,1.08E-4,-6.0
2.8399999999999996E-4,1.0999999999999999E-4,-6.0
2.8399999999999996E-4,1.12E-4,-6.0
2.8399999999999996E-4,1.1399999999999999E-4,-6.0
2.8399999999999996E-4,1.16E-4,-6.0
2.8399999999999996E-4,1.18E-4,-6.0
2.8399999999999996E-4,1.1999999999999999E-4,-6.0
2.8399999999999996E-4,1.22E-4,-6.0
2.8399999999999996E-4,1.24E-4,-6.0
2.8399999999999996E-4,1.26E-4,-6.0
2.8399999999999996E-4,1.28E-4,-6.0
2.8399999999999996E-4,1.3E-4,-6.0
2.8399999999999996E-4,1.3199999999999998E-4,-6.0
2.8399999999999996E-4,1.34E-4,-6.0
2.8399999999999996E-4,1.36E-4,-6.0
2.8399999999999996E-4,1.38E-4,-6.0
2.8399999999999996E-4,1.4E-4,-6.0
2.8399999999999996E-4,1.4199999999999998E-4,-6.0
2.8399999999999996E-4,1.44E-4,-6.0
2.8399999999999996E-4,1.46E-4,-6.0
2.8399999999999996E-4,1.48E-4,-6.0
2.8399999999999996E-4,1.5E-4,-6.0
2.8399999999999996E-4,1.5199999999999998E-4,-6.0
2.8399999999999996E-4,1.54E-4,-6.0
2.8399999999999996E-4,1.56E-4,-6.0
2.8399999999999996E-4,1.58E-4,-6.0
2.8399999999999996E-4,1.5999999999999999E-4,-6.0
2.8399999999999996E-4,1.6199999999999998E-4,-6.0
2.8399999999999996E-4,1.64E-4,-6.0
2.8399999999999996E-4,1.66E-4,-6.0
2.8399999999999996E-4,1.68E-4,-6.0
2.8399999999999996E-4,1.6999999999999999E-4,-6.0
2.8399999999999996E-4,1.7199999999999998E-4,-6.0
2.8399999999999996E-4,1.74E-4,-6.0
2.8399999999999996E-4,1.76E-4,-6.0
2.8399999999999996E-4,1.78E-4,-6.0
2.86E-4,0.0,-6.0
2.86E-4,2.0E-6,-6.0
2.86E-4,4.0E-6,-6.0
2.86E-4,6.0E-6,-6.0
2.86E-4,8.0E-6,-6.0
2.86E-4,9.999999999999999E-6,-6.0
2.86E-4,1.2E-5,-6.0
2.86E-4,1.4E-5,-6.0
2.86E-4,1.6E-5,-6.0
2.86E-4,1.8E-5,-6.0
2.86E-4,1.9999999999999998E-5,-6.0
2.86E-4,2.2E-5,-6.0
2.86E-4,2.4E-5,-6.0
2.86E-4,2.6E-5,-6.0
2.86E-4,2.8E-5,-6.0
2.86E-4,2.9999999999999997E-5,-6.0
2.86E-4,3.2E-5,-6.0
2.86E-4,3.4E-5,-6.0
2.86E-4,3.6E-5,-6.0
2.86E-4,3.7999999999999995E-5,-6.0
2.86E-4,3.9999999999999996E-5,-6.0
2.86E-4,4.2E-5,-6.0
2.86E-4,4.4E-5,-6.0
2.86E-4,4.6E-5,-6.0
2.86E-4,4.8E-5,-6.0
2.86E-4,4.9999999999999996E-5,-6.0
2.86E-4,5.2E-5,-6.0
2.86E-4,5.4E-5,-6.0
2.86E-4,5.6E-5,-6.0
2.86E-4,5.8E-5,-6.0
2.86E-4,5.9999999999999995E-5,-6.0
2.86E-4,6.2E-5,-6.0
2.86E-4,6.4E-5,-6.0
2.86E-4,6.599999999999999E-5,-6.0
2.86E-4,6.8E-5,-6.0
2.86E-4,7.0E-5,-6.0
2.86E-4,7.2E-5,-6.0
2.86E-4,7.4E-5,-6.0
2.86E-4,7.599999999999999E-5,-6.0
2.86E-4,7.8E-5,-6.0
2.86E-4,7.999999999999999E-5,-6.0
2.86E-4,8.2E-5,-6.0
2.86E-4,8.4E-5,-6.0
2.86E-4,8.599999999999999E-5,-6.0
2.86E-4,8.8E-5,-6.0
2.86E-4,8.999999999999999E-5,-6.0
2.86E-4,9.2E-5,-6.0
2.86E-4,9.4E-5,-6.0
2.86E-4,9.6E-5,-6.0
2.86E-4,9.8E-5,-6.0
2.86E-4,9.999999999999999E-5,-6.0
2.86E-4,1.02E-4,-6.0
2.86E-4,1.04E-4,-6.0
2.86E-4,1.06E-4,-6.0
2.86E-4,1.08E-4,-6.0
2.86E-4,1.0999999999999999E-4,-6.0
2.86E-4,1.12E-4,-6.0
2.86E-4,1.1399999999999999E-4,-6.0
2.86E-4,1.16E-4,-6.0
2.86E-4,1.18E-4,-6.0
2.86E-4,1.1999999999999999E-4,-6.0
2.86E-4,1.22E-4,-6.0
2.86E-4,1.24E-4,-6.0
2.86E-4,1.26E-4,-6.0
2.86E-4,1.28E-4,-6.0
2.86E-4,1.3E-4,-6.0
2.86E-4,1.3199999999999998E-4,-6.0
2.86E-4,1.34E-4,-6.0
2.86E-4,1.36E-4,-6.0
2.86E-4,1.38E-4,-6.0
2.86E-4,1.4E-4,-6.0
2.86E-4,1.4199999999999998E-4,-6.0
2.86E-4,1.44E-4,-6.0
2.86E-4,1.46E-4,-6.0
2.86E-4,1.48E-4,-6.0
2.86E-4,1.5E-4,-6.0
2.86E-4,1.5199999999999998E-4,-6.0
2.86E-4,1.54E-4,-6.0
2.86E-4,1.56E-4,-6.0
2.86E-4,1.58E-4,-6.0
2.86E-4,1.5999999999999999E-4,-6.0
2.86E-4,1.6199999999999998E-4,-6.0
2.86E-4,1.64E-4,-6.0
2.86E-4,1.66E-4,-6.0
2.86E-4,1.68E-4,-6.0
2.86E-4,1.6999999999999999E-4,-6.0
2.86E-4,1.7199999999999998E-4,-6.0
2.86E-4,1.74E-4,-6.0
2.86E-4,1.76E-4,-6.0
2.86E-4,1.78E-4,-6.0
2.88E-4,0.0,-6.0
2.88E-4,2.0E-6,-6.0
2.88E-4,4.0E-6,-6.0
2.88E-4,6.0E-6,-6.0
2.88E-4,8.0E-6,-6.0
2.88E-4,9.999999999999999E-6,-6.0
2.88E-4,1.2E-5,-6.0
2.88E-4,1.4E-5,-6.0
2.88E-4,1.6E-5,-6.0
2.88E-4,1.8E-5,-6.0
2.88E-4,1.9999999999999998E-5,-6.0
2.88E-4,2.2E-5,-6.0
2.88E-4,2.4E-5,-6.0
2.88E-4,2.6E-5,-6.0
2.88E-4,2.8E-5,-6.0
2.88E-4,2.9999999999999997E-5,-6.0
2.88E-4,3.2E-5,-6.0
2.88E-4,3.4E-5,-6.0
2.88E-4,3.6E-5,-6.0
2.88E-4,3.7999999999999995E-5,-6.0
2.88E-4,3.9999999999999996E-5,-6.0
2.88E-4,4.2E-5,-6.0
2.88E-4,4.4E-5,-6.0
2.88E-4,4.6E-5,-6.0
2.88E-4,4.8E-5,-6.0
2.88E-4,4.9999999999999996E-5,-6.0
2.88E-4,5.2E-5,-6.0
2.88E-4,5.4E-5,-6.0
2.88E-4,5.6E-5,-6.0
2.88E-4,5.8E-5,-6.0
2.88E-4,5.9999999999999995E-5,-6.0
2.88E-4,6.2E-5,-6.0
2.88E-4,6.4E-5,-6.0
2.88E-4,6.599999999999999E-5,-6.0
2.88E-4,6.8E-5,-6.0
2.88E-4,7.0E-5,-6.0
2.88E-4,7.2E-5,-6.0
2.88E-4,7.4E-5,-6.0
2.88E-4,7.599999999999999E-5,-6.0
2.88E-4,7.8E-5,-6.0
2.88E-4,7.999999999999999E-5,-6.0
2.88E-4,8.2E-5,-6.0
2.88E-4,8.4E-5,-6.0
2.88E-4,8.599999999999999E-5,-6.0
2.88E-4,8.8E-5,-6.0
2.88E-4,8.999999999999999E-5,-6.0
2.88E-4,9.2E-5,-6.0
2.88E-4,9.4E-5,-6.0
2.88E-4,9.6E-5,-6.0
2.88E-4,9.8E-5,-6.0
2.88E-4,9.999999999999999E-5,-6.0
2.88E-4,1.02E-4,-6.0
2.88E-4,1.04E-4,-6.0
2.88E-4,1.06E-4,-6.0
2.88E-4,1.08E-4,-6.0
2.88E-4,1.0999999999999999E-4,-6.0
2.88E-4,1.12E-4,-6.0
2.88E-4,1.1399999999999999E-4,-6.0
2.88E-4,1.16E-4,-6.0
2.88E-4,1.18E-4,-6.0
2.88E-4,1.1999999999999999E-4,-6.0
2.88E-4,1.22E-4,-6.0
2.88E-4,1.24E-4,-6.0
2.88E-4,1.26E-4,-6.0
2.88E-4,1.28E-4,-6.0
2.88E-4,1.3E-4,-6.0
2.88E-4,1.3199999999999998E-4,-6.0
2.88E-4,1.34E-4,-6.0
2.88E-4,1.36E-4,-6.0
2.88E-4,1.38E-4,-6.0
2.88E-4,1.4E-4,-6.0
2.88E-4,1.4199999999999998E-4,-6.0
2.88E-4,1.44E-4,-6.0
2.88E-4,1.46E-4,-6.0
2.88E-4,1.48E-4,-6.0
2.88E-4,1.5E-4,-6.0
2.88E-4,1.5199999999999998E-4,-6.0
2.88E-4,1.54E-4,-6.0
2.88E-4,1.56E-4,-6.0
2.88E-4,1.58E-4,-6.0
2.88E-4,1.5999999999999999E-4,-6.0
2.88E-4,1.6199999999999998E-4,-6.0
2.88E-4,1.64E-4,-6.0
2.88E-4,1.66E-4,-6.0
2.88E-4,1.68E-4,-6.0
2.88E-4,1.6999999999999999E-4,-6.0
2.88E-4,1.7199999999999998E-4,-6.0
2.88E-4,1.74E-4,-6.0
2.88E-4,1.76E-4,-6.0
2.88E-4,1.78E-4,-6.0
2.9E-4,0.0,-6.0
2.9E-4,2.0E-6,-6.0
2.9E-4,4.0E-6,-6.0
2.9E-4,6.0E-6,-6.0
2.9E-4,8.0E-6,-6.0
2.9E-4,9.999999999999999E-6,-6.0
2.9E-4,1.2E-5,-6.0
2.9E-4,1.4E-5,-6.0
2.9E-4,1.6E-5,-6.0
2.9E-4,1.8E-5,-6.0
2.9E-4,1.9999999999999998E-5,-6.0
2.9E-4,2.2E-5,-6.0
2.9E-4,2.4E-5,-6.0
2.9E-4,2.6E-5,-6.0
2.9E-4,2.8E-5,-6.0
2.9E-4,2.9999999999999997E-5,-6.0
2.9E-4,3.2E-5,-6.0
2.9E-4,3.4E-5,-6.0
2.9E-4,3.6E-5,-6.0
2.9E-4,3.7999999999999995E-5,-6.0
2.9E-4,3.9999999999999996E-5,-6.0
2.9E-4,4.2E-5,-6.0
2.9E-4,4.4E-5,-6.0
2.9E-4,4.6E-5,-6.0
2.9E-4,4.8E-5,-6.0
2.9E-4,4.9999999999999996E-5,-6.0
2.9E-4,5.2E-5,-6.0
2.9E-4,5.4E-5,-6.0
2.9E-4,5.6E-5,-6.0
2.9E-4,5.8E-5,-6.0
2.9E-4,5.9999999999999995E-5,-6.0
2.9E-4,6.2E-5,-6.0
2.9E-4,6.4E-5,-6.0
2.9E-4,6.599999999999999E-5,-6.0
2.9E-4,6.8E-5,-6.0
2.9E-4,7.0E-5,-6.0
2.9E-4,7.2E-5,-6.0
2.9E-4,7.4E-5,-6.0
2.9E-4,7.599999999999999E-5,-6.0
2.9E-4,7.8E-5,-6.0
2.9E-4,7.999999999999999E-5,-6.0
2.9E-4,8.2E-5,-6.0
2.9E-4,8.4E-5,-6.0
2.9E-4,8.599999999999999E-5,-6.0
2.9E-4,8.8E-5,-6.0
2.9E-4,8.999999999999999E-5,-6.0
2.9E-4,9.2E-5,-6.0
2.9E-4,9.4E-5,-6.0
2.9E-4,9.6E-5,-6.0
2.9E-4,9.8E-5,-6.0
2.9E-4,9.999999999999999E-5,-6.0
2.9E-4,1.02E-4,-6.0
2.9E-4,1.04E-4,-6.0
2.9E-4,1.06E-4,-6.0
2.9E-4,1.08E-4,-6.0
2.9E-4,1.0999999999999999E-4,-6.0
2.9E-4,1.12E-4,-6.0
2.9E-4,1.1399999999999999E-4,-6.0
2.9E-4,1.16E-4,-6.0
2.9E-4,1.18E-4,-6.0
2.9E-4,1.1999999999999999E-4,-6.0
2.9E-4,1.22E-4,-6.0
2.9E-4,1.24E-4,-6.0
2.9E-4,1.26E-4,-6.0
2.9E-4,1.28E-4,-6.0
2.9E-4,1.3E-4,-6.0
2.9E-4,1.3199999999999998E-4,-6.0
2.9E-4,1.34E-4,-6.0
2.9E-4,1.36E-4,-6.0
2.9E-4,1.38E-4,-6.0
2.9E-4,1.4E-4,-6.0
2.9E-4,1.4199999999999998E-4,-6.0
2.9E-4,1.44E-4,-6.0
2.9E-4,1.46E-4,-6.0
2.9E-4,1.48E-4,-6.0
2.9E-4,1.5E-4,-6.0
2.9E-4,1.5199999999999998E-4,-6.0
2.9E-4,1.54E-4,-6.0
2.9E-4,1.56E-4,-6.0
2.9E-4,1.58E-4,-6.0
2.9E-4,1.5999999999999999E-4,-6.0
2.9E-4,1.6199999999999998E-4,-6.0
2.9E-4,1.64E-4,-6.0
2.9E-4,1.66E-4,-6.0
2.9E-4,1.68E-4,-6.0
2.9E-4,1.6999999999999999E-4,-6.0
2.9E-4,1.7199999999999998E-4,-6.0
2.9E-4,1.74E-4,-6.0
2.9E-4,1.76E-4,-6.0
2.9E-4,1.78E-4,-6.0
2.92E-4,0.0,-6.0
2.92E-4,2.0E-6,-6.0
2.92E-4,4.0E-6,-6.0
2.92E-4,6.0E-6,-6.0
2.92E-4,8.0E-6,-6.0
2.92E-4,9.999999999999999E-6,-6.0
2.92E-4,1.2E-5,-6.0
2.92E-4,1.4E-5,-6.0
2.92E-4,1.6E-5,-6.0
2.92E-4,1.8E-5,-6.0
2.92E-4,1.9999999999999998E-5,-6.0
2.92E-4,2.2E-5,-6.0
2.92E-4,2.4E-5,-6.0
2.92E-4,2.6E-5,-6.0
2.92E-4,2.8E-5,-6.0
2.92E-4,2.9999999999999997E-5,-6.0
2.92E-4,3.2E-5,-6.0
2.92E-4,3.4E-5,-6.0
2.92E-4,3.6E-5,-6.0
2.92E-4,3.7999999999999995E-5,-6.0
2.92E-4,3.9999999999999996E-5,-6.0
2.92E-4,4.2E-5,-6.0
2.92E-4,4.4E-5,-6.0
2.92E-4,4.6E-5,-6.0
2.92E-4,4.8E-5,-6.0
2.92E-4,4.9999999999999996E-5,-6.0
2.92E-4,5.2E-5,-6.0
2.92E-4,5.4E-5,-6.0
2.92E-4,5.6E-5,-6.0
2.92E-4,5.8E-5,-6.0
2.92E-4,5.9999999999999995E-5,-6.0
2.92E-4,6.2E-5,-6.0
2.92E-4,6.4E-5,-6.0
2.92E-4,6.599999999999999E-5,-6.0
2.92E-4,6.8E-5,-6.0
2.92E-4,7.0E-5,-6.0
2.92E-4,7.2E-5,-6.0
2.92E-4,7.4E-5,-6.0
2.92E-4,7.599999999999999E-5,-6.0
2.92E-4,7.8E-5,-6.0
2.92E-4,7.999999999999999E-5,-6.0
2.92E-4,8.2E-5,-6.0
2.92E-4,8.4E-5,-6.0
2.92E-4,8.599999999999999E-5,-6.0
2.92E-4,8.8E-5,-6.0
2.92E-4,8.999999999999999E-5,-6.0
2.92E-4,9.2E-5,-6.0
2.92E-4,9.4E-5,-6.0
2.92E-4,9.6E-5,-6.0
2.92E-4,9.8E-5,-6.0
2.92E-4,9.999999999999999E-5,-6.0
2.92E-4,1.02E-4,-6.0
2.92E-4,1.04E-4,-6.0
2.92E-4,1.06E-4,-6.0
2.92E-4,1.08E-4,-6.0
2.92E-4,1.0999999999999999E-4,-6.0
2.92E-4,1.12E-4,-6.0
2.92E-4,1.1399999999999999E-4,-6.0
2.92E-4,1.16E-4,-6.0
2.92E-4,1.18E-4,-6.0
2.92E-4,1.1999999999999999E-4,-6.0
2.92E-4,1.22E-4,-6.0
2.92E-4,1.24E-4,-6.0
2.92E-4,1.26E-4,-6.0
2.92E-4,1.28E-4,-6.0
2.92E-4,1.3E-4,-6.0
2.92E-4,1.3199999999999998E-4,-6.0
2.92E-4,1.34E-4,-6.0
2.92E-4,1.36E-4,-6.0
2.92E-4,1.38E-4,-6.0
2.92E-4,1.4E-4,-6.0
2.92E-4,1.4199999999999998E-4,-6.0
2.92E-4,1.44E-4,-6.0
2.92E-4,1.46E-4,-6.0
2.92E-4,1.48E-4,-6.0
2.92E-4,1.5E-4,-6.0
2.92E-4,1.5199999999999998E-4,-6.0
2.92E-4,1.54E-4,-6.0
2.92E-4,1.56E-4,-6.0
2.92E-4,1.58E-4,-6.0
2.92E-4,1.5999999999999999E-4,-6.0
2.92E-4,1.6199999999999998E-4,-6.0
2.92E-4,1.64E-4,-6.0
2.92E-4,1.66E-4,-6.0
2.92E-4,1.68E-4,-6.0
2.92E-4,1.6999999999999999E-4,-6.0
2.92E-4,1.7199999999999998E-4,-6.0
2.92E-4,1.74E-4,-6.0
2.92E-4,1.76E-4,-6.0
2.92E-4,1.78E-4,-6.0
2.94E-4,0.0,-6.0
2.94E-4,2.0E-6,-6.0
2.94E-4,4.0E-6,-6.0
2.94E-4,6.0E-6,-6.0
2.94E-4,8.0E-6,-6.0
2.94E-4,9.999999999999999E-6,-6.0
2.94E-4,1.2E-5,-6.0
2.94E-4,1.4E-5,-6.0
2.94E-4,1.6E-5,-6.0
2.94E-4,1.8E-5,-6.0
2.94E-4,1.9999999999999998E-5,-6.0
2.94E-4,2.2E-5,-6.0
2.94E-4,2.4E-5,-6.0
2.94E-4,2.6E-5,-6.0
2.94E-4,2.8E-5,-6.0
2.94E-4,2.9999999999999997E-5,-6.0
2.94E-4,3.2E-5,-6.0
2.94E-4,3.4E-5,-6.0
2.94E-4,3.6E-5,-6.0
2.94E-4,3.7999999999999995E-5,-6.0
2.94E-4,3.9999999999999996E-5,-6.0
2.94E-4,4.2E-5,-6.0
2.94E-4,4.4E-5,-6.0
2.94E-4,4.6E-5,-6.0
2.94E-4,4.8E-5,-6.0
2.94E-4,4.9999999999999996E-5,-6.0
2.94E-4,5.2E-5,-6.0
2.94E-4,5.4E-5,-6.0
2.94E-4,5.6E-5,-6.0
2.94E-4,5.8E-5,-6.0
2.94E-4,5.9999999999999995E-5,-6.0
2.94E-4,6.2E-5,-6.0
2.94E-4,6.4E-5,-6.0
2.94E-4,6.599999999999999E-5,-6.0
2.94E-4,6.8E-5,-6.0
2.94E-4,7.0E-5,-6.0
2.94E-4,7.2E-5,-6.0
2.94E-4,7.4E-5,-6.0
2.94E-4,7.599999999999999E-5,-6.0
2.94E-4,7.8E-5,-6.0
2.94E-4,7.999999999999999E-5,-6.0
2.94E-4,8.2E-5,-6.0
2.94E-4,8.4E-5,-6.0
2.94E-4,8.599999999999999E-5,-6.0
2.94E-4,8.8E-5,-6.0
2.94E-4,8.999999999999999E-5,-6.0
2.94E-4,9.2E-5,-6.0
2.94E-4,9.4E-5,-6.0
2.94E-4,9.6E-5,-6.0
2.94E-4,9.8E-5,-6.0
2.94E-4,9.999999999999999E-5,-6.0
2.94E-4,1.02E-4,-6.0
2.94E-4,1.04E-4,-6.0
2.94E-4,1.06E-4,-6.0
2.94E-4,1.08E-4,-6.0
2.94E-4,1.0999999999999999E-4,-6.0
2.94E-4,1.12E-4,-6.0
2.94E-4,1.1399999999999999E-4,-6.0
2.94E-4,1.16E-4,-6.0
2.94E-4,1.18E-4,-6.0
2.94E-4,1.1999999999999999E-4,-6.0
2.94E-4,1.22E-4,-6.0
2.94E-4,1.24E-4,-6.0
2.94E-4,1.26E-4,-6.0
2.94E-4,1.28E-4,-6.0
2.94E-4,1.3E-4,-6.0
2.94E-4,1.3199999999999998E-4,-6.0
2.94E-4,1.34E-4,-6.0
2.94E-4,1.36E-4,-6.0
2.94E-4,1.38E-4,-6.0
2.94E-4,1.4E-4,-6.0
2.94E-4,1.4199999999999998E-4,-6.0
2.94E-4,1.44E-4,-6.0
2.94E-4,1.46E-4,-6.0
2.94E-4,1.48E-4,-6.0
2.94E-4,1.5E-4,-6.0
2.94E-4,1.5199999999999998E-4,-6.0
2.94E-4,1.54E-4,-6.0
2.94E-4,1.56E-4,-6.0
2.94E-4,1.58E-4,-6.0
2.94E-4,1.5999999999999999E-4,-6.0
2.94E-4,1.6199999999999998E-4,-6.0
2.94E-4,1.64E-4,-6.0
2.94E-4,1.66E-4,-6.0
2.94E-4,1.68E-4,-6.0
2.94E-4,1.6999999999999999E-4,-6.0
2.94E-4,1.7199999999999998E-4,-6.0
2.94E-4,1.74E-4,-6.0
2.94E-4,1.76E-4,-6.0
2.94E-4,1.78E-4,-6.0
2.96E-4,0.0,-6.0
2.96E-4,2.0E-6,-6.0
2.96E-4,4.0E-6,-6.0
2.96E-4,6.0E-6,-6.0
2.96E-4,8.0E-6,-6.0
2.96E-4,9.999999999999999E-6,-6.0
2.96E-4,1.2E-5,-6.0
2.96E-4,1.4E-5,-6.0
2.96E-4,1.6E-5,-6.0
2.96E-4,1.8E-5,-6.0
2.96E-4,1.9999999999999998E-5,-6.0
2.96E-4,2.2E-5,-6.0
2.96E-4,2.4E-5,-6.0
2.96E-4,2.6E-5,-6.0
2.96E-4,2.8E-5,-6.0
2.96E-4,2.9999999999999997E-5,-6.0
2.96E-4,3.2E-5,-6.0
2.96E-4,3.4E-5,-6.0
2.96E-4,3.6E-5,-6.0
2.96E-4,3.7999999999999995E-5,-6.0
2.96E-4,3.9999999999999996E-5,-6.0
2.96E-4,4.2E-5,-6.0
2.96E-4,4.4E-5,-6.0
2.96E-4,4.6E-5,-6.0
2.96E-4,4.8E-5,-6.0
2.96E-4,4.9999999999999996E-5,-6.0
2.96E-4,5.2E-5,-6.0
2.96E-4,5.4E-5,-6.0
2.96E-4,5.6E-5,-6.0
2.96E-4,5.8E-5,-6.0
2.96E-4,5.9999999999999995E-5,-6.0
2.96E-4,6.2E-5,-6.0
2.96E-4,6.4E-5,-6.0
2.96E-4,6.599999999999999E-5,-6.0
2.96E-4,6.8E-5,-6.0
2.96E-4,7.0E-5,-6.0
2.96E-4,7.2E-5,-6.0
2.96E-4,7.4E-5,-6.0
2.96E-4,7.599999999999999E-5,-6.0
2.96E-4,7.8E-5,-6.0
2.96E-4,7.999999999999999E-5,-6.0
2.96E-4,8.2E-5,-6.0
2.96E-4,8.4E-5,-6.0
2.96E-4,8.599999999999999E-5,-6.0
2.96E-4,8.8E-5,-6.0
2.96E-4,8.999999999999999E-5,-6.0
2.96E-4,9.2E-5,-6.0
2.96E-4,9.4E-5,-6.0
2.96E-4,9.6E-5,-6.0
2.96E-4,9.8E-5,-6.0
2.96E-4,9.999999999999999E-5,-6.0
2.96E-4,1.02E-4,-6.0
2.96E-4,1.04E-4,-6.0
2.96E-4,1.06E-4,-6.0
2.96E-4,1.08E-4,-6.0
2.96E-4,1.0999999999999999E-4,-6.0
2.96E-4,1.12E-4,-6.0
2.96E-4,1.1399999999999999E-4,-6.0
2.96E-4,1.16E-4,-6.0
2.96E-4,1.18E-4,-6.0
2.96E-4,1.1999999999999999E-4,-6.0
2.96E-4,1.22E-4,-6.0
2.96E-4,1.24E-4,-6.0
2.96E-4,1.26E-4,-6.0
2.96E-4,1.28E-4,-6.0
2.96E-4,1.3E-4,-6.0
2.96E-4,1.3199999999999998E-4,-6.0
2.96E-4,1.34E-4,-6.0
2.96E-4,1.36E-4,-6.0
2.96E-4,1.38E-4,-6.0
2.96E-4,1.4E-4,-6.0
2.96E-4,1.4199999999999998E-4,-6.0
2.96E-4,1.44E-4,-6.0
2.96E-4,1.46E-4,-6.0
2.96E-4,1.48E-4,-6.0
2.96E-4,1.5E-4,-6.0
2.96E-4,1.5199999999999998E-4,-6.0
2.96E-4,1.54E-4,-6.0
2.96E-4,1.56E-4,-6.0
2.96E-4,1.58E-4,-6.0
2.96E-4,1.5999999999999999E-4,-6.0
2.96E-4,1.6199999999999998E-4,-6.0
2.96E-4,1.64E-4,-6.0
2.96E-4,1.66E-4,-6.0
2.96E-4,1.68E-4,-6.0
2.96E-4,1.6999999999999999E-4,-6.0
2.96E-4,1.7199999999999998E-4,-6.0
2.96E-4,1.74E-4,-6.0
2.96E-4,1.76E-4,-6.0
2.96E-4,1.78E-4,-6.0
2.98E-4,0.0,-6.0
2.98E-4,2.0E-6,-6.0
2.98E-4,4.0E-6,-6.0
2.98E-4,6.0E-6,-6.0
2.98E-4,8.0E-6,-6.0
2.98E-4,9.999999999999999E-6,-6.0
2.98E-4,1.2E-5,-6.0
2.98E-4,1.4E-5,-6.0
2.98E-4,1.6E-5,-6.0
2.98E-4,1.8E-5,-6.0
2.98E-4,1.9999999999999998E-5,-6.0
2.98E-4,2.2E-5,-6.0
2.98E-4,2.4E-5,-6.0
2.98E-4,2.6E-5,-6.0
2.98E-4,2.8E-5,-6.0
2.98E-4,2.9999999999999997E-5,-6.0
2.98E-4,3.2E-5,-6.0
2.98E-4,3.4E-5,-6.0
2.98E-4,3.6E-5,-6.0
2.98E-4,3.7999999999999995E-5,-6.0
2.98E-4,3.9999999999999996E-5,-6.0
2.98E-4,4.2E-5,-6.0
2.98E-4,4.4E-5,-6.0
2.98E-4,4.6E-5,-6.0
2.98E-4,4.8E-5,-6.0
2.98E-4,4.9999999999999996E-5,-6.0
2.98E-4,5.2E-5,-6.0
2.98E-4,5.4E-5,-6.0
2.98E-4,5.6E-5,-6.0
2.98E-4,5.8E-5,-6.0
2.98E-4,5.9999999999999995E-5,-6.0
2.98E-4,6.2E-5,-6.0
2.98E-4,6.4E-5,-6.0
2.98E-4,6.599999999999999E-5,-6.0
2.98E-4,6.8E-5,-6.0
2.98E-4,7.0E-5,-6.0
2.98E-4,7.2E-5,-6.0
2.98E-4,7.4E-5,-6.0
2.98E-4,7.599999999999999E-5,-6.0
2.98E-4,7.8E-5,-6.0
2.98E-4,7.999999999999999E-5,-6.0
2.98E-4,8.2E-5,-6.0
2.98E-4,8.4E-5,-6.0
2.98E-4,8.599999999999999E-5,-6.0
2.98E-4,8.8E-5,-6.0
2.98E-4,8.999999999999999E-5,-6.0
2.98E-4,9.2E-5,-6.0
2.98E-4,9.4E-5,-6.0
2.98E-4,9.6E-5,-6.0
2.98E-4,9.8E-5,-6.0
2.98E-4,9.999999999999999E-5,-6.0
2.98E-4,1.02E-4,-6.0
2.98E-4,1.04E-4,-6.0
2.98E-4,1.06E-4,-6.0
2.98E-4,1.08E-4,-6.0
2.98E-4,1.0999999999999999E-4,-6.0
2.98E-4,1.12E-4,-6.0
2.98E-4,1.1399999999999999E-4,-6.0
2.98E-4,1.16E-4,-6.0
2.98E-4,1.18E-4,-6.0
2.98E-4,1.1999999999999999E-4,-6.0
2.98E-4,1.22E-4,-6.0
2.98E-4,1.24E-4,-6.0
2.98E-4,1.26E-4,-6.0
2.98E-4,1.28E-4,-6.0
2.98E-4,1.3E-4,-6.0
2.98E-4,1.3199999999999998E-4,-6.0
2.98E-4,1.34E-4,-6.0
2.98E-4,1.36E-4,-6.0
2.98E-4,1.38E-4,-6.0
2.98E-4,1.4E-4,-6.0
2.98E-4,1.4199999999999998E-4,-6.0
2.98E-4,1.44E-4,-6.0
2.98E-4,1.46E-4,-6.0
2.98E-4,1.48E-4,-6.0
2.98E-4,1.5E-4,-6.0
2.98E-4,1.5199999999999998E-4,-6.0
2.98E-4,1.54E-4,-6.0
2.98E-4,1.56E-4,-6.0
2.98E-4,1.58E-4,-6.0
2.98E-4,1.5999999999999999E-4,-6.0
2.98E-4,1.6199999999999998E-4,-6.0
2.98E-4,1.64E-4,-6.0
2.98E-4,1.66E-4,-6.0
2.98E-4,1.68E-4,-6.0
2.98E-4,1.6999999999999999E-4,-6.0
2.98E-4,1.7199999999999998E-4,-6.0
2.98E-4,1.74E-4,-6.0
2.98E-4,1.76E-4,-6.0
2.98E-4,1.78E-4,-6.0